scenario,replicate,family,mask,cardinality,reference_value,planning_value
moderate,0,operational,0,0,0.0,0.0
moderate,0,operational,1,1,1.297211539583075,1.3002949544733524
moderate,0,operational,2,1,1.2795120233827544,1.283078991951037
moderate,0,operational,3,2,1.6558083213117945,1.6554545983913154
moderate,0,operational,4,1,1.1212364370294381e-11,1.1212364370294381e-11
moderate,0,operational,5,2,1.2972114636332557,1.3002948800178689
moderate,0,operational,6,2,1.371593743124659,1.37174461891113
moderate,0,operational,7,3,1.6558075891316237,1.655453881215351
moderate,0,operational,8,1,-8.520739669393151e-12,-8.520739669393151e-12
moderate,0,operational,9,2,1.2972115480826116,1.3002949628187248
moderate,0,operational,10,2,1.279512021343828,1.2830789899501034
moderate,0,operational,11,3,1.6558083171890772,1.6554545943859602
moderate,0,operational,12,2,-5.953593174012894e-11,-5.953593174012894e-11
moderate,0,operational,13,3,1.2972114537948198,1.3002948703965167
moderate,0,operational,14,3,1.3715978224771748,1.3717487265129034
moderate,0,operational,15,4,1.6558084883872914,1.655454759927006
moderate,0,operational,16,1,0.8454074196950216,0.8454074196950216
moderate,0,operational,17,2,1.2361345573090463,1.2468321202514554
moderate,0,operational,18,2,1.2579244531803062,1.2638650565008005
moderate,0,operational,19,3,1.4094954503971584,1.424761513684615
moderate,0,operational,20,2,0.8020284455998787,0.8020284455998787
moderate,0,operational,21,3,1.272858403922049,1.2859264441905753
moderate,0,operational,22,3,1.161698790648468,1.1654063120030433
moderate,0,operational,23,4,1.40059375545875,1.413169158595894
moderate,0,operational,24,2,0.8957281936016912,0.8957281936016912
moderate,0,operational,25,3,1.2564295992485537,1.266681377491365
moderate,0,operational,26,3,1.2849772022101877,1.2910245121458792
moderate,0,operational,27,4,1.4266067904672526,1.4398284553749412
moderate,0,operational,28,3,0.8018645351400409,0.8018645351400409
moderate,0,operational,29,4,1.2727434681159036,1.285811622822672
moderate,0,operational,30,4,1.1615940710283632,1.1653042220971153
moderate,0,operational,31,5,1.400511761424362,1.413095845465842
moderate,0,operational,32,1,0.09639352011969349,0.09786272138358498
moderate,0,operational,33,2,1.2972115368275547,1.3002949517721585
moderate,0,operational,34,2,1.2795119797949637,1.2830789491755112
moderate,0,operational,35,3,1.6558080300299145,1.6554543146759273
moderate,0,operational,36,2,0.09639352011766622,0.09786272138117491
moderate,0,operational,37,3,1.2972114537983885,1.300294870399815
moderate,0,operational,38,3,1.3715925312835888,1.3717433986858087
moderate,0,operational,39,4,1.6558084191908775,1.6554546927905829
moderate,0,operational,40,2,0.09639352012115676,0.09786272138506869
moderate,0,operational,41,3,1.2972115397112205,1.3002949545811666
moderate,0,operational,42,3,1.2795119797659074,1.2830789491469434
moderate,0,operational,43,4,1.6558084386932839,1.655454710813126
moderate,0,operational,44,3,0.09639352011985691,0.0978627213834189
moderate,0,operational,45,4,1.2972114938254848,1.3002949094545335
moderate,0,operational,46,4,1.3715943423233066,1.3717452222577453
moderate,0,operational,47,5,1.6558084213357103,1.6554546952826708
moderate,0,operational,48,2,1.0486804853792888,1.0486804853792888
moderate,0,operational,49,3,1.3225006385510993,1.3322182598843697
moderate,0,operational,50,3,1.360051389903687,1.3644338900195403
moderate,0,operational,51,4,1.4858746808788528,1.4932748647197864
moderate,0,operational,52,3,0.9157776617047189,0.9157776617047189
moderate,0,operational,53,4,1.311192799255648,1.3239012167165654
moderate,0,operational,54,4,1.2226848019274184,1.2250695047761004
moderate,0,operational,55,5,1.4285147800165752,1.439465056687843
moderate,0,operational,56,3,1.0548817907890191,1.0548817907890191
moderate,0,operational,57,4,1.3238415071284124,1.3335678670304891
moderate,0,operational,58,4,1.3638910563211426,1.3680533649200037
moderate,0,operational,59,5,1.4876036897040579,1.4949103533282635
moderate,0,operational,60,4,0.9158337360095752,0.9158337360095752
moderate,0,operational,61,5,1.3112261154826652,1.3239343621304305
moderate,0,operational,62,5,1.222486442328604,1.2248746400760164
moderate,0,operational,63,6,1.4285645302330314,1.4395124744921182
moderate,0,retained_certificates,0,0,0.0,0.0
moderate,0,retained_certificates,1,1,0.8028799024114357,0.8029614806116978
moderate,0,retained_certificates,2,1,1.0039208637828247,1.0039084535370382
moderate,0,retained_certificates,3,2,1.3168962136393785,1.3395050018771237
moderate,0,retained_certificates,4,1,0.0,0.0
moderate,0,retained_certificates,5,2,0.8028799024114357,0.8029614806116978
moderate,0,retained_certificates,6,2,1.0039208637828247,1.0039084535370382
moderate,0,retained_certificates,7,3,1.3168962136393785,1.3395050018771237
moderate,0,retained_certificates,8,1,0.0,0.0
moderate,0,retained_certificates,9,2,0.8028799024114357,0.8029614806116978
moderate,0,retained_certificates,10,2,1.0039208637828247,1.0039084535370382
moderate,0,retained_certificates,11,3,1.3168962136393785,1.3395050018771237
moderate,0,retained_certificates,12,2,0.0,0.0
moderate,0,retained_certificates,13,3,0.8028799024114357,0.8029614806116978
moderate,0,retained_certificates,14,3,1.0039208637828247,1.0039084535370382
moderate,0,retained_certificates,15,4,1.3168962136393785,1.3395050018771237
moderate,0,retained_certificates,16,1,0.005169131895541579,0.0038422377855567014
moderate,0,retained_certificates,17,2,0.8028799024114357,0.8029614806116978
moderate,0,retained_certificates,18,2,1.004050915736995,1.0039084535370382
moderate,0,retained_certificates,19,3,1.3168962136393785,1.3395050018771237
moderate,0,retained_certificates,20,2,0.005169131895541579,0.0038422377855567014
moderate,0,retained_certificates,21,3,0.8028799024114357,0.8029614806116978
moderate,0,retained_certificates,22,3,1.004050915736995,1.0039084535370382
moderate,0,retained_certificates,23,4,1.3168962136393785,1.3395050018771237
moderate,0,retained_certificates,24,2,0.005169131895541579,0.0038422377855567014
moderate,0,retained_certificates,25,3,0.8028799024114357,0.8029614806116978
moderate,0,retained_certificates,26,3,1.004050915736995,1.0039084535370382
moderate,0,retained_certificates,27,4,1.3168962136393785,1.3395050018771237
moderate,0,retained_certificates,28,3,0.005169131895541579,0.0038422377855567014
moderate,0,retained_certificates,29,4,0.8028799024114357,0.8029614806116978
moderate,0,retained_certificates,30,4,1.004050915736995,1.0039084535370382
moderate,0,retained_certificates,31,5,1.3168962136393785,1.3395050018771237
moderate,0,retained_certificates,32,1,0.0897361552303848,0.09121127756517122
moderate,0,retained_certificates,33,2,0.8173082176490509,0.8250752714816554
moderate,0,retained_certificates,34,2,1.0039208637828247,1.0039084535370382
moderate,0,retained_certificates,35,3,1.3168962136393785,1.3395050018771237
moderate,0,retained_certificates,36,2,0.0897361552303848,0.09121127756517122
moderate,0,retained_certificates,37,3,0.8173082176490509,0.8250752714816554
moderate,0,retained_certificates,38,3,1.0039208637828247,1.0039084535370382
moderate,0,retained_certificates,39,4,1.3168962136393785,1.3395050018771237
moderate,0,retained_certificates,40,2,0.0897361552303848,0.09121127756517122
moderate,0,retained_certificates,41,3,0.8173082176490509,0.8250752714816554
moderate,0,retained_certificates,42,3,1.0039208637828247,1.0039084535370382
moderate,0,retained_certificates,43,4,1.3168962136393785,1.3395050018771237
moderate,0,retained_certificates,44,3,0.0897361552303848,0.09121127756517122
moderate,0,retained_certificates,45,4,0.8173082176490509,0.8250752714816554
moderate,0,retained_certificates,46,4,1.0039208637828247,1.0039084535370382
moderate,0,retained_certificates,47,5,1.3168962136393785,1.3395050018771237
moderate,0,retained_certificates,48,2,0.09490528712592639,0.09505351535072704
moderate,0,retained_certificates,49,3,0.8173082176490509,0.8250752714816554
moderate,0,retained_certificates,50,3,1.004050915736995,1.0039084535370382
moderate,0,retained_certificates,51,4,1.3168962136393785,1.3395050018771237
moderate,0,retained_certificates,52,3,0.09490528712592639,0.09505351535072704
moderate,0,retained_certificates,53,4,0.8173082176490509,0.8250752714816554
moderate,0,retained_certificates,54,4,1.004050915736995,1.0039084535370382
moderate,0,retained_certificates,55,5,1.3168962136393785,1.3395050018771237
moderate,0,retained_certificates,56,3,0.09490528712592639,0.09505351535072704
moderate,0,retained_certificates,57,4,0.8173082176490509,0.8250752714816554
moderate,0,retained_certificates,58,4,1.004050915736995,1.0039084535370382
moderate,0,retained_certificates,59,5,1.3168962136393785,1.3395050018771237
moderate,0,retained_certificates,60,4,0.09490528712592639,0.09505351535072704
moderate,0,retained_certificates,61,5,0.8173082176490509,0.8250752714816554
moderate,0,retained_certificates,62,5,1.004050915736995,1.0039084535370382
moderate,0,retained_certificates,63,6,1.3168962136393785,1.3395050018771237
moderate,1,operational,0,0,0.0,0.0
moderate,1,operational,1,1,0.07322612918977445,0.07250571975164677
moderate,1,operational,2,1,0.2689467526165916,0.26963994856596063
moderate,1,operational,3,2,0.22854189879057074,0.2286021363303785
moderate,1,operational,4,1,-0.13799935831656196,-0.13799935831656196
moderate,1,operational,5,2,0.01508616371874405,0.013159165410106421
moderate,1,operational,6,2,0.07804461776868177,0.07963057591602052
moderate,1,operational,7,3,0.17053506272169683,0.17038185447280796
moderate,1,operational,8,1,0.0695243921909281,0.0695243921909281
moderate,1,operational,9,2,0.14184455192778422,0.1417933007734402
moderate,1,operational,10,2,0.2949880098304116,0.29663064409311746
moderate,1,operational,11,3,0.29048410091600463,0.28998742642163977
moderate,1,operational,12,2,-0.10257573695797273,-0.10257573695797273
moderate,1,operational,13,3,0.023819954124521203,0.02299060547747489
moderate,1,operational,14,3,0.09726309929337829,0.09831193190146426
moderate,1,operational,15,4,0.17775386200884213,0.17801639480134313
moderate,1,operational,16,1,-0.20911472208103277,-0.2088617392652008
moderate,1,operational,17,2,0.011139805384341006,0.009328902877398182
moderate,1,operational,18,2,-0.061397823557361786,-0.06173033692111396
moderate,1,operational,19,3,0.10723705497630887,0.10447280689512839
moderate,1,operational,20,2,-0.11911701538999253,-0.11988114904130454
moderate,1,operational,21,3,0.035473463992766074,0.03283485781645901
moderate,1,operational,22,3,-0.03399502780588959,-0.03428267957838704
moderate,1,operational,23,4,0.10887624704336663,0.10670233946994268
moderate,1,operational,24,2,-0.12256412090445146,-0.12256496464325917
moderate,1,operational,25,3,0.0372993382137814,0.03532048702519308
moderate,1,operational,26,3,0.05350991201797495,0.05270355773565072
moderate,1,operational,27,4,0.15685051224833924,0.15406710386536515
moderate,1,operational,28,3,-0.1338498528558394,-0.13285333244743391
moderate,1,operational,29,4,0.021046716620992,0.019776606258416596
moderate,1,operational,30,4,-0.037483832689768626,-0.035441758940378154
moderate,1,operational,31,5,0.10586285914894678,0.10404371365131526
moderate,1,operational,32,1,0.13981876387456893,0.13981876387456893
moderate,1,operational,33,2,0.07322614209198486,0.07250573272715588
moderate,1,operational,34,2,0.31068936454214713,0.31132454689554256
moderate,1,operational,35,3,0.22854190359021143,0.22860214116583677
moderate,1,operational,36,2,-0.13799935884761982,-0.13799935884761982
moderate,1,operational,37,3,0.015086162861227326,0.013159164368492071
moderate,1,operational,38,3,0.0780441668961549,0.07963012468661645
moderate,1,operational,39,4,0.17053605590467313,0.17038285668009
moderate,1,operational,40,2,0.1152556743989459,0.11525567439894635
moderate,1,operational,41,3,0.14184458321929494,0.1417933322259195
moderate,1,operational,42,3,0.29933288262242974,0.3007299472180973
moderate,1,operational,43,4,0.29048412484981423,0.2899874512246492
moderate,1,operational,44,3,-0.10257587443968408,-0.10257587443968408
moderate,1,operational,45,4,0.023820025227868413,0.02299067872906102
moderate,1,operational,46,4,0.09726307692021585,0.09831190793491906
moderate,1,operational,47,5,0.17775428205898613,0.17801680438343492
moderate,1,operational,48,2,-0.0886949677373865,-0.0887710885440427
moderate,1,operational,49,3,0.10887117127770951,0.10590286333735488
moderate,1,operational,50,3,0.06116534603665791,0.06015310481894964
moderate,1,operational,51,4,0.19675603858562818,0.19290596432395368
moderate,1,operational,52,3,-0.04316855711285417,-0.043748983750344195
moderate,1,operational,53,4,0.1019707087310402,0.09953157520838118
moderate,1,operational,54,4,0.018095073211704893,0.01820872266545015
moderate,1,operational,55,5,0.1623550414912147,0.1588892175078933
moderate,1,operational,56,3,-0.0014488534476240211,-0.0014488534476240211
moderate,1,operational,57,4,0.10258976261557473,0.09954859229709179
moderate,1,operational,58,4,0.12787960139288046,0.12598802047543645
moderate,1,operational,59,5,0.20335387252170634,0.20146523229779945
moderate,1,operational,60,4,-0.07901530129662948,-0.07814525307313192
moderate,1,operational,61,5,0.06719811611366833,0.06537524648452475
moderate,1,operational,62,5,0.014534701646340409,0.015155577818513066
moderate,1,operational,63,6,0.1406652721194761,0.13851884897916955
moderate,1,retained_certificates,0,0,0.0,0.0
moderate,1,retained_certificates,1,1,0.003840889585177365,0.0029462408323208678
moderate,1,retained_certificates,2,1,0.09130945630283716,0.09544720445552635
moderate,1,retained_certificates,3,2,0.09515034588801452,0.09839344528784721
moderate,1,retained_certificates,4,1,0.0,0.0
moderate,1,retained_certificates,5,2,0.003840889585177365,0.0029462408323208678
moderate,1,retained_certificates,6,2,0.09130945630283716,0.09544720445552635
moderate,1,retained_certificates,7,3,0.09515034588801452,0.09839344528784721
moderate,1,retained_certificates,8,1,0.0,0.0
moderate,1,retained_certificates,9,2,0.003840889585177365,0.0029462408323208678
moderate,1,retained_certificates,10,2,0.09130945630283716,0.09544720445552635
moderate,1,retained_certificates,11,3,0.09515034588801452,0.09839344528784721
moderate,1,retained_certificates,12,2,0.0,0.0
moderate,1,retained_certificates,13,3,0.003840889585177365,0.0029462408323208678
moderate,1,retained_certificates,14,3,0.09130945630283716,0.09544720445552635
moderate,1,retained_certificates,15,4,0.09515034588801452,0.09839344528784721
moderate,1,retained_certificates,16,1,0.0,0.0
moderate,1,retained_certificates,17,2,0.003840889585177365,0.0029462408323208678
moderate,1,retained_certificates,18,2,0.09130945630283716,0.09544720445552635
moderate,1,retained_certificates,19,3,0.09515034588801452,0.09839344528784721
moderate,1,retained_certificates,20,2,0.0,0.0
moderate,1,retained_certificates,21,3,0.003840889585177365,0.0029462408323208678
moderate,1,retained_certificates,22,3,0.09130945630283716,0.09544720445552635
moderate,1,retained_certificates,23,4,0.09515034588801452,0.09839344528784721
moderate,1,retained_certificates,24,2,0.0,0.0
moderate,1,retained_certificates,25,3,0.003840889585177365,0.0029462408323208678
moderate,1,retained_certificates,26,3,0.09130945630283716,0.09544720445552635
moderate,1,retained_certificates,27,4,0.09515034588801452,0.09839344528784721
moderate,1,retained_certificates,28,3,0.0,0.0
moderate,1,retained_certificates,29,4,0.003840889585177365,0.0029462408323208678
moderate,1,retained_certificates,30,4,0.09130945630283716,0.09544720445552635
moderate,1,retained_certificates,31,5,0.09515034588801452,0.09839344528784721
moderate,1,retained_certificates,32,1,0.0,0.0
moderate,1,retained_certificates,33,2,0.003840889585177365,0.0029462408323208678
moderate,1,retained_certificates,34,2,0.09130945630283716,0.09544720445552635
moderate,1,retained_certificates,35,3,0.09515034588801452,0.09839344528784721
moderate,1,retained_certificates,36,2,0.0,0.0
moderate,1,retained_certificates,37,3,0.003840889585177365,0.0029462408323208678
moderate,1,retained_certificates,38,3,0.09130945630283716,0.09544720445552635
moderate,1,retained_certificates,39,4,0.09515034588801452,0.09839344528784721
moderate,1,retained_certificates,40,2,0.0,0.0
moderate,1,retained_certificates,41,3,0.003840889585177365,0.0029462408323208678
moderate,1,retained_certificates,42,3,0.09130945630283716,0.09544720445552635
moderate,1,retained_certificates,43,4,0.09515034588801452,0.09839344528784721
moderate,1,retained_certificates,44,3,0.0,0.0
moderate,1,retained_certificates,45,4,0.003840889585177365,0.0029462408323208678
moderate,1,retained_certificates,46,4,0.09130945630283716,0.09544720445552635
moderate,1,retained_certificates,47,5,0.09515034588801452,0.09839344528784721
moderate,1,retained_certificates,48,2,0.0,0.0
moderate,1,retained_certificates,49,3,0.003840889585177365,0.0029462408323208678
moderate,1,retained_certificates,50,3,0.09130945630283716,0.09544720445552635
moderate,1,retained_certificates,51,4,0.09515034588801452,0.09839344528784721
moderate,1,retained_certificates,52,3,0.0,0.0
moderate,1,retained_certificates,53,4,0.003840889585177365,0.0029462408323208678
moderate,1,retained_certificates,54,4,0.09130945630283716,0.09544720445552635
moderate,1,retained_certificates,55,5,0.09515034588801452,0.09839344528784721
moderate,1,retained_certificates,56,3,0.0,0.0
moderate,1,retained_certificates,57,4,0.003840889585177365,0.0029462408323208678
moderate,1,retained_certificates,58,4,0.09130945630283716,0.09544720445552635
moderate,1,retained_certificates,59,5,0.09515034588801452,0.09839344528784721
moderate,1,retained_certificates,60,4,0.0,0.0
moderate,1,retained_certificates,61,5,0.003840889585177365,0.0029462408323208678
moderate,1,retained_certificates,62,5,0.09130945630283716,0.09544720445552635
moderate,1,retained_certificates,63,6,0.09515034588801452,0.09839344528784721
moderate,2,operational,0,0,0.0,0.0
moderate,2,operational,1,1,2.3922242784617476,2.3922200944225
moderate,2,operational,2,1,2.1644538887118863,2.1633508690114946
moderate,2,operational,3,2,2.56677560987312,2.569374459639378
moderate,2,operational,4,1,0.42665141357759406,0.42665141357759406
moderate,2,operational,5,2,2.392224274539654,2.392220090505526
moderate,2,operational,6,2,2.217356598836899,2.217233645484156
moderate,2,operational,7,3,2.566776123303644,2.5693749550919103
moderate,2,operational,8,1,3.5424996269739495e-11,3.5424996269739495e-11
moderate,2,operational,9,2,2.3922243399309835,2.3922201558114926
moderate,2,operational,10,2,2.1644538887118037,2.163350869011413
moderate,2,operational,11,3,2.5667755598181885,2.5693744110789116
moderate,2,operational,12,2,0.42665141354798664,0.42665141354798664
moderate,2,operational,13,3,2.3922242737616077,2.3922200897284958
moderate,2,operational,14,3,2.217356598835305,2.2172336454824837
moderate,2,operational,15,4,2.566776028845295,2.5693748641061642
moderate,2,operational,16,1,2.2198831533695143,2.2198831533695143
moderate,2,operational,17,2,2.4862888882181187,2.4862961538226673
moderate,2,operational,18,2,2.48407537294577,2.4857669202235133
moderate,2,operational,19,3,2.6588226483057413,2.659626121098278
moderate,2,operational,20,2,2.1580664198815853,2.1580664198815853
moderate,2,operational,21,3,2.423309674146009,2.4220626040020363
moderate,2,operational,22,3,2.3930031088762513,2.3946369828079304
moderate,2,operational,23,4,2.571882810327733,2.573475923449039
moderate,2,operational,24,2,2.21988337537995,2.21988337537995
moderate,2,operational,25,3,2.4863216147612457,2.4863289725738635
moderate,2,operational,26,3,2.4840751250568385,2.4857666735439947
moderate,2,operational,27,4,2.658800425980825,2.65960407559214
moderate,2,operational,28,3,2.158061643286697,2.158061643286697
moderate,2,operational,29,4,2.423306860039776,2.4220597772315537
moderate,2,operational,30,4,2.393004333012006,2.394638214266416
moderate,2,operational,31,5,2.5718726547934114,2.573465778624474
moderate,2,operational,32,1,0.36816243814650473,0.3696331856661699
moderate,2,operational,33,2,2.3922242890510175,2.3922201049979464
moderate,2,operational,34,2,2.164453888711767,2.1633508690113765
moderate,2,operational,35,3,2.566775356782564,2.5693742062439586
moderate,2,operational,36,2,0.48304736366209067,0.4892749670318395
moderate,2,operational,37,3,2.3922242905987403,2.3922201065436486
moderate,2,operational,38,3,2.2173565988280197,2.217233645474833
moderate,2,operational,39,4,2.566776261448539,2.5693750910670032
moderate,2,operational,40,2,0.3681624381449202,0.369633185663095
moderate,2,operational,41,3,2.3922242917491507,2.3922201076927356
moderate,2,operational,42,3,2.1644538887117664,2.163350869011376
moderate,2,operational,43,4,2.5667761085251177,2.569374943067099
moderate,2,operational,44,3,0.48304736368161016,0.48927496705743945
moderate,2,operational,45,4,2.392224290534805,2.392220106479797
moderate,2,operational,46,4,2.21735659878611,2.2172336454308237
moderate,2,operational,47,5,2.5667759069402147,2.5693747448277238
moderate,2,operational,48,2,2.3309421738576326,2.3309421738576326
moderate,2,operational,49,3,2.5656169855847244,2.5657954333790842
moderate,2,operational,50,3,2.5564017638739944,2.557600512266963
moderate,2,operational,51,4,2.7176445090079153,2.717952070094068
moderate,2,operational,52,3,2.242337520594958,2.242337520594958
moderate,2,operational,53,4,2.480509668316521,2.47970038102512
moderate,2,operational,54,4,2.447760532854541,2.449320643156333
moderate,2,operational,55,5,2.6167325356108337,2.618088449075197
moderate,2,operational,56,3,2.330943273777139,2.330943273777139
moderate,2,operational,57,4,2.5655437752611787,2.5657221732754727
moderate,2,operational,58,4,2.5564016866926953,2.5576004346097596
moderate,2,operational,59,5,2.7178911539559905,2.718197329236219
moderate,2,operational,60,4,2.242338982788464,2.242338982788464
moderate,2,operational,61,5,2.4805011827501557,2.4796918443992197
moderate,2,operational,62,5,2.447771519308998,2.449331569215154
moderate,2,operational,63,6,2.6167190290617395,2.6180750480701835
moderate,2,retained_certificates,0,0,0.0,0.0
moderate,2,retained_certificates,1,1,1.822025978972932,1.822025978972932
moderate,2,retained_certificates,2,1,2.02378194375552,2.02378194375552
moderate,2,retained_certificates,3,2,2.2458898881482545,2.234002915205743
moderate,2,retained_certificates,4,1,0.0,0.0
moderate,2,retained_certificates,5,2,1.822025978972932,1.822025978972932
moderate,2,retained_certificates,6,2,2.02378194375552,2.02378194375552
moderate,2,retained_certificates,7,3,2.2458898881482545,2.234002915205743
moderate,2,retained_certificates,8,1,0.0,0.0
moderate,2,retained_certificates,9,2,1.822025978972932,1.822025978972932
moderate,2,retained_certificates,10,2,2.02378194375552,2.02378194375552
moderate,2,retained_certificates,11,3,2.2458898881482545,2.234002915205743
moderate,2,retained_certificates,12,2,0.0,0.0
moderate,2,retained_certificates,13,3,1.822025978972932,1.822025978972932
moderate,2,retained_certificates,14,3,2.02378194375552,2.02378194375552
moderate,2,retained_certificates,15,4,2.2458898881482545,2.234002915205743
moderate,2,retained_certificates,16,1,0.32269891888298563,0.32547701553823494
moderate,2,retained_certificates,17,2,1.822025978972932,1.822025978972932
moderate,2,retained_certificates,18,2,2.02378194375552,2.02378194375552
moderate,2,retained_certificates,19,3,2.2458898881482545,2.234002915205743
moderate,2,retained_certificates,20,2,0.32269891888298563,0.32547701553823494
moderate,2,retained_certificates,21,3,1.822025978972932,1.822025978972932
moderate,2,retained_certificates,22,3,2.02378194375552,2.02378194375552
moderate,2,retained_certificates,23,4,2.2458898881482545,2.234002915205743
moderate,2,retained_certificates,24,2,0.32269891888298563,0.32547701553823494
moderate,2,retained_certificates,25,3,1.822025978972932,1.822025978972932
moderate,2,retained_certificates,26,3,2.02378194375552,2.02378194375552
moderate,2,retained_certificates,27,4,2.2458898881482545,2.234002915205743
moderate,2,retained_certificates,28,3,0.32269891888298563,0.32547701553823494
moderate,2,retained_certificates,29,4,1.822025978972932,1.822025978972932
moderate,2,retained_certificates,30,4,2.02378194375552,2.02378194375552
moderate,2,retained_certificates,31,5,2.2458898881482545,2.234002915205743
moderate,2,retained_certificates,32,1,0.3587881815788361,0.36053727782060463
moderate,2,retained_certificates,33,2,1.8220519687577283,1.822025978972932
moderate,2,retained_certificates,34,2,2.02378194375552,2.02378194375552
moderate,2,retained_certificates,35,3,2.2458898881482545,2.234002915205743
moderate,2,retained_certificates,36,2,0.3587881815788361,0.36053727782060463
moderate,2,retained_certificates,37,3,1.8220519687577283,1.822025978972932
moderate,2,retained_certificates,38,3,2.02378194375552,2.02378194375552
moderate,2,retained_certificates,39,4,2.2458898881482545,2.234002915205743
moderate,2,retained_certificates,40,2,0.3587881815788361,0.36053727782060463
moderate,2,retained_certificates,41,3,1.8220519687577283,1.822025978972932
moderate,2,retained_certificates,42,3,2.02378194375552,2.02378194375552
moderate,2,retained_certificates,43,4,2.2458898881482545,2.234002915205743
moderate,2,retained_certificates,44,3,0.3587881815788361,0.36053727782060463
moderate,2,retained_certificates,45,4,1.8220519687577283,1.822025978972932
moderate,2,retained_certificates,46,4,2.02378194375552,2.02378194375552
moderate,2,retained_certificates,47,5,2.2458898881482545,2.234002915205743
moderate,2,retained_certificates,48,2,0.46828497934303304,0.47704926543089865
moderate,2,retained_certificates,49,3,1.8220519687577283,1.822025978972932
moderate,2,retained_certificates,50,3,2.02378194375552,2.02378194375552
moderate,2,retained_certificates,51,4,2.2458898881482545,2.234002915205743
moderate,2,retained_certificates,52,3,0.46828497934303304,0.47704926543089865
moderate,2,retained_certificates,53,4,1.8220519687577283,1.822025978972932
moderate,2,retained_certificates,54,4,2.02378194375552,2.02378194375552
moderate,2,retained_certificates,55,5,2.2458898881482545,2.234002915205743
moderate,2,retained_certificates,56,3,0.46828497934303304,0.47704926543089865
moderate,2,retained_certificates,57,4,1.8220519687577283,1.822025978972932
moderate,2,retained_certificates,58,4,2.02378194375552,2.02378194375552
moderate,2,retained_certificates,59,5,2.2458898881482545,2.234002915205743
moderate,2,retained_certificates,60,4,0.46828497934303304,0.47704926543089865
moderate,2,retained_certificates,61,5,1.8220519687577283,1.822025978972932
moderate,2,retained_certificates,62,5,2.02378194375552,2.02378194375552
moderate,2,retained_certificates,63,6,2.2458898881482545,2.234002915205743
moderate,3,operational,0,0,0.0,0.0
moderate,3,operational,1,1,1.3626247950780068,1.3638687868234154
moderate,3,operational,2,1,1.2335955048950735,1.2335955048950735
moderate,3,operational,3,2,1.8524753512307677,1.8530649247911128
moderate,3,operational,4,1,-0.09782416514301495,-0.09824991451759324
moderate,3,operational,5,2,1.36262381788241,1.363867815116203
moderate,3,operational,6,2,1.327255890225226,1.325502542933081
moderate,3,operational,7,3,1.8524753512252943,1.853064924785528
moderate,3,operational,8,1,8.378719940083101e-11,8.378719940083101e-11
moderate,3,operational,9,2,1.3626232957757893,1.3638672959724079
moderate,3,operational,10,2,1.2335955048950735,1.2335955048950735
moderate,3,operational,11,3,1.8524753512274437,1.853064924787721
moderate,3,operational,12,2,-0.09782416493420065,-0.09824991435240449
moderate,3,operational,13,3,1.3626222904218936,1.363866218562472
moderate,3,operational,14,3,1.3272558902001457,1.3255025429083713
moderate,3,operational,15,4,1.8524753512245518,1.8530649247847708
moderate,3,operational,16,1,1.2940472747498322,1.2940472747498322
moderate,3,operational,17,2,1.6567148287093336,1.6597495364073538
moderate,3,operational,18,2,1.5458240524085598,1.5472846965270883
moderate,3,operational,19,3,1.807818666576634,1.8098040278087266
moderate,3,operational,20,2,1.377332142064168,1.377332142064168
moderate,3,operational,21,3,1.660289836234179,1.663851440086022
moderate,3,operational,22,3,1.5962180623512108,1.5956036132964355
moderate,3,operational,23,4,1.8008481253883288,1.8026524936969297
moderate,3,operational,24,2,1.2942773675546193,1.2942773675546193
moderate,3,operational,25,3,1.6900686402891947,1.693248878958931
moderate,3,operational,26,3,1.545824125412488,1.547284772926182
moderate,3,operational,27,4,1.8367933614461984,1.8386637224952738
moderate,3,operational,28,3,1.3791388457137526,1.3791388457137526
moderate,3,operational,29,4,1.6701174600294664,1.6731523319163428
moderate,3,operational,30,4,1.5974616503710677,1.5968043947237183
moderate,3,operational,31,5,1.8150561320301533,1.8168809277599833
moderate,3,operational,32,1,0.002149662939441299,0.002936888836948981
moderate,3,operational,33,2,1.3626145556291975,1.363858605258863
moderate,3,operational,34,2,1.2335955048950735,1.2335955048950735
moderate,3,operational,35,3,1.852475351226945,1.8530649247872129
moderate,3,operational,36,2,-0.08393443761247266,-0.08037247866272157
moderate,3,operational,37,3,1.3626163456969742,1.3638603852673015
moderate,3,operational,38,3,1.32725589030801,1.3255025430146423
moderate,3,operational,39,4,1.85247535123057,1.8530649247909112
moderate,3,operational,40,2,0.002149662934770369,0.0029368888323064724
moderate,3,operational,41,3,1.3626230941494,1.3638670951195717
moderate,3,operational,42,3,1.2335955048950735,1.2335955048950735
moderate,3,operational,43,4,1.8524753512250465,1.8530649247852753
moderate,3,operational,44,3,-0.08393442854547484,-0.08037247252014446
moderate,3,operational,45,4,1.362615338745563,1.3638593832522812
moderate,3,operational,46,4,1.327255890168062,1.3255025428764111
moderate,3,operational,47,5,1.852475351227885,1.853064924788172
moderate,3,operational,48,2,1.3967936167537718,1.3967936167537718
moderate,3,operational,49,3,1.709075975447936,1.7122763740310991
moderate,3,operational,50,3,1.6050057420975836,1.6068529105742924
moderate,3,operational,51,4,1.8439928624117985,1.8457793121523562
moderate,3,operational,52,3,1.4288095838930177,1.4288095838930177
moderate,3,operational,53,4,1.6864455195987165,1.6893531162941233
moderate,3,operational,54,4,1.6258829529531145,1.6248703658409553
moderate,3,operational,55,5,1.8189556919576875,1.8207520693535217
moderate,3,operational,56,3,1.3966422075699643,1.3966422075699643
moderate,3,operational,57,4,1.7360906912565852,1.7392583214044626
moderate,3,operational,58,4,1.6049087962657644,1.6067573378395155
moderate,3,operational,59,5,1.8676883611558903,1.8691749210622293
moderate,3,operational,60,4,1.4283014238018312,1.4283014238018312
moderate,3,operational,61,5,1.693855427407709,1.6967381995465747
moderate,3,operational,62,5,1.6252688642513826,1.6242480246965747
moderate,3,operational,63,6,1.8299679928286192,1.8318876845014107
moderate,3,retained_certificates,0,0,0.0,0.0
moderate,3,retained_certificates,1,1,1.029546002676561,1.0311066433836293
moderate,3,retained_certificates,2,1,1.230052258014271,1.230052258014271
moderate,3,retained_certificates,3,2,1.4700015696558166,1.4681204127404173
moderate,3,retained_certificates,4,1,0.0,0.0
moderate,3,retained_certificates,5,2,1.029546002676561,1.0311066433836293
moderate,3,retained_certificates,6,2,1.230052258014271,1.230052258014271
moderate,3,retained_certificates,7,3,1.4700015696558166,1.4681204127404173
moderate,3,retained_certificates,8,1,0.0,0.0
moderate,3,retained_certificates,9,2,1.029546002676561,1.0311066433836293
moderate,3,retained_certificates,10,2,1.230052258014271,1.230052258014271
moderate,3,retained_certificates,11,3,1.4700015696558166,1.4681204127404173
moderate,3,retained_certificates,12,2,0.0,0.0
moderate,3,retained_certificates,13,3,1.029546002676561,1.0311066433836293
moderate,3,retained_certificates,14,3,1.230052258014271,1.230052258014271
moderate,3,retained_certificates,15,4,1.4700015696558166,1.4681204127404173
moderate,3,retained_certificates,16,1,0.003233730575385785,0.003889645425322996
moderate,3,retained_certificates,17,2,1.029546002676561,1.0311066433836293
moderate,3,retained_certificates,18,2,1.230052258014271,1.230052258014271
moderate,3,retained_certificates,19,3,1.4700015696558166,1.4681204127404173
moderate,3,retained_certificates,20,2,0.003233730575385785,0.003889645425322996
moderate,3,retained_certificates,21,3,1.029546002676561,1.0311066433836293
moderate,3,retained_certificates,22,3,1.230052258014271,1.230052258014271
moderate,3,retained_certificates,23,4,1.4700015696558166,1.4681204127404173
moderate,3,retained_certificates,24,2,0.003233730575385785,0.003889645425322996
moderate,3,retained_certificates,25,3,1.029546002676561,1.0311066433836293
moderate,3,retained_certificates,26,3,1.230052258014271,1.230052258014271
moderate,3,retained_certificates,27,4,1.4700015696558166,1.4681204127404173
moderate,3,retained_certificates,28,3,0.003233730575385785,0.003889645425322996
moderate,3,retained_certificates,29,4,1.029546002676561,1.0311066433836293
moderate,3,retained_certificates,30,4,1.230052258014271,1.230052258014271
moderate,3,retained_certificates,31,5,1.4700015696558166,1.4681204127404173
moderate,3,retained_certificates,32,1,0.0019908500118619443,0.002750490771007641
moderate,3,retained_certificates,33,2,1.0295851111433234,1.0311066433836293
moderate,3,retained_certificates,34,2,1.230052258014271,1.230052258014271
moderate,3,retained_certificates,35,3,1.4700015696558166,1.4681204127404173
moderate,3,retained_certificates,36,2,0.0019908500118619443,0.002750490771007641
moderate,3,retained_certificates,37,3,1.0295851111433234,1.0311066433836293
moderate,3,retained_certificates,38,3,1.230052258014271,1.230052258014271
moderate,3,retained_certificates,39,4,1.4700015696558166,1.4681204127404173
moderate,3,retained_certificates,40,2,0.0019908500118619443,0.002750490771007641
moderate,3,retained_certificates,41,3,1.0295851111433234,1.0311066433836293
moderate,3,retained_certificates,42,3,1.230052258014271,1.230052258014271
moderate,3,retained_certificates,43,4,1.4700015696558166,1.4681204127404173
moderate,3,retained_certificates,44,3,0.0019908500118619443,0.002750490771007641
moderate,3,retained_certificates,45,4,1.0295851111433234,1.0311066433836293
moderate,3,retained_certificates,46,4,1.230052258014271,1.230052258014271
moderate,3,retained_certificates,47,5,1.4700015696558166,1.4681204127404173
moderate,3,retained_certificates,48,2,0.005140884793624068,0.006640136196330637
moderate,3,retained_certificates,49,3,1.0295851111433234,1.0311066433836293
moderate,3,retained_certificates,50,3,1.230052258014271,1.230052258014271
moderate,3,retained_certificates,51,4,1.4700015696558166,1.4681204127404173
moderate,3,retained_certificates,52,3,0.005140884793624068,0.006640136196330637
moderate,3,retained_certificates,53,4,1.0295851111433234,1.0311066433836293
moderate,3,retained_certificates,54,4,1.230052258014271,1.230052258014271
moderate,3,retained_certificates,55,5,1.4700015696558166,1.4681204127404173
moderate,3,retained_certificates,56,3,0.005140884793624068,0.006640136196330637
moderate,3,retained_certificates,57,4,1.0295851111433234,1.0311066433836293
moderate,3,retained_certificates,58,4,1.230052258014271,1.230052258014271
moderate,3,retained_certificates,59,5,1.4700015696558166,1.4681204127404173
moderate,3,retained_certificates,60,4,0.005140884793624068,0.006640136196330637
moderate,3,retained_certificates,61,5,1.0295851111433234,1.0311066433836293
moderate,3,retained_certificates,62,5,1.230052258014271,1.230052258014271
moderate,3,retained_certificates,63,6,1.4700015696558166,1.4681204127404173
moderate,4,operational,0,0,0.0,0.0
moderate,4,operational,1,1,0.11948675262681885,0.12154955835705783
moderate,4,operational,2,1,0.32163465521065504,0.321638090582649
moderate,4,operational,3,2,0.39052739014522864,0.39035501974288245
moderate,4,operational,4,1,-0.011944172956273036,-0.011944172956273036
moderate,4,operational,5,2,0.11943853756341882,0.12150117992931087
moderate,4,operational,6,2,0.2855771710035522,0.2855139511840017
moderate,4,operational,7,3,0.3851151523758931,0.38504129081840155
moderate,4,operational,8,1,0.0239169119283984,0.0239169119283984
moderate,4,operational,9,2,0.13873759648311434,0.14082267532768977
moderate,4,operational,10,2,0.3359446124802714,0.3359394657355832
moderate,4,operational,11,3,0.40522060566947005,0.40494481636812196
moderate,4,operational,12,2,0.011237820079140981,0.011237820079140981
moderate,4,operational,13,3,0.13870152351655252,0.14078665375428923
moderate,4,operational,14,3,0.3029376470117606,0.3028932178060231
moderate,4,operational,15,4,0.39951543114829935,0.39934124239783575
moderate,4,operational,16,1,-0.03846483721788019,-0.03846483721788019
moderate,4,operational,17,2,0.09500174250413496,0.09801104573963659
moderate,4,operational,18,2,0.20795721332444872,0.2077574991833333
moderate,4,operational,19,3,0.27414518293218615,0.2772238367684441
moderate,4,operational,20,2,-0.0408439308732822,-0.0408439308732822
moderate,4,operational,21,3,0.09500120283843216,0.09801031549653239
moderate,4,operational,22,3,0.18632196946924928,0.18609822685767696
moderate,4,operational,23,4,0.27131384325681474,0.2744410439775802
moderate,4,operational,24,2,-0.012821000146130412,-0.012821000146130412
moderate,4,operational,25,3,0.11126537167272721,0.11529345763489296
moderate,4,operational,26,3,0.2255605230093698,0.22541025546943239
moderate,4,operational,27,4,0.2906231583395864,0.29362793873352544
moderate,4,operational,28,3,-0.017324263326135902,-0.017324263326135902
moderate,4,operational,29,4,0.11111838152447984,0.11513836601647309
moderate,4,operational,30,4,0.20509097499984907,0.2049207155080266
moderate,4,operational,31,5,0.2865796099467519,0.2896422164136663
moderate,4,operational,32,1,0.17821393395838392,0.17821393395838392
moderate,4,operational,33,2,0.2759889825984754,0.27675329571353835
moderate,4,operational,34,2,0.43170258103897696,0.4316069715078674
moderate,4,operational,35,3,0.49290573589799,0.4928287737669086
moderate,4,operational,36,2,0.16403771073126538,0.16403771073126538
moderate,4,operational,37,3,0.27601833279087407,0.27678247786194365
moderate,4,operational,38,3,0.39927037632518125,0.39916381397932676
moderate,4,operational,39,4,0.48829666468132604,0.4882110316212964
moderate,4,operational,40,2,0.1927407591130974,0.19274075911309785
moderate,4,operational,41,3,0.2876965096449937,0.28839836569112176
moderate,4,operational,42,3,0.44065735672164497,0.44054054843277424
moderate,4,operational,43,4,0.5024716282884851,0.5024026356556766
moderate,4,operational,44,3,0.17833128171273227,0.17833128171273227
moderate,4,operational,45,4,0.28761326871620785,0.28831578818239967
moderate,4,operational,46,4,0.4041300546665836,0.4039980172241382
moderate,4,operational,47,5,0.4974304034391146,0.49735353268887295
moderate,4,operational,48,2,0.12045036415844201,0.12045036415844201
moderate,4,operational,49,3,0.20826586137186753,0.21188650681767207
moderate,4,operational,50,3,0.31527881565431315,0.31518345669707504
moderate,4,operational,51,4,0.3724728196720699,0.37433506145682216
moderate,4,operational,52,3,0.11347276252531291,0.11347276252531291
moderate,4,operational,53,4,0.20825525822641566,0.21187606372991397
moderate,4,operational,54,4,0.29362440334849405,0.2935069599266775
moderate,4,operational,55,5,0.36728305657727,0.36933705165231867
moderate,4,operational,56,3,0.13661470824226996,0.13661470824226996
moderate,4,operational,57,4,0.2212659751418542,0.22483165269667627
moderate,4,operational,58,4,0.32664347512053293,0.32653182387083923
moderate,4,operational,59,5,0.38378283640893684,0.3855102509626569
moderate,4,operational,60,4,0.12868768918952833,0.12868768918952833
moderate,4,operational,61,5,0.22111535629480716,0.224680387409828
moderate,4,operational,62,5,0.3066723783351426,0.30654395744848184
moderate,4,operational,63,6,0.37792460921934,0.3798074397259348
moderate,4,retained_certificates,0,0,0.0,0.0
moderate,4,retained_certificates,1,1,0.01979224935098145,0.02228021759881038
moderate,4,retained_certificates,2,1,0.03200215775684345,0.03491138998935206
moderate,4,retained_certificates,3,2,0.051771243629562314,0.05719160758816333
moderate,4,retained_certificates,4,1,0.0,0.0
moderate,4,retained_certificates,5,2,0.01979224935098145,0.02228021759881038
moderate,4,retained_certificates,6,2,0.03200215775684345,0.03491138998935206
moderate,4,retained_certificates,7,3,0.051771243629562314,0.05719160758816333
moderate,4,retained_certificates,8,1,0.0,0.0
moderate,4,retained_certificates,9,2,0.01979224935098145,0.02228021759881038
moderate,4,retained_certificates,10,2,0.03200215775684345,0.03491138998935206
moderate,4,retained_certificates,11,3,0.051771243629562314,0.05719160758816333
moderate,4,retained_certificates,12,2,0.0,0.0
moderate,4,retained_certificates,13,3,0.01979224935098145,0.02228021759881038
moderate,4,retained_certificates,14,3,0.03200215775684345,0.03491138998935206
moderate,4,retained_certificates,15,4,0.051771243629562314,0.05719160758816333
moderate,4,retained_certificates,16,1,0.0,0.0
moderate,4,retained_certificates,17,2,0.01979224935098145,0.02228021759881038
moderate,4,retained_certificates,18,2,0.03200215775684345,0.03491138998935206
moderate,4,retained_certificates,19,3,0.051771243629562314,0.05719160758816333
moderate,4,retained_certificates,20,2,0.0,0.0
moderate,4,retained_certificates,21,3,0.01979224935098145,0.02228021759881038
moderate,4,retained_certificates,22,3,0.03200215775684345,0.03491138998935206
moderate,4,retained_certificates,23,4,0.051771243629562314,0.05719160758816333
moderate,4,retained_certificates,24,2,0.0,0.0
moderate,4,retained_certificates,25,3,0.01979224935098145,0.02228021759881038
moderate,4,retained_certificates,26,3,0.03200215775684345,0.03491138998935206
moderate,4,retained_certificates,27,4,0.051771243629562314,0.05719160758816333
moderate,4,retained_certificates,28,3,0.0,0.0
moderate,4,retained_certificates,29,4,0.01979224935098145,0.02228021759881038
moderate,4,retained_certificates,30,4,0.03200215775684345,0.03491138998935206
moderate,4,retained_certificates,31,5,0.051771243629562314,0.05719160758816333
moderate,4,retained_certificates,32,1,0.0,0.0
moderate,4,retained_certificates,33,2,0.01979224935098145,0.02228021759881038
moderate,4,retained_certificates,34,2,0.03200215775684345,0.03491138998935206
moderate,4,retained_certificates,35,3,0.051771243629562314,0.05719160758816333
moderate,4,retained_certificates,36,2,0.0,0.0
moderate,4,retained_certificates,37,3,0.01979224935098145,0.02228021759881038
moderate,4,retained_certificates,38,3,0.03200215775684345,0.03491138998935206
moderate,4,retained_certificates,39,4,0.051771243629562314,0.05719160758816333
moderate,4,retained_certificates,40,2,0.0,0.0
moderate,4,retained_certificates,41,3,0.01979224935098145,0.02228021759881038
moderate,4,retained_certificates,42,3,0.03200215775684345,0.03491138998935206
moderate,4,retained_certificates,43,4,0.051771243629562314,0.05719160758816333
moderate,4,retained_certificates,44,3,0.0,0.0
moderate,4,retained_certificates,45,4,0.01979224935098145,0.02228021759881038
moderate,4,retained_certificates,46,4,0.03200215775684345,0.03491138998935206
moderate,4,retained_certificates,47,5,0.051771243629562314,0.05719160758816333
moderate,4,retained_certificates,48,2,0.0,0.0
moderate,4,retained_certificates,49,3,0.01979224935098145,0.02228021759881038
moderate,4,retained_certificates,50,3,0.03200215775684345,0.03491138998935206
moderate,4,retained_certificates,51,4,0.051771243629562314,0.05719160758816333
moderate,4,retained_certificates,52,3,0.0,0.0
moderate,4,retained_certificates,53,4,0.01979224935098145,0.02228021759881038
moderate,4,retained_certificates,54,4,0.03200215775684345,0.03491138998935206
moderate,4,retained_certificates,55,5,0.051771243629562314,0.05719160758816333
moderate,4,retained_certificates,56,3,0.0,0.0
moderate,4,retained_certificates,57,4,0.01979224935098145,0.02228021759881038
moderate,4,retained_certificates,58,4,0.03200215775684345,0.03491138998935206
moderate,4,retained_certificates,59,5,0.051771243629562314,0.05719160758816333
moderate,4,retained_certificates,60,4,0.0,0.0
moderate,4,retained_certificates,61,5,0.01979224935098145,0.02228021759881038
moderate,4,retained_certificates,62,5,0.03200215775684345,0.03491138998935206
moderate,4,retained_certificates,63,6,0.051771243629562314,0.05719160758816333
moderate,5,operational,0,0,0.0,0.0
moderate,5,operational,1,1,2.4438598863505323,2.447709051496608
moderate,5,operational,2,1,2.4005293571725996,2.400268236105184
moderate,5,operational,3,2,2.8791814486544074,2.8857201377307162
moderate,5,operational,4,1,0.47041658196566694,0.4706478518115649
moderate,5,operational,5,2,2.443859886265633,2.447709051411496
moderate,5,operational,6,2,2.462615412498641,2.4641730944019615
moderate,5,operational,7,3,2.8791814490176306,2.885720138085426
moderate,5,operational,8,1,0.02962399770157642,0.032043283768656394
moderate,5,operational,9,2,2.443859886267771,2.44770905141364
moderate,5,operational,10,2,2.3993127099383518,2.399041701749094
moderate,5,operational,11,3,2.8791814490209315,2.8857201380885273
moderate,5,operational,12,2,0.4737741459525644,0.47358041174843457
moderate,5,operational,13,3,2.4438598863515884,2.447709051497667
moderate,5,operational,14,3,2.4626154124359503,2.46417309433964
moderate,5,operational,15,4,2.879181449169659,2.8857201382431246
moderate,5,operational,16,1,1.905199779301228,1.905199779301228
moderate,5,operational,17,2,2.6030675857539882,2.616520882863382
moderate,5,operational,18,2,2.449636173321734,2.446082410400682
moderate,5,operational,19,3,2.787402710860672,2.79666979092652
moderate,5,operational,20,2,2.056126561175882,2.056126561175882
moderate,5,operational,21,3,2.6370360631484333,2.6500907979098742
moderate,5,operational,22,3,2.472833916267585,2.4714145761450608
moderate,5,operational,23,4,2.8009803186531363,2.811254062470275
moderate,5,operational,24,2,2.026814220266161,2.026814220266161
moderate,5,operational,25,3,2.6297527943671164,2.643299833408877
moderate,5,operational,26,3,2.5157443500926546,2.5129043097834938
moderate,5,operational,27,4,2.8057678485314415,2.8163959667351297
moderate,5,operational,28,3,2.0561246718437065,2.0561246718437065
moderate,5,operational,29,4,2.6372132708633647,2.650267158296093
moderate,5,operational,30,4,2.4728699524767586,2.4714501166371416
moderate,5,operational,31,5,2.8010583857701237,2.8113339346195265
moderate,5,operational,32,1,0.6809956411013127,0.6809956411013127
moderate,5,operational,33,2,2.443859886363582,2.4477090515096904
moderate,5,operational,34,2,2.400529357181248,2.4002682361138303
moderate,5,operational,35,3,2.8791814479401854,2.8857201370187737
moderate,5,operational,36,2,0.7167128785419328,0.7231716269507809
moderate,5,operational,37,3,2.4438598862672984,2.4477090514131663
moderate,5,operational,38,3,2.462615412347734,2.4641730942529625
moderate,5,operational,39,4,2.8791814495636574,2.8857201386289595
moderate,5,operational,40,2,0.6812599965494055,0.6813013849614329
moderate,5,operational,41,3,2.443859886364319,2.44770905151043
moderate,5,operational,42,3,2.3993127100789895,2.3990417018897525
moderate,5,operational,43,4,2.8791813972590883,2.8857200890241703
moderate,5,operational,44,3,0.716880491975239,0.7231716269743602
moderate,5,operational,45,4,2.4438598862668783,2.447709051412745
moderate,5,operational,46,4,2.4626154128002122,2.464173094701855
moderate,5,operational,47,5,2.879181448839174,2.885720137916265
moderate,5,operational,48,2,2.1220048383117933,2.1220048383117933
moderate,5,operational,49,3,2.6911035826635756,2.7052472451204754
moderate,5,operational,50,3,2.5129972392322015,2.510268102090364
moderate,5,operational,51,4,2.8218549695048134,2.833396867297651
moderate,5,operational,52,3,2.1594528390661414,2.1594528390661414
moderate,5,operational,53,4,2.6691362528338898,2.6825918830581195
moderate,5,operational,54,4,2.5207821096331235,2.5191575356893723
moderate,5,operational,55,5,2.8159307010605223,2.8263398723202
moderate,5,operational,56,3,2.2078584812909816,2.2078584812909816
moderate,5,operational,57,4,2.6945567843548774,2.70871814295381
moderate,5,operational,58,4,2.5769081798651374,2.5736531686769277
moderate,5,operational,59,5,2.842204372738716,2.8550497099687338
moderate,5,operational,60,4,2.159439034933656,2.159439034933656
moderate,5,operational,61,5,2.6692853257663227,2.6827412929376377
moderate,5,operational,62,5,2.520831991458371,2.519208675874543
moderate,5,operational,63,6,2.8160753194419406,2.8264877272916187
moderate,5,retained_certificates,0,0,0.0,0.0
moderate,5,retained_certificates,1,1,2.13393965122137,2.13393965122137
moderate,5,retained_certificates,2,1,2.3356956160039575,2.335695616003958
moderate,5,retained_certificates,3,2,2.753841590320184,2.7632273149723536
moderate,5,retained_certificates,4,1,0.2221768665794066,0.23470395242384523
moderate,5,retained_certificates,5,2,2.13393965122137,2.13393965122137
moderate,5,retained_certificates,6,2,2.3356956160039575,2.335695616003958
moderate,5,retained_certificates,7,3,2.753841590320184,2.7632273149723536
moderate,5,retained_certificates,8,1,0.026972734072599813,0.029439427709942123
moderate,5,retained_certificates,9,2,2.13393965122137,2.13393965122137
moderate,5,retained_certificates,10,2,2.3356956160039575,2.335695616003958
moderate,5,retained_certificates,11,3,2.753841590320184,2.7632273149723536
moderate,5,retained_certificates,12,2,0.24914960065200642,0.26414338013378824
moderate,5,retained_certificates,13,3,2.13393965122137,2.13393965122137
moderate,5,retained_certificates,14,3,2.3356956160039575,2.335695616003958
moderate,5,retained_certificates,15,4,2.753841590320184,2.7632273149723536
moderate,5,retained_certificates,16,1,0.6185102746719293,0.618725890731679
moderate,5,retained_certificates,17,2,2.1340168773172983,2.1344658722758
moderate,5,retained_certificates,18,2,2.3356956160039575,2.335695616003958
moderate,5,retained_certificates,19,3,2.753841590320184,2.7632273149723536
moderate,5,retained_certificates,20,2,0.6303006799857185,0.6353327784923719
moderate,5,retained_certificates,21,3,2.1340168773172983,2.1344658722758
moderate,5,retained_certificates,22,3,2.3356956160039575,2.335695616003958
moderate,5,retained_certificates,23,4,2.753841590320184,2.7632273149723536
moderate,5,retained_certificates,24,2,0.6191605658958101,0.6202616752222241
moderate,5,retained_certificates,25,3,2.1340168773172983,2.1344658722758
moderate,5,retained_certificates,26,3,2.3356956160039575,2.335695616003958
moderate,5,retained_certificates,27,4,2.753841590320184,2.7632273149723536
moderate,5,retained_certificates,28,3,0.6309509712095993,0.6368685629829169
moderate,5,retained_certificates,29,4,2.1340168773172983,2.1344658722758
moderate,5,retained_certificates,30,4,2.3356956160039575,2.335695616003958
moderate,5,retained_certificates,31,5,2.753841590320184,2.7632273149723536
moderate,5,retained_certificates,32,1,0.6678370251439345,0.6678370251439345
moderate,5,retained_certificates,33,2,2.1346653244065807,2.1341149091044946
moderate,5,retained_certificates,34,2,2.3356956160039575,2.335695616003958
moderate,5,retained_certificates,35,3,2.753841590320184,2.7632273149723536
moderate,5,retained_certificates,36,2,0.6826511622196998,0.6856556890993577
moderate,5,retained_certificates,37,3,2.1346653244065807,2.1341149091044946
moderate,5,retained_certificates,38,3,2.3356956160039575,2.335695616003958
moderate,5,retained_certificates,39,4,2.753841590320184,2.7632273149723536
moderate,5,retained_certificates,40,2,0.6681013805920282,0.6681427690040547
moderate,5,retained_certificates,41,3,2.1346653244065807,2.1341149091044946
moderate,5,retained_certificates,42,3,2.3356956160039575,2.335695616003958
moderate,5,retained_certificates,43,4,2.753841590320184,2.7632273149723536
moderate,5,retained_certificates,44,3,0.6829155176677926,0.6859614329594779
moderate,5,retained_certificates,45,4,2.1346653244065807,2.1341149091044946
moderate,5,retained_certificates,46,4,2.3356956160039575,2.335695616003958
moderate,5,retained_certificates,47,5,2.753841590320184,2.7632273149723536
moderate,5,retained_certificates,48,2,0.7594868072518901,0.766283421100959
moderate,5,retained_certificates,49,3,2.1347378959058414,2.1346411301589248
moderate,5,retained_certificates,50,3,2.3356956160039575,2.335695616003958
moderate,5,retained_certificates,51,4,2.753841590320184,2.7632273149723536
moderate,5,retained_certificates,52,3,0.7635687108765135,0.7724935165039426
moderate,5,retained_certificates,53,4,2.1347378959058414,2.1346411301589248
moderate,5,retained_certificates,54,4,2.3356956160039575,2.335695616003958
moderate,5,retained_certificates,55,5,2.753841590320184,2.7632273149723536
moderate,5,retained_certificates,56,3,0.7595074048851513,0.766283421100959
moderate,5,retained_certificates,57,4,2.1347378959058414,2.1346411301589248
moderate,5,retained_certificates,58,4,2.3356956160039575,2.335695616003958
moderate,5,retained_certificates,59,5,2.753841590320184,2.7632273149723536
moderate,5,retained_certificates,60,4,0.7635893085097747,0.7724935165039426
moderate,5,retained_certificates,61,5,2.1347378959058414,2.1346411301589248
moderate,5,retained_certificates,62,5,2.3356956160039575,2.335695616003958
moderate,5,retained_certificates,63,6,2.753841590320184,2.7632273149723536
moderate,6,operational,0,0,0.0,0.0
moderate,6,operational,1,1,0.6114535055966877,0.6110470822496463
moderate,6,operational,2,1,0.4140214264213906,0.41784005973768235
moderate,6,operational,3,2,0.8178561744025976,0.8184172657360631
moderate,6,operational,4,1,0.10799758845512342,0.10799758845512342
moderate,6,operational,5,2,0.6842826815437459,0.6846477373006095
moderate,6,operational,6,2,0.355733531487751,0.36023128668969084
moderate,6,operational,7,3,0.8416308142752835,0.8414148049823695
moderate,6,operational,8,1,9.93471971355575e-12,9.93471971355575e-12
moderate,6,operational,9,2,0.6114520600957118,0.6110456729922675
moderate,6,operational,10,2,0.4140209553705092,0.4178395943271638
moderate,6,operational,11,3,0.8178560536513957,0.8184171438473711
moderate,6,operational,12,2,0.10799759757522898,0.10799759757522898
moderate,6,operational,13,3,0.6842826798067789,0.6846477350888258
moderate,6,operational,14,3,0.35574657936120824,0.3602440399174638
moderate,6,operational,15,4,0.841630968119714,0.8414149578829062
moderate,6,operational,16,1,0.3416664605377453,0.3416664605377453
moderate,6,operational,17,2,0.6747860897897646,0.6640474177470739
moderate,6,operational,18,2,0.5346012615743585,0.5353077724640607
moderate,6,operational,19,3,0.7577907302562372,0.7531643338595786
moderate,6,operational,20,2,0.4378994930253599,0.4378994930253599
moderate,6,operational,21,3,0.7320309654312109,0.7208563146838336
moderate,6,operational,22,3,0.6255608198825677,0.6258022478736298
moderate,6,operational,23,4,0.8056187757275461,0.799531035673434
moderate,6,operational,24,2,0.3668438080062395,0.3668438080062395
moderate,6,operational,25,3,0.6942903815687451,0.6839624119269261
moderate,6,operational,26,3,0.5456955622235626,0.5463576556163381
moderate,6,operational,27,4,0.7719570318022213,0.7680723955309103
moderate,6,operational,28,3,0.4656238547905782,0.4656238547905782
moderate,6,operational,29,4,0.7472722140448345,0.7361244021836035
moderate,6,operational,30,4,0.6451160827684839,0.6453236839379701
moderate,6,operational,31,5,0.8203413491155964,0.8150911248469224
moderate,6,operational,32,1,0.0028633892382941006,0.002821149697977532
moderate,6,operational,33,2,0.6205373782700456,0.6199402385097561
moderate,6,operational,34,2,0.4140208116607975,0.41783946269925254
moderate,6,operational,35,3,0.8178555439721591,0.8184166298378357
moderate,6,operational,36,2,0.10800543373047278,0.10799859548602742
moderate,6,operational,37,3,0.6842826737800762,0.6846477290345292
moderate,6,operational,38,3,0.355732032097579,0.36022981738429705
moderate,6,operational,39,4,0.8416309212815256,0.8414149113402662
moderate,6,operational,40,2,0.00286338927217189,0.0028211497318801904
moderate,6,operational,41,3,0.6205306809652473,0.6199336427937951
moderate,6,operational,42,3,0.4140205443429674,0.417839191895895
moderate,6,operational,43,4,0.8178516422187738,0.8184126924688733
moderate,6,operational,44,3,0.10800387159858316,0.10799703204301103
moderate,6,operational,45,4,0.6842826607345063,0.6846477140692246
moderate,6,operational,46,4,0.3557417305033028,0.36023929838989943
moderate,6,operational,47,5,0.8416309427537967,0.8414149326771301
moderate,6,operational,48,2,0.4386999469910884,0.4386999469910884
moderate,6,operational,49,3,0.7300517871862415,0.7210976230280779
moderate,6,operational,50,3,0.5981089760347467,0.5981530653424234
moderate,6,operational,51,4,0.8067394076369871,0.8039900480538757
moderate,6,operational,52,3,0.5420240532917808,0.5420240532917808
moderate,6,operational,53,4,0.779983741171077,0.7697534539514965
moderate,6,operational,54,4,0.6926100609198813,0.6926317931936401
moderate,6,operational,55,5,0.856419765856884,0.8535882635229646
moderate,6,operational,56,3,0.44757349165874905,0.44757349165874905
moderate,6,operational,57,4,0.7401868727128522,0.7317902457347252
moderate,6,operational,58,4,0.5995138897552592,0.5995484711976853
moderate,6,operational,59,5,0.8128896525941074,0.8102659088629847
moderate,6,operational,60,4,0.5574644645085391,0.5574644645085391
moderate,6,operational,61,5,0.7903223902986332,0.7804460752654871
moderate,6,operational,62,5,0.6989367651566147,0.6989466595000349
moderate,6,operational,63,6,0.8656732400389457,0.8633076892337863
moderate,6,retained_certificates,0,0,0.0,0.0
moderate,6,retained_certificates,1,1,0.19387298706522182,0.1856005212095857
moderate,6,retained_certificates,2,1,0.3642727183642207,0.3687234319019348
moderate,6,retained_certificates,3,2,0.541814733583518,0.5371239985018832
moderate,6,retained_certificates,4,1,0.0,0.0
moderate,6,retained_certificates,5,2,0.19387298706522182,0.1856005212095857
moderate,6,retained_certificates,6,2,0.3642727183642207,0.3687234319019348
moderate,6,retained_certificates,7,3,0.541814733583518,0.5371239985018832
moderate,6,retained_certificates,8,1,0.0,0.0
moderate,6,retained_certificates,9,2,0.19387298706522182,0.1856005212095857
moderate,6,retained_certificates,10,2,0.3642727183642207,0.3687234319019348
moderate,6,retained_certificates,11,3,0.541814733583518,0.5371239985018832
moderate,6,retained_certificates,12,2,0.0,0.0
moderate,6,retained_certificates,13,3,0.19387298706522182,0.1856005212095857
moderate,6,retained_certificates,14,3,0.3642727183642207,0.3687234319019348
moderate,6,retained_certificates,15,4,0.541814733583518,0.5371239985018832
moderate,6,retained_certificates,16,1,0.0,0.0
moderate,6,retained_certificates,17,2,0.19387298706522182,0.1856005212095857
moderate,6,retained_certificates,18,2,0.3642727183642207,0.3687234319019348
moderate,6,retained_certificates,19,3,0.541814733583518,0.5371239985018832
moderate,6,retained_certificates,20,2,0.0,0.0
moderate,6,retained_certificates,21,3,0.19387298706522182,0.1856005212095857
moderate,6,retained_certificates,22,3,0.3642727183642207,0.3687234319019348
moderate,6,retained_certificates,23,4,0.541814733583518,0.5371239985018832
moderate,6,retained_certificates,24,2,0.0,0.0
moderate,6,retained_certificates,25,3,0.19387298706522182,0.1856005212095857
moderate,6,retained_certificates,26,3,0.3642727183642207,0.3687234319019348
moderate,6,retained_certificates,27,4,0.541814733583518,0.5371239985018832
moderate,6,retained_certificates,28,3,0.0,0.0
moderate,6,retained_certificates,29,4,0.19387298706522182,0.1856005212095857
moderate,6,retained_certificates,30,4,0.3642727183642207,0.3687234319019348
moderate,6,retained_certificates,31,5,0.541814733583518,0.5371239985018832
moderate,6,retained_certificates,32,1,0.00247439244563763,0.002483100192977261
moderate,6,retained_certificates,33,2,0.1960778808062953,0.18808362140256207
moderate,6,retained_certificates,34,2,0.3642727183642207,0.3687234319019348
moderate,6,retained_certificates,35,3,0.541814733583518,0.5371239985018832
moderate,6,retained_certificates,36,2,0.00247439244563763,0.002483100192977261
moderate,6,retained_certificates,37,3,0.1960778808062953,0.18808362140256207
moderate,6,retained_certificates,38,3,0.3642727183642207,0.3687234319019348
moderate,6,retained_certificates,39,4,0.541814733583518,0.5371239985018832
moderate,6,retained_certificates,40,2,0.00247439244563763,0.002483100192977261
moderate,6,retained_certificates,41,3,0.1960778808062953,0.18808362140256207
moderate,6,retained_certificates,42,3,0.3642727183642207,0.3687234319019348
moderate,6,retained_certificates,43,4,0.541814733583518,0.5371239985018832
moderate,6,retained_certificates,44,3,0.00247439244563763,0.002483100192977261
moderate,6,retained_certificates,45,4,0.1960778808062953,0.18808362140256207
moderate,6,retained_certificates,46,4,0.3642727183642207,0.3687234319019348
moderate,6,retained_certificates,47,5,0.541814733583518,0.5371239985018832
moderate,6,retained_certificates,48,2,0.00247439244563763,0.002483100192977261
moderate,6,retained_certificates,49,3,0.1960778808062953,0.18808362140256207
moderate,6,retained_certificates,50,3,0.3642727183642207,0.3687234319019348
moderate,6,retained_certificates,51,4,0.541814733583518,0.5371239985018832
moderate,6,retained_certificates,52,3,0.00247439244563763,0.002483100192977261
moderate,6,retained_certificates,53,4,0.1960778808062953,0.18808362140256207
moderate,6,retained_certificates,54,4,0.3642727183642207,0.3687234319019348
moderate,6,retained_certificates,55,5,0.541814733583518,0.5371239985018832
moderate,6,retained_certificates,56,3,0.00247439244563763,0.002483100192977261
moderate,6,retained_certificates,57,4,0.1960778808062953,0.18808362140256207
moderate,6,retained_certificates,58,4,0.3642727183642207,0.3687234319019348
moderate,6,retained_certificates,59,5,0.541814733583518,0.5371239985018832
moderate,6,retained_certificates,60,4,0.00247439244563763,0.002483100192977261
moderate,6,retained_certificates,61,5,0.1960778808062953,0.18808362140256207
moderate,6,retained_certificates,62,5,0.3642727183642207,0.3687234319019348
moderate,6,retained_certificates,63,6,0.541814733583518,0.5371239985018832
moderate,7,operational,0,0,0.0,0.0
moderate,7,operational,1,1,1.5589127180688087,1.5602019637718039
moderate,7,operational,2,1,1.2719464597173866,1.2735725415560224
moderate,7,operational,3,2,1.753679748974399,1.7552020106771087
moderate,7,operational,4,1,-8.943956686380261e-12,-8.943956686380261e-12
moderate,7,operational,5,2,1.5589119841493875,1.560201232578983
moderate,7,operational,6,2,1.271946459329817,1.2735725411588206
moderate,7,operational,7,3,1.7536797462264881,1.7552020079458224
moderate,7,operational,8,1,0.037093560550399474,0.03450396929269406
moderate,7,operational,9,2,1.5589129639842407,1.5602022093118766
moderate,7,operational,10,2,1.271946503011912,1.2735725854132678
moderate,7,operational,11,3,1.7536797543947453,1.7552020160646622
moderate,7,operational,12,2,-0.08945351386933442,-0.09204310511727432
moderate,7,operational,13,3,1.5589117674037691,1.5602010207128831
moderate,7,operational,14,3,1.2719466072235255,1.2735726909854304
moderate,7,operational,15,4,1.75367973662497,1.7552019984023928
moderate,7,operational,16,1,1.0949348248858697,1.0949348248858697
moderate,7,operational,17,2,1.542637013927794,1.5479344350721598
moderate,7,operational,18,2,1.4418975877090725,1.443961303851987
moderate,7,operational,19,3,1.6802206084182782,1.685725480421762
moderate,7,operational,20,2,1.138515785373182,1.138515785373182
moderate,7,operational,21,3,1.553567071969204,1.5589757368735486
moderate,7,operational,22,3,1.4536543656194083,1.4554602764714635
moderate,7,operational,23,4,1.6834177591584192,1.689749326177004
moderate,7,operational,24,2,1.111714779211335,1.111714779211335
moderate,7,operational,25,3,1.548168572219514,1.553335635818934
moderate,7,operational,26,3,1.447917830053477,1.4500466016308025
moderate,7,operational,27,4,1.6828182730505197,1.6886662477878254
moderate,7,operational,28,3,1.1489906041318472,1.1489906041318472
moderate,7,operational,29,4,1.5572136200739064,1.5625370002509076
moderate,7,operational,30,4,1.4579452521071037,1.459734419663333
moderate,7,operational,31,5,1.6853033974346827,1.6917752223324536
moderate,7,operational,32,1,0.328791980947412,0.3361637956687549
moderate,7,operational,33,2,1.5589261384920157,1.5602019764265584
moderate,7,operational,34,2,1.2719464655060544,1.2735725474164052
moderate,7,operational,35,3,1.7536797708238643,1.7552020323943864
moderate,7,operational,36,2,0.2022449064487013,0.20961672117081998
moderate,7,operational,37,3,1.558925176031532,1.5602010213735804
moderate,7,operational,38,3,1.271946462490869,1.273572544362846
moderate,7,operational,39,4,1.7536797380704292,1.7552019998391066
moderate,7,operational,40,2,0.20278203568921782,0.21082762520800147
moderate,7,operational,41,3,1.5589263945461838,1.5602022322694769
moderate,7,operational,42,3,1.271946461189946,1.2735725430446339
moderate,7,operational,43,4,1.7536797710448466,1.7552020326140312
moderate,7,operational,44,3,0.20278203549119667,0.21082762500998076
moderate,7,operational,45,4,1.5589249432201906,1.5602007905805553
moderate,7,operational,46,4,1.2719464564288616,1.273572538220236
moderate,7,operational,47,5,1.7536797372292572,1.7552019990030239
moderate,7,operational,48,2,1.1964328084558868,1.1964273602528563
moderate,7,operational,49,3,1.5804100902114637,1.5864757131979559
moderate,7,operational,50,3,1.488031912542791,1.487444345373226
moderate,7,operational,51,4,1.698890688291911,1.7049541863500344
moderate,7,operational,52,3,1.205236492000771,1.205235255326636
moderate,7,operational,53,4,1.5795765400597963,1.585491270320218
moderate,7,operational,54,4,1.4844253086764825,1.4847158209469447
moderate,7,operational,55,5,1.6959544397445683,1.7022968197320898
moderate,7,operational,56,3,1.1994277679177898,1.1994227600494454
moderate,7,operational,57,4,1.5815550834346013,1.587522009956293
moderate,7,operational,58,4,1.4881968603975526,1.4881587985619382
moderate,7,operational,59,5,1.699389656962392,1.705502418827444
moderate,7,operational,60,4,1.207264744002524,1.2072637297266122
moderate,7,operational,61,5,1.5804417463862377,1.586286303385311
moderate,7,operational,62,5,1.484686321635619,1.485265817287313
moderate,7,operational,63,6,1.6963995404380432,1.7028208836386551
moderate,7,retained_certificates,0,0,0.0,0.0
moderate,7,retained_certificates,1,1,0.9948107259552588,0.9942894933174706
moderate,7,retained_certificates,2,1,1.1958806718083008,1.1958806718083008
moderate,7,retained_certificates,3,2,1.6368356540280034,1.645412561145573
moderate,7,retained_certificates,4,1,0.0,0.0
moderate,7,retained_certificates,5,2,0.9948107259552588,0.9942894933174706
moderate,7,retained_certificates,6,2,1.1958806718083008,1.1958806718083008
moderate,7,retained_certificates,7,3,1.6368356540280034,1.645412561145573
moderate,7,retained_certificates,8,1,0.03340229624008195,0.031366578399151024
moderate,7,retained_certificates,9,2,0.9975987535907045,0.9982167750674078
moderate,7,retained_certificates,10,2,1.1958806718083008,1.1958806718083008
moderate,7,retained_certificates,11,3,1.6368356540280034,1.645412561145573
moderate,7,retained_certificates,12,2,0.03340229624008195,0.031366578399151024
moderate,7,retained_certificates,13,3,0.9975987535907045,0.9982167750674078
moderate,7,retained_certificates,14,3,1.1958806718083008,1.1958806718083008
moderate,7,retained_certificates,15,4,1.6368356540280034,1.645412561145573
moderate,7,retained_certificates,16,1,0.022434777916022774,0.02055297238069098
moderate,7,retained_certificates,17,2,0.9948107259552588,0.9942894933174706
moderate,7,retained_certificates,18,2,1.196074183698932,1.1958806718083008
moderate,7,retained_certificates,19,3,1.6368356540280034,1.645412561145573
moderate,7,retained_certificates,20,2,0.022434777916022774,0.02055297238069098
moderate,7,retained_certificates,21,3,0.9948107259552588,0.9942894933174706
moderate,7,retained_certificates,22,3,1.196074183698932,1.1958806718083008
moderate,7,retained_certificates,23,4,1.6368356540280034,1.645412561145573
moderate,7,retained_certificates,24,2,0.055837074156105615,0.051919550779842005
moderate,7,retained_certificates,25,3,0.9975987535907045,0.9982167750674078
moderate,7,retained_certificates,26,3,1.196074183698932,1.1958806718083008
moderate,7,retained_certificates,27,4,1.6368356540280034,1.645412561145573
moderate,7,retained_certificates,28,3,0.055837074156105615,0.051919550779842005
moderate,7,retained_certificates,29,4,0.9975987535907045,0.9982167750674078
moderate,7,retained_certificates,30,4,1.196074183698932,1.1958806718083008
moderate,7,retained_certificates,31,5,1.6368356540280034,1.645412561145573
moderate,7,retained_certificates,32,1,0.3206395674241902,0.3280711213746388
moderate,7,retained_certificates,33,2,1.122840261871648,1.1335983934379783
moderate,7,retained_certificates,34,2,1.1958806718083008,1.1958806718083008
moderate,7,retained_certificates,35,3,1.6368356540280034,1.645412561145573
moderate,7,retained_certificates,36,2,0.3206395674241902,0.3280711213746388
moderate,7,retained_certificates,37,3,1.122840261871648,1.1335983934379783
moderate,7,retained_certificates,38,3,1.1958806718083008,1.1958806718083008
moderate,7,retained_certificates,39,4,1.6368356540280034,1.645412561145573
moderate,7,retained_certificates,40,2,0.32117380067057777,0.329218303368636
moderate,7,retained_certificates,41,3,1.122947887984978,1.1335983934379783
moderate,7,retained_certificates,42,3,1.1958806718083008,1.1958806718083008
moderate,7,retained_certificates,43,4,1.6368356540280034,1.645412561145573
moderate,7,retained_certificates,44,3,0.32117380067057777,0.329218303368636
moderate,7,retained_certificates,45,4,1.122947887984978,1.1335983934379783
moderate,7,retained_certificates,46,4,1.1958806718083008,1.1958806718083008
moderate,7,retained_certificates,47,5,1.6368356540280034,1.645412561145573
moderate,7,retained_certificates,48,2,0.34307434534021386,0.34862409375533066
moderate,7,retained_certificates,49,3,1.122840261871648,1.1335983934379783
moderate,7,retained_certificates,50,3,1.196074183698932,1.1958806718083008
moderate,7,retained_certificates,51,4,1.6368356540280034,1.645412561145573
moderate,7,retained_certificates,52,3,0.34307434534021386,0.34862409375533066
moderate,7,retained_certificates,53,4,1.122840261871648,1.1335983934379783
moderate,7,retained_certificates,54,4,1.196074183698932,1.1958806718083008
moderate,7,retained_certificates,55,5,1.6368356540280034,1.645412561145573
moderate,7,retained_certificates,56,3,0.34360857858660143,0.3497712757493283
moderate,7,retained_certificates,57,4,1.122947887984978,1.1335983934379783
moderate,7,retained_certificates,58,4,1.196074183698932,1.1958806718083008
moderate,7,retained_certificates,59,5,1.6368356540280034,1.645412561145573
moderate,7,retained_certificates,60,4,0.34360857858660143,0.3497712757493283
moderate,7,retained_certificates,61,5,1.122947887984978,1.1335983934379783
moderate,7,retained_certificates,62,5,1.196074183698932,1.1958806718083008
moderate,7,retained_certificates,63,6,1.6368356540280034,1.645412561145573
moderate,8,operational,0,0,0.0,0.0
moderate,8,operational,1,1,1.1825405933105277,1.1769642191528424
moderate,8,operational,2,1,1.2112299054713818,1.2151049798462505
moderate,8,operational,3,2,1.670458748004267,1.67036803870552
moderate,8,operational,4,1,-6.531601243864316e-06,-6.531601243864316e-06
moderate,8,operational,5,2,1.182542800556007,1.1769664277595364
moderate,8,operational,6,2,1.2112298940569821,1.2151049555590467
moderate,8,operational,7,3,1.6704587490159528,1.67036803870552
moderate,8,operational,8,1,0.0012825737894246458,0.0012825737894246458
moderate,8,operational,9,2,1.1812300249303815,1.175647088275721
moderate,8,operational,10,2,1.212225137158327,1.2162996744289907
moderate,8,operational,11,3,1.670456614091611,1.67036803870552
moderate,8,operational,12,2,0.001279705221874039,0.001279705221874039
moderate,8,operational,13,3,1.1812339059373054,1.1756509753771587
moderate,8,operational,14,3,1.2122245960068065,1.216298997792594
moderate,8,operational,15,4,1.6704566192999888,1.67036803870552
moderate,8,operational,16,1,0.8692938534767776,0.8692938534767776
moderate,8,operational,17,2,1.415975424324408,1.4057302540940224
moderate,8,operational,18,2,1.3578588730577499,1.3689741934648896
moderate,8,operational,19,3,1.6718641738849072,1.6724229687206948
moderate,8,operational,20,2,0.8722120298836216,0.8722120298836216
moderate,8,operational,21,3,1.4250409756746851,1.4141468924075404
moderate,8,operational,22,3,1.3506881291237982,1.362842821059377
moderate,8,operational,23,4,1.672375225843219,1.6730294087407667
moderate,8,operational,24,2,0.8784611881602866,0.8784611881602866
moderate,8,operational,25,3,1.408956688838713,1.398531255627093
moderate,8,operational,26,3,1.3677512760640465,1.3790577906108772
moderate,8,operational,27,4,1.6716296500111105,1.672232774608168
moderate,8,operational,28,3,0.8823849070809175,0.8823849070809175
moderate,8,operational,29,4,1.4181372257975249,1.4070507199367883
moderate,8,operational,30,4,1.360866435065553,1.3731696149126318
moderate,8,operational,31,5,1.6720591501587436,1.6726253871978223
moderate,8,operational,32,1,0.15100882678424687,0.15381450411329212
moderate,8,operational,33,2,1.1853442353974453,1.1782529615025603
moderate,8,operational,34,2,1.211209323909305,1.2150811683100313
moderate,8,operational,35,3,1.6704586395042798,1.67036803870552
moderate,8,operational,36,2,0.15100522874662659,0.15381092542853692
moderate,8,operational,37,3,1.1853454454302694,1.178254197526738
moderate,8,operational,38,3,1.211229328943225,1.215104292085619
moderate,8,operational,39,4,1.6704587513599272,1.67036803870552
moderate,8,operational,40,2,0.15469792851299857,0.1575280919614288
moderate,8,operational,41,3,1.1841213911912893,1.176998923529894
moderate,8,operational,42,3,1.2122117936248418,1.2162834454444647
moderate,8,operational,43,4,1.6704565419903377,1.67036803870552
moderate,8,operational,44,3,0.15469421115377768,0.15752437857490476
moderate,8,operational,45,4,1.1841237116953778,1.1770012955090672
moderate,8,operational,46,4,1.2122241078769558,1.216298395915468
moderate,8,operational,47,5,1.6704566213146919,1.67036803870552
moderate,8,operational,48,2,0.9795214915044439,0.9795214915044439
moderate,8,operational,49,3,1.4598242097445655,1.4496166223822673
moderate,8,operational,50,3,1.3999777265086646,1.4114725536853978
moderate,8,operational,51,4,1.6742590684649796,1.674981412468207
moderate,8,operational,52,3,0.9752491745199592,0.9752491745199592
moderate,8,operational,53,4,1.4610705121649321,1.4506152202294897
moderate,8,operational,54,4,1.3910955322884608,1.403112635108652
moderate,8,operational,55,5,1.6745291846226351,1.6751715973633714
moderate,8,operational,56,3,0.9803836357205422,0.9803836357205422
moderate,8,operational,57,4,1.4510472432076167,1.4407229128334649
moderate,8,operational,58,4,1.4059937165501077,1.4176224605619705
moderate,8,operational,59,5,1.6736858168199893,1.674336911627194
moderate,8,operational,60,4,0.974881263966501,0.974881263966501
moderate,8,operational,61,5,1.4524140825086969,1.4417635709831833
moderate,8,operational,62,5,1.3963116827587578,1.4085801289720177
moderate,8,operational,63,6,1.6738744143567659,1.6744925014998513
moderate,8,retained_certificates,0,0,0.0,0.0
moderate,8,retained_certificates,1,1,0.9884627562433814,0.9849799553483751
moderate,8,retained_certificates,2,1,1.183093298430323,1.183093298430323
moderate,8,retained_certificates,3,2,1.6516929394843585,1.6516132350434205
moderate,8,retained_certificates,4,1,0.0,0.0
moderate,8,retained_certificates,5,2,0.9884627562433814,0.9849799553483751
moderate,8,retained_certificates,6,2,1.183093298430323,1.183093298430323
moderate,8,retained_certificates,7,3,1.6516929394843585,1.6516132350434205
moderate,8,retained_certificates,8,1,0.0,0.0
moderate,8,retained_certificates,9,2,0.9884627562433814,0.9849799553483751
moderate,8,retained_certificates,10,2,1.183093298430323,1.183093298430323
moderate,8,retained_certificates,11,3,1.6516929394843585,1.6516132350434205
moderate,8,retained_certificates,12,2,0.0,0.0
moderate,8,retained_certificates,13,3,0.9884627562433814,0.9849799553483751
moderate,8,retained_certificates,14,3,1.183093298430323,1.183093298430323
moderate,8,retained_certificates,15,4,1.6516929394843585,1.6516132350434205
moderate,8,retained_certificates,16,1,0.1348739107035799,0.1533588657686642
moderate,8,retained_certificates,17,2,0.9884627562433814,0.9849799553483751
moderate,8,retained_certificates,18,2,1.1849301882414665,1.1866930782414542
moderate,8,retained_certificates,19,3,1.6516929394843585,1.6516132350434205
moderate,8,retained_certificates,20,2,0.1348739107035799,0.1533588657686642
moderate,8,retained_certificates,21,3,0.9884627562433814,0.9849799553483751
moderate,8,retained_certificates,22,3,1.1849301882414665,1.1866930782414542
moderate,8,retained_certificates,23,4,1.6516929394843585,1.6516132350434205
moderate,8,retained_certificates,24,2,0.1348739107035799,0.1533588657686642
moderate,8,retained_certificates,25,3,0.9884627562433814,0.9849799553483751
moderate,8,retained_certificates,26,3,1.1849301882414665,1.1866930782414542
moderate,8,retained_certificates,27,4,1.6516929394843585,1.6516132350434205
moderate,8,retained_certificates,28,3,0.1348739107035799,0.1533588657686642
moderate,8,retained_certificates,29,4,0.9884627562433814,0.9849799553483751
moderate,8,retained_certificates,30,4,1.1849301882414665,1.1866930782414542
moderate,8,retained_certificates,31,5,1.6516929394843585,1.6516132350434205
moderate,8,retained_certificates,32,1,0.1424387573350474,0.14510282542255437
moderate,8,retained_certificates,33,2,1.053214261929364,1.0474015543252895
moderate,8,retained_certificates,34,2,1.183093298430323,1.183093298430323
moderate,8,retained_certificates,35,3,1.6516929394843585,1.6516132350434205
moderate,8,retained_certificates,36,2,0.1424387573350474,0.14510282542255437
moderate,8,retained_certificates,37,3,1.053214261929364,1.0474015543252895
moderate,8,retained_certificates,38,3,1.183093298430323,1.183093298430323
moderate,8,retained_certificates,39,4,1.6516929394843585,1.6516132350434205
moderate,8,retained_certificates,40,2,0.1424387573350474,0.14510282542255437
moderate,8,retained_certificates,41,3,1.053214261929364,1.0474015543252895
moderate,8,retained_certificates,42,3,1.183093298430323,1.183093298430323
moderate,8,retained_certificates,43,4,1.6516929394843585,1.6516132350434205
moderate,8,retained_certificates,44,3,0.1424387573350474,0.14510282542255437
moderate,8,retained_certificates,45,4,1.053214261929364,1.0474015543252895
moderate,8,retained_certificates,46,4,1.183093298430323,1.183093298430323
moderate,8,retained_certificates,47,5,1.6516929394843585,1.6516132350434205
moderate,8,retained_certificates,48,2,0.2773126680386273,0.29846169119121857
moderate,8,retained_certificates,49,3,1.053214261929364,1.0474015543252895
moderate,8,retained_certificates,50,3,1.1849301882414665,1.1866930782414542
moderate,8,retained_certificates,51,4,1.6516929394843585,1.6516132350434205
moderate,8,retained_certificates,52,3,0.2773126680386273,0.29846169119121857
moderate,8,retained_certificates,53,4,1.053214261929364,1.0474015543252895
moderate,8,retained_certificates,54,4,1.1849301882414665,1.1866930782414542
moderate,8,retained_certificates,55,5,1.6516929394843585,1.6516132350434205
moderate,8,retained_certificates,56,3,0.2773126680386273,0.29846169119121857
moderate,8,retained_certificates,57,4,1.053214261929364,1.0474015543252895
moderate,8,retained_certificates,58,4,1.1849301882414665,1.1866930782414542
moderate,8,retained_certificates,59,5,1.6516929394843585,1.6516132350434205
moderate,8,retained_certificates,60,4,0.2773126680386273,0.29846169119121857
moderate,8,retained_certificates,61,5,1.053214261929364,1.0474015543252895
moderate,8,retained_certificates,62,5,1.1849301882414665,1.1866930782414542
moderate,8,retained_certificates,63,6,1.6516929394843585,1.6516132350434205
moderate,9,operational,0,0,0.0,0.0
moderate,9,operational,1,1,0.46413897578844265,0.4653787977490804
moderate,9,operational,2,1,0.4258474828789649,0.42851657584186587
moderate,9,operational,3,2,0.7011013438010179,0.7036484041407496
moderate,9,operational,4,1,7.896304843946211e-05,7.896304843946211e-05
moderate,9,operational,5,2,0.46420470223102805,0.4654350424085383
moderate,9,operational,6,2,0.4258509003332862,0.42851997514605467
moderate,9,operational,7,3,0.7011311133975551,0.7036768594717207
moderate,9,operational,8,1,-8.030266634762029e-06,-8.030266634762029e-06
moderate,9,operational,9,2,0.4641381694574922,0.46537812002175594
moderate,9,operational,10,2,0.42584745241645505,0.4285165454826205
moderate,9,operational,11,3,0.7011004327486972,0.7036475277571417
moderate,9,operational,12,2,5.6311832878463974e-05,5.6311832878463974e-05
moderate,9,operational,13,3,0.46418345816755213,0.46541688304479356
moderate,9,operational,14,3,0.42585017524134416,0.4285192540367082
moderate,9,operational,15,4,0.7011208285440191,0.7036670325350309
moderate,9,operational,16,1,-0.17083952384009216,-0.1715836859399631
moderate,9,operational,17,2,0.453739627708154,0.4548562439250179
moderate,9,operational,18,2,0.21449773509249015,0.21494637920590787
moderate,9,operational,19,3,0.6935769876488473,0.6981230466659896
moderate,9,operational,20,2,-0.15782890071759104,-0.15849925523049047
moderate,9,operational,21,3,0.45420016282810804,0.45522354170284407
moderate,9,operational,22,3,0.22826281062550535,0.22924432994185517
moderate,9,operational,23,4,0.6943662749340991,0.6985605296859716
moderate,9,operational,24,2,-0.11060658296939385,-0.11183851200317818
moderate,9,operational,25,3,0.45840018511534186,0.46042158017315193
moderate,9,operational,26,3,0.2602465432172778,0.2612861548318528
moderate,9,operational,27,4,0.6949211637415469,0.6989172857263166
moderate,9,operational,28,3,-0.10813555245152218,-0.10927531255172296
moderate,9,operational,29,4,0.4679529093499215,0.47039466136415564
moderate,9,operational,30,4,0.2613385049682422,0.26239803810987805
moderate,9,operational,31,5,0.6963349733704605,0.6997253382736273
moderate,9,operational,32,1,-2.434305908938228e-05,-2.434305908938228e-05
moderate,9,operational,33,2,0.4641254314618597,0.4653671730390765
moderate,9,operational,34,2,0.4258467903963461,0.4285158855602136
moderate,9,operational,35,3,0.7010952535815318,0.7036425700176134
moderate,9,operational,36,2,6.213703755486577e-05,6.213703755486577e-05
moderate,9,operational,37,3,0.4641902808103153,0.46542271935997137
moderate,9,operational,38,3,0.42585069635529305,0.42851977261986063
moderate,9,operational,39,4,0.7011243156539648,0.7036703645902267
moderate,9,operational,40,2,-2.4389923317880147e-05,-2.4389923317880147e-05
moderate,9,operational,41,3,0.4641200189474288,0.4653625252043647
moderate,9,operational,42,3,0.4258456590575195,0.4285147606393074
moderate,9,operational,43,4,0.7010911809996347,0.7036386665939705
moderate,9,operational,44,3,3.2710124746149205e-05,3.2710124746149205e-05
moderate,9,operational,45,4,0.4641768893303082,0.4654112820068974
moderate,9,operational,46,4,0.4258499305922103,0.4285190106032295
moderate,9,operational,47,5,0.7011150316295658,0.7036614940883914
moderate,9,operational,48,2,-0.06565619693758729,-0.06626216695309628
moderate,9,operational,49,3,0.482303920683091,0.4844206541662355
moderate,9,operational,50,3,0.29564949245612526,0.29763335234613564
moderate,9,operational,51,4,0.6971252390815761,0.7001737409464632
moderate,9,operational,52,3,-0.06036391253363771,-0.06112800661785345
moderate,9,operational,53,4,0.49718025370880836,0.4988382146103034
moderate,9,operational,54,4,0.297573059974805,0.29909981616945824
moderate,9,operational,55,5,0.6995264372681667,0.7019633574328936
moderate,9,operational,56,3,-0.04120269261037368,-0.042356345384570115
moderate,9,operational,57,4,0.509508584065145,0.5113260133054678
moderate,9,operational,58,4,0.31152916070478076,0.31295433457476696
moderate,9,operational,59,5,0.6997072936918904,0.7021262679490756
moderate,9,operational,60,4,-0.043420875213290966,-0.04375642935076618
moderate,9,operational,61,5,0.5165006383390018,0.5182952049231528
moderate,9,operational,62,5,0.30547727758834897,0.3066942880531056
moderate,9,operational,63,6,0.7013338258721444,0.7035328934910452
moderate,9,retained_certificates,0,0,0.0,0.0
moderate,9,retained_certificates,1,1,0.4439108609730402,0.445057083631621
moderate,9,retained_certificates,2,1,0.24231704920453634,0.24456026071592118
moderate,9,retained_certificates,3,2,0.6834647286846014,0.6879592203007654
moderate,9,retained_certificates,4,1,0.0,0.0
moderate,9,retained_certificates,5,2,0.4439108609730402,0.445057083631621
moderate,9,retained_certificates,6,2,0.24231704920453634,0.24456026071592118
moderate,9,retained_certificates,7,3,0.6834647286846014,0.6879592203007654
moderate,9,retained_certificates,8,1,0.0,0.0
moderate,9,retained_certificates,9,2,0.4439108609730402,0.445057083631621
moderate,9,retained_certificates,10,2,0.24231704920453634,0.24456026071592118
moderate,9,retained_certificates,11,3,0.6834647286846014,0.6879592203007654
moderate,9,retained_certificates,12,2,0.0,0.0
moderate,9,retained_certificates,13,3,0.4439108609730402,0.445057083631621
moderate,9,retained_certificates,14,3,0.24231704920453634,0.24456026071592118
moderate,9,retained_certificates,15,4,0.6834647286846014,0.6879592203007654
moderate,9,retained_certificates,16,1,0.0,0.0
moderate,9,retained_certificates,17,2,0.4439108609730402,0.445057083631621
moderate,9,retained_certificates,18,2,0.24231704920453634,0.24456026071592118
moderate,9,retained_certificates,19,3,0.6834647286846014,0.6879592203007654
moderate,9,retained_certificates,20,2,0.0,0.0
moderate,9,retained_certificates,21,3,0.4439108609730402,0.445057083631621
moderate,9,retained_certificates,22,3,0.24231704920453634,0.24456026071592118
moderate,9,retained_certificates,23,4,0.6834647286846014,0.6879592203007654
moderate,9,retained_certificates,24,2,0.0,0.0
moderate,9,retained_certificates,25,3,0.4439108609730402,0.445057083631621
moderate,9,retained_certificates,26,3,0.24231704920453634,0.24456026071592118
moderate,9,retained_certificates,27,4,0.6834647286846014,0.6879592203007654
moderate,9,retained_certificates,28,3,0.0,0.0
moderate,9,retained_certificates,29,4,0.4439108609730402,0.445057083631621
moderate,9,retained_certificates,30,4,0.24231704920453634,0.24456026071592118
moderate,9,retained_certificates,31,5,0.6834647286846014,0.6879592203007654
moderate,9,retained_certificates,32,1,0.0,0.0
moderate,9,retained_certificates,33,2,0.4439108609730402,0.445057083631621
moderate,9,retained_certificates,34,2,0.24231704920453634,0.24456026071592118
moderate,9,retained_certificates,35,3,0.6834647286846014,0.6879592203007654
moderate,9,retained_certificates,36,2,0.0,0.0
moderate,9,retained_certificates,37,3,0.4439108609730402,0.445057083631621
moderate,9,retained_certificates,38,3,0.24231704920453634,0.24456026071592118
moderate,9,retained_certificates,39,4,0.6834647286846014,0.6879592203007654
moderate,9,retained_certificates,40,2,0.0,0.0
moderate,9,retained_certificates,41,3,0.4439108609730402,0.445057083631621
moderate,9,retained_certificates,42,3,0.24231704920453634,0.24456026071592118
moderate,9,retained_certificates,43,4,0.6834647286846014,0.6879592203007654
moderate,9,retained_certificates,44,3,0.0,0.0
moderate,9,retained_certificates,45,4,0.4439108609730402,0.445057083631621
moderate,9,retained_certificates,46,4,0.24231704920453634,0.24456026071592118
moderate,9,retained_certificates,47,5,0.6834647286846014,0.6879592203007654
moderate,9,retained_certificates,48,2,0.0,0.0
moderate,9,retained_certificates,49,3,0.4439108609730402,0.445057083631621
moderate,9,retained_certificates,50,3,0.24231704920453634,0.24456026071592118
moderate,9,retained_certificates,51,4,0.6834647286846014,0.6879592203007654
moderate,9,retained_certificates,52,3,0.0,0.0
moderate,9,retained_certificates,53,4,0.4439108609730402,0.445057083631621
moderate,9,retained_certificates,54,4,0.24231704920453634,0.24456026071592118
moderate,9,retained_certificates,55,5,0.6834647286846014,0.6879592203007654
moderate,9,retained_certificates,56,3,0.0,0.0
moderate,9,retained_certificates,57,4,0.4439108609730402,0.445057083631621
moderate,9,retained_certificates,58,4,0.24231704920453634,0.24456026071592118
moderate,9,retained_certificates,59,5,0.6834647286846014,0.6879592203007654
moderate,9,retained_certificates,60,4,0.0,0.0
moderate,9,retained_certificates,61,5,0.4439108609730402,0.445057083631621
moderate,9,retained_certificates,62,5,0.24231704920453634,0.24456026071592118
moderate,9,retained_certificates,63,6,0.6834647286846014,0.6879592203007654
moderate,10,operational,0,0,0.0,0.0
moderate,10,operational,1,1,0.5696947387496092,0.5681908045993409
moderate,10,operational,2,1,0.5665590980387742,0.5492944679938767
moderate,10,operational,3,2,0.8719995425055798,0.8518386702674468
moderate,10,operational,4,1,0.09502201359900386,0.09502201359900386
moderate,10,operational,5,2,0.6069016310513127,0.606012665959291
moderate,10,operational,6,2,0.5856151131254883,0.567679117060556
moderate,10,operational,7,3,0.8729235352326237,0.8524860813580384
moderate,10,operational,8,1,0.006407100591534043,0.006407100591534043
moderate,10,operational,9,2,0.5749305875627249,0.5737767939576335
moderate,10,operational,10,2,0.5555078238462379,0.5380682991829291
moderate,10,operational,11,3,0.8719608751518302,0.8516503451864432
moderate,10,operational,12,2,0.1466576996820672,0.1466576996820672
moderate,10,operational,13,3,0.6257094306977566,0.6251818919067271
moderate,10,operational,14,3,0.5983832557915738,0.5802687369989856
moderate,10,operational,15,4,0.8738173677308891,0.8532332968967484
moderate,10,operational,16,1,0.13491759253685132,0.13487000807336225
moderate,10,operational,17,2,0.606491074028475,0.6066290707893436
moderate,10,operational,18,2,0.5964712583011758,0.5771272225118924
moderate,10,operational,19,3,0.872707487027844,0.8523247715591626
moderate,10,operational,20,2,0.2544997546746872,0.25449451012741164
moderate,10,operational,21,3,0.6464299508970193,0.6469177761753961
moderate,10,operational,22,3,0.6430505344645767,0.6232734543130807
moderate,10,operational,23,4,0.8755533728810105,0.8550194816587302
moderate,10,operational,24,2,0.13781105793587578,0.13791828401692952
moderate,10,operational,25,3,0.6111263584726561,0.6115598295681286
moderate,10,operational,26,3,0.5859433609084665,0.5663429319428555
moderate,10,operational,27,4,0.8726836052402307,0.852053898255531
moderate,10,operational,28,3,0.2521131705708419,0.2520932986986706
moderate,10,operational,29,4,0.6534537407006842,0.6542317791737502
moderate,10,operational,30,4,0.6327455092654999,0.6123354023952094
moderate,10,operational,31,5,0.8753971873261723,0.8549581956762196
moderate,10,operational,32,1,0.2132403489741943,0.21320490620249455
moderate,10,operational,33,2,0.6547224156393661,0.6540173502797719
moderate,10,operational,34,2,0.6440186437522768,0.6264076297431682
moderate,10,operational,35,3,0.8767991565388042,0.8564178206678403
moderate,10,operational,36,2,0.25325787743192274,0.2532460654886779
moderate,10,operational,37,3,0.6740464597170748,0.6738198608610837
moderate,10,operational,38,3,0.642054684267118,0.6236575958691706
moderate,10,operational,39,4,0.8779748567841974,0.8577311804611192
moderate,10,operational,40,2,0.2028836632942248,0.20284416963883212
moderate,10,operational,41,3,0.6511898502547657,0.650756677135977
moderate,10,operational,42,3,0.6251143581274494,0.606895210057532
moderate,10,operational,43,4,0.87504124962547,0.8543870202938728
moderate,10,operational,44,3,0.2907558282510383,0.29075553137898913
moderate,10,operational,45,4,0.6880981695142756,0.6881626431605055
moderate,10,operational,46,4,0.6514892633289708,0.6323822428162496
moderate,10,operational,47,5,0.8798778406971177,0.8598966714457932
moderate,10,operational,48,2,0.31132543603688134,0.3113254360368818
moderate,10,operational,49,3,0.6808951610990666,0.6816429667573951
moderate,10,operational,50,3,0.6659045891134787,0.6459259524078207
moderate,10,operational,51,4,0.8786520294229963,0.8580970908330969
moderate,10,operational,52,3,0.40128464763304583,0.40128464763304583
moderate,10,operational,53,4,0.7172854535672357,0.71849882999798
moderate,10,operational,54,4,0.6985527724059972,0.6778052414101623
moderate,10,operational,55,5,0.8853669698468414,0.865145948397529
moderate,10,operational,56,3,0.3007104606059534,0.3007104606059534
moderate,10,operational,57,4,0.680707296418591,0.6816596956071725
moderate,10,operational,58,4,0.6503527115213181,0.6299514761827378
moderate,10,operational,59,5,0.8778771524283795,0.8574408000834088
moderate,10,operational,60,4,0.39373778115830227,0.39373778115830227
moderate,10,operational,61,5,0.7155293515826484,0.7168453432806396
moderate,10,operational,62,5,0.6918254107378656,0.670841658859441
moderate,10,operational,63,6,0.8843222755135418,0.8642072601693149
moderate,10,retained_certificates,0,0,0.0,0.0
moderate,10,retained_certificates,1,1,0.43913752166049225,0.4376954598061271
moderate,10,retained_certificates,2,1,0.4714869009393823,0.4622739446160544
moderate,10,retained_certificates,3,2,0.847666312539606,0.8275575162507574
moderate,10,retained_certificates,4,1,0.0,0.0
moderate,10,retained_certificates,5,2,0.43913752166049225,0.4376954598061271
moderate,10,retained_certificates,6,2,0.4714869009393823,0.4622739446160544
moderate,10,retained_certificates,7,3,0.847666312539606,0.8275575162507574
moderate,10,retained_certificates,8,1,0.0,0.0
moderate,10,retained_certificates,9,2,0.43913752166049225,0.4376954598061271
moderate,10,retained_certificates,10,2,0.4714869009393823,0.4622739446160544
moderate,10,retained_certificates,11,3,0.847666312539606,0.8275575162507574
moderate,10,retained_certificates,12,2,0.0,0.0
moderate,10,retained_certificates,13,3,0.43913752166049225,0.4376954598061271
moderate,10,retained_certificates,14,3,0.4714869009393823,0.4622739446160544
moderate,10,retained_certificates,15,4,0.847666312539606,0.8275575162507574
moderate,10,retained_certificates,16,1,0.002393710426516371,0.002999382518275695
moderate,10,retained_certificates,17,2,0.43913752166049225,0.4376954598061271
moderate,10,retained_certificates,18,2,0.47269611621454954,0.4630769393830043
moderate,10,retained_certificates,19,3,0.847666312539606,0.8275575162507574
moderate,10,retained_certificates,20,2,0.002393710426516371,0.002999382518275695
moderate,10,retained_certificates,21,3,0.43913752166049225,0.4376954598061271
moderate,10,retained_certificates,22,3,0.47269611621454954,0.4630769393830043
moderate,10,retained_certificates,23,4,0.847666312539606,0.8275575162507574
moderate,10,retained_certificates,24,2,0.002393710426516371,0.002999382518275695
moderate,10,retained_certificates,25,3,0.43913752166049225,0.4376954598061271
moderate,10,retained_certificates,26,3,0.47269611621454954,0.4630769393830043
moderate,10,retained_certificates,27,4,0.847666312539606,0.8275575162507574
moderate,10,retained_certificates,28,3,0.002393710426516371,0.002999382518275695
moderate,10,retained_certificates,29,4,0.43913752166049225,0.4376954598061271
moderate,10,retained_certificates,30,4,0.47269611621454954,0.4630769393830043
moderate,10,retained_certificates,31,5,0.847666312539606,0.8275575162507574
moderate,10,retained_certificates,32,1,0.003756323695370156,0.0036008107053557836
moderate,10,retained_certificates,33,2,0.4428934608138322,0.4409899149893053
moderate,10,retained_certificates,34,2,0.4714869009393823,0.4622739446160544
moderate,10,retained_certificates,35,3,0.847666312539606,0.8275575162507574
moderate,10,retained_certificates,36,2,0.003756323695370156,0.0036008107053557836
moderate,10,retained_certificates,37,3,0.4428934608138322,0.4409899149893053
moderate,10,retained_certificates,38,3,0.4714869009393823,0.4622739446160544
moderate,10,retained_certificates,39,4,0.847666312539606,0.8275575162507574
moderate,10,retained_certificates,40,2,0.003756323695370156,0.0036008107053557836
moderate,10,retained_certificates,41,3,0.4428934608138322,0.4409899149893053
moderate,10,retained_certificates,42,3,0.4714869009393823,0.4622739446160544
moderate,10,retained_certificates,43,4,0.847666312539606,0.8275575162507574
moderate,10,retained_certificates,44,3,0.003756323695370156,0.0036008107053557836
moderate,10,retained_certificates,45,4,0.4428934608138322,0.4409899149893053
moderate,10,retained_certificates,46,4,0.4714869009393823,0.4622739446160544
moderate,10,retained_certificates,47,5,0.847666312539606,0.8275575162507574
moderate,10,retained_certificates,48,2,0.006150034121886527,0.006600193223631479
moderate,10,retained_certificates,49,3,0.4428934608138322,0.4409899149893053
moderate,10,retained_certificates,50,3,0.47269611621454954,0.4630769393830043
moderate,10,retained_certificates,51,4,0.847666312539606,0.8275575162507574
moderate,10,retained_certificates,52,3,0.006150034121886527,0.006600193223631479
moderate,10,retained_certificates,53,4,0.4428934608138322,0.4409899149893053
moderate,10,retained_certificates,54,4,0.47269611621454954,0.4630769393830043
moderate,10,retained_certificates,55,5,0.847666312539606,0.8275575162507574
moderate,10,retained_certificates,56,3,0.006150034121886527,0.006600193223631479
moderate,10,retained_certificates,57,4,0.4428934608138322,0.4409899149893053
moderate,10,retained_certificates,58,4,0.47269611621454954,0.4630769393830043
moderate,10,retained_certificates,59,5,0.847666312539606,0.8275575162507574
moderate,10,retained_certificates,60,4,0.006150034121886527,0.006600193223631479
moderate,10,retained_certificates,61,5,0.4428934608138322,0.4409899149893053
moderate,10,retained_certificates,62,5,0.47269611621454954,0.4630769393830043
moderate,10,retained_certificates,63,6,0.847666312539606,0.8275575162507574
moderate,11,operational,0,0,0.0,0.0
moderate,11,operational,1,1,0.9871637487670224,0.9859161068061129
moderate,11,operational,2,1,1.1684930453507736,1.1684901434809616
moderate,11,operational,3,2,1.2527895101345745,1.258984478561263
moderate,11,operational,4,1,0.07838025896500289,0.07838025896500289
moderate,11,operational,5,2,0.9958554964079918,0.9934532780803602
moderate,11,operational,6,2,1.1685063788685772,1.1684901434809616
moderate,11,operational,7,3,1.2521102738242895,1.2574342968227512
moderate,11,operational,8,1,-4.881428594671888e-12,-4.881428594671888e-12
moderate,11,operational,9,2,0.9871614329125982,0.9859140605311207
moderate,11,operational,10,2,1.1684930475129596,1.1684901434809616
moderate,11,operational,11,3,1.2527932961186807,1.2589889930702167
moderate,11,operational,12,2,0.10602595913807056,0.10602595913807056
moderate,11,operational,13,3,0.9958671572327558,0.9933522320119241
moderate,11,operational,14,3,1.1685056246478602,1.1684901434809616
moderate,11,operational,15,4,1.2517071302034433,1.257117877806511
moderate,11,operational,16,1,0.6434814172444696,0.6434814172444696
moderate,11,operational,17,2,1.1115505826805627,1.105621603768772
moderate,11,operational,18,2,1.2149592655424257,1.2235345402265345
moderate,11,operational,19,3,1.3330430643460383,1.3367623487480773
moderate,11,operational,20,2,0.43529885169587157,0.4360219650582957
moderate,11,operational,21,3,1.0689195368082895,1.0601380346677196
moderate,11,operational,22,3,1.1703211850800113,1.1704775117940236
moderate,11,operational,23,4,1.2671176068873748,1.2722920968357183
moderate,11,operational,24,2,0.7293383270189273,0.7293383270189273
moderate,11,operational,25,3,1.120285230232958,1.1155749280192264
moderate,11,operational,26,3,1.2425617395933597,1.2524447023139267
moderate,11,operational,27,4,1.3532652892713815,1.356516333564172
moderate,11,operational,28,3,0.484113051822078,0.48460644977811107
moderate,11,operational,29,4,1.0711044117965125,1.0623524866956666
moderate,11,operational,30,4,1.17087573078319,1.1715148509015876
moderate,11,operational,31,5,1.2673681177392364,1.272729435850409
moderate,11,operational,32,1,0.15468149665920716,0.15964927500976467
moderate,11,operational,33,2,0.9872505563262504,0.9860062566028613
moderate,11,operational,34,2,1.1684930468640125,1.1684901434809616
moderate,11,operational,35,3,1.252786255990053,1.2589804595794138
moderate,11,operational,36,2,0.26679747850035884,0.26649571445882714
moderate,11,operational,37,3,1.0361791827720883,1.0309418511885946
moderate,11,operational,38,3,1.1685762648738347,1.1688356817411982
moderate,11,operational,39,4,1.256990701997263,1.2617400464479909
moderate,11,operational,40,2,0.15468148724454878,0.15964926623241293
moderate,11,operational,41,3,0.9872575206125429,0.9860124021147518
moderate,11,operational,42,3,1.1684930445593538,1.1684901434809616
moderate,11,operational,43,4,1.2527853922674463,1.258979551358106
moderate,11,operational,44,3,0.24804947744719463,0.24769521357529012
moderate,11,operational,45,4,1.0294939372853218,1.024811999860681
moderate,11,operational,46,4,1.1685506688147402,1.1687626928588464
moderate,11,operational,47,5,1.255583131398848,1.2603779273343538
moderate,11,operational,48,2,0.9690344237543642,0.9690344237543642
moderate,11,operational,49,3,1.2524846598018584,1.2481838060205828
moderate,11,operational,50,3,1.335224036075319,1.3424369813450285
moderate,11,operational,51,4,1.4678844644082885,1.4689228261615956
moderate,11,operational,52,3,0.663979508521308,0.663979508521308
moderate,11,operational,53,4,1.1411340204819882,1.1298181750940302
moderate,11,operational,54,4,1.1811473813864244,1.183656656710582
moderate,11,operational,55,5,1.2955120215533746,1.2966468877258697
moderate,11,operational,56,3,1.0118280805615218,1.0118280805615218
moderate,11,operational,57,4,1.2569248845185714,1.2533401641943045
moderate,11,operational,58,4,1.3260582038535138,1.3335784525792729
moderate,11,operational,59,5,1.468880000181343,1.4699458303431117
moderate,11,operational,60,4,0.6861239549712921,0.6861239549712921
moderate,11,operational,61,5,1.1376500009438093,1.127111532365471
moderate,11,operational,62,5,1.1822067754514602,1.1851013754005724
moderate,11,operational,63,6,1.2931126401343978,1.294768166637788
moderate,11,retained_certificates,0,0,0.0,0.0
moderate,11,retained_certificates,1,1,0.9533603140187177,0.9533603140187177
moderate,11,retained_certificates,2,1,1.1551162788013056,1.1551162788013056
moderate,11,retained_certificates,3,2,1.2365582394540624,1.2424200338435138
moderate,11,retained_certificates,4,1,0.0,0.0
moderate,11,retained_certificates,5,2,0.9533603140187177,0.9533603140187177
moderate,11,retained_certificates,6,2,1.1551162788013056,1.1551162788013056
moderate,11,retained_certificates,7,3,1.2365582394540624,1.2424200338435138
moderate,11,retained_certificates,8,1,0.0,0.0
moderate,11,retained_certificates,9,2,0.9533603140187177,0.9533603140187177
moderate,11,retained_certificates,10,2,1.1551162788013056,1.1551162788013056
moderate,11,retained_certificates,11,3,1.2365582394540624,1.2424200338435138
moderate,11,retained_certificates,12,2,0.0,0.0
moderate,11,retained_certificates,13,3,0.9533603140187177,0.9533603140187177
moderate,11,retained_certificates,14,3,1.1551162788013056,1.1551162788013056
moderate,11,retained_certificates,15,4,1.2365582394540624,1.2424200338435138
moderate,11,retained_certificates,16,1,0.00040292501142680237,0.0009154655934704437
moderate,11,retained_certificates,17,2,0.9533603140187177,0.9533603140187177
moderate,11,retained_certificates,18,2,1.1551162788013056,1.1551162788013056
moderate,11,retained_certificates,19,3,1.2365582394540624,1.2424200338435138
moderate,11,retained_certificates,20,2,0.00040292501142680237,0.0009154655934704437
moderate,11,retained_certificates,21,3,0.9533603140187177,0.9533603140187177
moderate,11,retained_certificates,22,3,1.1551162788013056,1.1551162788013056
moderate,11,retained_certificates,23,4,1.2365582394540624,1.2424200338435138
moderate,11,retained_certificates,24,2,0.00040292501142680237,0.0009154655934704437
moderate,11,retained_certificates,25,3,0.9533603140187177,0.9533603140187177
moderate,11,retained_certificates,26,3,1.1551162788013056,1.1551162788013056
moderate,11,retained_certificates,27,4,1.2365582394540624,1.2424200338435138
moderate,11,retained_certificates,28,3,0.00040292501142680237,0.0009154655934704437
moderate,11,retained_certificates,29,4,0.9533603140187177,0.9533603140187177
moderate,11,retained_certificates,30,4,1.1551162788013056,1.1551162788013056
moderate,11,retained_certificates,31,5,1.2365582394540624,1.2424200338435138
moderate,11,retained_certificates,32,1,0.14609414181398606,0.15098980582994637
moderate,11,retained_certificates,33,2,0.9537531581518666,0.9533603140187177
moderate,11,retained_certificates,34,2,1.1551162788013056,1.1551162788013056
moderate,11,retained_certificates,35,3,1.2365582394540624,1.2424200338435138
moderate,11,retained_certificates,36,2,0.14609414181398606,0.15098980582994637
moderate,11,retained_certificates,37,3,0.9537531581518666,0.9533603140187177
moderate,11,retained_certificates,38,3,1.1551162788013056,1.1551162788013056
moderate,11,retained_certificates,39,4,1.2365582394540624,1.2424200338435138
moderate,11,retained_certificates,40,2,0.14609414181398606,0.15098980582994637
moderate,11,retained_certificates,41,3,0.9537531581518666,0.9533603140187177
moderate,11,retained_certificates,42,3,1.1551162788013056,1.1551162788013056
moderate,11,retained_certificates,43,4,1.2365582394540624,1.2424200338435138
moderate,11,retained_certificates,44,3,0.14609414181398606,0.15098980582994637
moderate,11,retained_certificates,45,4,0.9537531581518666,0.9533603140187177
moderate,11,retained_certificates,46,4,1.1551162788013056,1.1551162788013056
moderate,11,retained_certificates,47,5,1.2365582394540624,1.2424200338435138
moderate,11,retained_certificates,48,2,0.14645459192927124,0.15190527142341725
moderate,11,retained_certificates,49,3,0.9537531581518666,0.9533603140187177
moderate,11,retained_certificates,50,3,1.1551162788013056,1.1551162788013056
moderate,11,retained_certificates,51,4,1.2365582394540624,1.2424200338435138
moderate,11,retained_certificates,52,3,0.14645459192927124,0.15190527142341725
moderate,11,retained_certificates,53,4,0.9537531581518666,0.9533603140187177
moderate,11,retained_certificates,54,4,1.1551162788013056,1.1551162788013056
moderate,11,retained_certificates,55,5,1.2365582394540624,1.2424200338435138
moderate,11,retained_certificates,56,3,0.14645459192927124,0.15190527142341725
moderate,11,retained_certificates,57,4,0.9537531581518666,0.9533603140187177
moderate,11,retained_certificates,58,4,1.1551162788013056,1.1551162788013056
moderate,11,retained_certificates,59,5,1.2365582394540624,1.2424200338435138
moderate,11,retained_certificates,60,4,0.14645459192927124,0.15190527142341725
moderate,11,retained_certificates,61,5,0.9537531581518666,0.9533603140187177
moderate,11,retained_certificates,62,5,1.1551162788013056,1.1551162788013056
moderate,11,retained_certificates,63,6,1.2365582394540624,1.2424200338435138
severe,0,operational,0,0,0.0,0.0
severe,0,operational,1,1,4.424661612047514,4.424661612047514
severe,0,operational,2,1,4.63752453647816,4.63752453647816
severe,0,operational,3,2,5.242903695636118,5.242903695636118
severe,0,operational,4,1,2.194846247686522,2.1947871135464263
severe,0,operational,5,2,4.424661612047514,4.424661612047514
severe,0,operational,6,2,4.786088803927069,4.7860729833359805
severe,0,operational,7,3,5.23440848908491,5.23440848908491
severe,0,operational,8,1,1.4452251035288564,1.444263852836417
severe,0,operational,9,2,4.426026450655329,4.42590745134319
severe,0,operational,10,2,4.6272897352888815,4.627333288938184
severe,0,operational,11,3,5.2351118034324875,5.2351118034324875
severe,0,operational,12,2,2.27748606878455,2.27744662230758
severe,0,operational,13,3,4.426026450652536,4.425907451340512
severe,0,operational,14,3,4.786088803926533,4.786072983335442
severe,0,operational,15,4,5.2330871099225895,5.2330871099225895
severe,0,operational,16,1,4.254603217978262,4.254603217978262
severe,0,operational,17,2,4.51872539396353,4.523928827158181
severe,0,operational,18,2,4.733636749796428,4.724092289040747
severe,0,operational,19,3,5.058901517476611,5.058275184151445
severe,0,operational,20,2,4.522108791136903,4.522108791136903
severe,0,operational,21,3,4.542985202162633,4.54895099828758
severe,0,operational,22,3,5.150660317158512,5.150620137735062
severe,0,operational,23,4,5.168688015011699,5.168647433198549
severe,0,operational,24,2,4.22791443161951,4.22791443161951
severe,0,operational,25,3,4.533853137789111,4.538978206374765
severe,0,operational,26,3,4.75412536904394,4.744982932205396
severe,0,operational,27,4,5.058685420042627,5.058058708533254
severe,0,operational,28,3,4.700406684568284,4.700406684568284
severe,0,operational,29,4,4.646554349960869,4.650797514099173
severe,0,operational,30,4,5.321784558313647,5.321784558313647
severe,0,operational,31,5,5.231934405523997,5.231914238562357
severe,0,operational,32,1,2.9696659456181376,2.9696659456181376
severe,0,operational,33,2,4.618420943957078,4.618505693438541
severe,0,operational,34,2,4.63752453647816,4.63752453647816
severe,0,operational,35,3,5.242903695636104,5.242903695636104
severe,0,operational,36,2,3.130837306892725,3.1305999330018643
severe,0,operational,37,3,4.618420943955867,4.61850569343736
severe,0,operational,38,3,4.78608880392223,4.786072983331123
severe,0,operational,39,4,5.234408489093495,5.234408489093495
severe,0,operational,40,2,2.9696659456181376,2.9696659456181376
severe,0,operational,41,3,4.610636210407332,4.610757208266366
severe,0,operational,42,3,4.627289735288894,4.627333288938196
severe,0,operational,43,4,5.2351118034320265,5.2351118034320265
severe,0,operational,44,3,3.130837306893647,3.1305999330027845
severe,0,operational,45,4,4.610636210272762,4.610757208131528
severe,0,operational,46,4,4.786088803922537,4.786072983331431
severe,0,operational,47,5,5.233087109919881,5.233087109919881
severe,0,operational,48,2,4.833939357294247,4.833939357294247
severe,0,operational,49,3,5.0196599788296705,5.019888802690042
severe,0,operational,50,3,4.793238643253618,4.784834896142666
severe,0,operational,51,4,5.161862260473788,5.161665887492619
severe,0,operational,52,3,4.997129621228487,4.997129621228487
severe,0,operational,53,4,5.01852281215046,5.018751488863529
severe,0,operational,54,4,5.208907858728239,5.20887905267968
severe,0,operational,55,5,5.236624615060148,5.236607285018144
severe,0,operational,56,3,4.910183377243419,4.910183377243419
severe,0,operational,57,4,5.106984358707335,5.106972294484048
severe,0,operational,58,4,4.83747844118927,4.832006285805237
severe,0,operational,59,5,5.161882882588049,5.161686659481965
severe,0,operational,60,4,5.1753559967209455,5.1753559967209455
severe,0,operational,61,5,5.108034031099402,5.107960063998847
severe,0,operational,62,5,5.484654204763832,5.484654204763832
severe,0,operational,63,6,5.484026226275925,5.484026226275925
severe,0,retained_certificates,0,0,0.0,0.0
severe,0,retained_certificates,1,1,4.424493231298899,4.424493231298899
severe,0,retained_certificates,2,1,4.626249196081487,4.626249196081487
severe,0,retained_certificates,3,2,4.668532702158406,4.6646619418955115
severe,0,retained_certificates,4,1,1.9404641739432646,1.9404641739432646
severe,0,retained_certificates,5,2,4.424493231298899,4.424493231298899
severe,0,retained_certificates,6,2,4.626249196081487,4.626249196081487
severe,0,retained_certificates,7,3,4.668532702158406,4.6646619418955115
severe,0,retained_certificates,8,1,1.186684210407181,1.1843344599749592
severe,0,retained_certificates,9,2,4.424493231298899,4.424493231298899
severe,0,retained_certificates,10,2,4.626249196081487,4.626249196081487
severe,0,retained_certificates,11,3,4.668532702158406,4.6646619418955115
severe,0,retained_certificates,12,2,1.9845186912566177,1.9737767762765657
severe,0,retained_certificates,13,3,4.424493231298899,4.424493231298899
severe,0,retained_certificates,14,3,4.626249196081487,4.626249196081487
severe,0,retained_certificates,15,4,4.668532702158406,4.6646619418955115
severe,0,retained_certificates,16,1,3.58091174181766,3.58091174181766
severe,0,retained_certificates,17,2,4.425077285590155,4.427158786032841
severe,0,retained_certificates,18,2,4.626358702719555,4.626249196081487
severe,0,retained_certificates,19,3,4.668598550092278,4.6646619418955115
severe,0,retained_certificates,20,2,3.58091174181766,3.58091174181766
severe,0,retained_certificates,21,3,4.425077285590155,4.427158786032841
severe,0,retained_certificates,22,3,4.626358702719555,4.626249196081487
severe,0,retained_certificates,23,4,4.668598550092278,4.6646619418955115
severe,0,retained_certificates,24,2,3.58091174181766,3.58091174181766
severe,0,retained_certificates,25,3,4.425077285590155,4.427158786032841
severe,0,retained_certificates,26,3,4.626358702719555,4.626249196081487
severe,0,retained_certificates,27,4,4.668598550092278,4.6646619418955115
severe,0,retained_certificates,28,3,3.58091174181766,3.58091174181766
severe,0,retained_certificates,29,4,4.425077285590155,4.427158786032841
severe,0,retained_certificates,30,4,4.626358702719555,4.626249196081487
severe,0,retained_certificates,31,5,4.668598550092278,4.6646619418955115
severe,0,retained_certificates,32,1,2.9583906052214637,2.9583906052214637
severe,0,retained_certificates,33,2,4.424493231298899,4.424493231298899
severe,0,retained_certificates,34,2,4.626249196081487,4.626249196081487
severe,0,retained_certificates,35,3,4.668532702158406,4.6646619418955115
severe,0,retained_certificates,36,2,2.958450384840523,2.9583906052214637
severe,0,retained_certificates,37,3,4.424493231298899,4.424493231298899
severe,0,retained_certificates,38,3,4.626249196081487,4.626249196081487
severe,0,retained_certificates,39,4,4.668532702158406,4.6646619418955115
severe,0,retained_certificates,40,2,2.9583906052214637,2.9583906052214637
severe,0,retained_certificates,41,3,4.424493231298899,4.424493231298899
severe,0,retained_certificates,42,3,4.626249196081487,4.626249196081487
severe,0,retained_certificates,43,4,4.668532702158406,4.6646619418955115
severe,0,retained_certificates,44,3,2.958450384840523,2.9583906052214637
severe,0,retained_certificates,45,4,4.424493231298899,4.424493231298899
severe,0,retained_certificates,46,4,4.626249196081487,4.626249196081487
severe,0,retained_certificates,47,5,4.668532702158406,4.6646619418955115
severe,0,retained_certificates,48,2,3.611735572222616,3.6152318765080773
severe,0,retained_certificates,49,3,4.425077285590155,4.427158786032841
severe,0,retained_certificates,50,3,4.626358702719555,4.626249196081487
severe,0,retained_certificates,51,4,4.668598550092278,4.6646619418955115
severe,0,retained_certificates,52,3,3.611735572222616,3.6152318765080773
severe,0,retained_certificates,53,4,4.425077285590155,4.427158786032841
severe,0,retained_certificates,54,4,4.626358702719555,4.626249196081487
severe,0,retained_certificates,55,5,4.668598550092278,4.6646619418955115
severe,0,retained_certificates,56,3,3.611735572222616,3.6152318765080773
severe,0,retained_certificates,57,4,4.425077285590155,4.427158786032841
severe,0,retained_certificates,58,4,4.626358702719555,4.626249196081487
severe,0,retained_certificates,59,5,4.668598550092278,4.6646619418955115
severe,0,retained_certificates,60,4,3.611735572222616,3.6152318765080773
severe,0,retained_certificates,61,5,4.425077285590155,4.427158786032841
severe,0,retained_certificates,62,5,4.626358702719555,4.626249196081487
severe,0,retained_certificates,63,6,4.668598550092278,4.6646619418955115
severe,1,operational,0,0,0.0,0.0
severe,1,operational,1,1,3.388240770454634,3.3883724069630974
severe,1,operational,2,1,3.368580835374433,3.3685789843706964
severe,1,operational,3,2,3.9833416961894623,3.983318969015919
severe,1,operational,4,1,0.8953004121536194,0.8988264618178388
severe,1,operational,5,2,3.3882407513913986,3.3883723879377765
severe,1,operational,6,2,3.533756186682894,3.533505982655222
severe,1,operational,7,3,3.983303801514121,3.9832810372978846
severe,1,operational,8,1,0.18843258472029056,0.1880856320003872
severe,1,operational,9,2,3.388240751062039,3.3883723876090723
severe,1,operational,10,2,3.368539496588391,3.3685392391308477
severe,1,operational,11,3,3.977252329636249,3.977223650002732
severe,1,operational,12,2,0.9049858912779065,0.9082890772798926
severe,1,operational,13,3,3.388240740130285,3.3883723766990617
severe,1,operational,14,3,3.5337561866829574,3.5335059826552913
severe,1,operational,15,4,3.9772523297484645,3.9772236501150573
severe,1,operational,16,1,3.4445805396978204,3.4445805396978204
severe,1,operational,17,2,3.807595505876889,3.8092943953408973
severe,1,operational,18,2,4.00184581780361,4.001835785401482
severe,1,operational,19,3,4.303417995472802,4.303417995472802
severe,1,operational,20,2,3.4692048195404195,3.4692048195404195
severe,1,operational,21,3,3.8075952261276975,3.809294117010244
severe,1,operational,22,3,3.9477323388144194,3.947727725430316
severe,1,operational,23,4,4.287679158321026,4.287679158321026
severe,1,operational,24,2,3.4366204077815836,3.4366204077815836
severe,1,operational,25,3,3.807594976352993,3.8092938679488686
severe,1,operational,26,3,3.994750033339075,3.9947390958947904
severe,1,operational,27,4,4.280340411619743,4.280340411619743
severe,1,operational,28,3,3.4688406918075962,3.4688406918075962
severe,1,operational,29,4,3.8075950404563184,3.809293932094386
severe,1,operational,30,4,3.9470263435938757,3.947019117555435
severe,1,operational,31,5,4.278206809925007,4.278206809925007
severe,1,operational,32,1,1.7117876079188816,1.7117876079188816
severe,1,operational,33,2,3.388240788142574,3.3883724246158566
severe,1,operational,34,2,3.3685808353745106,3.368578984370779
severe,1,operational,35,3,3.983341696184412,3.983318969010864
severe,1,operational,36,2,1.8935089552026003,1.8963534621543285
severe,1,operational,37,3,3.38824075832828,3.3883723948608613
severe,1,operational,38,3,3.5337561866856193,3.5335059826581805
severe,1,operational,39,4,3.9833038015144138,3.9832810372981773
severe,1,operational,40,2,1.7117876079188816,1.7117876079188816
severe,1,operational,41,3,3.388240754273177,3.388372390813824
severe,1,operational,42,3,3.368539496588401,3.3685392391308477
severe,1,operational,43,4,3.9772523296393936,3.9772236500058797
severe,1,operational,44,3,1.8935089552029405,1.896353462154675
severe,1,operational,45,4,3.3882407497414695,3.3883723862911292
severe,1,operational,46,4,3.5337561866855918,3.533505982658151
severe,1,operational,47,5,3.977252329752634,3.977223650119231
severe,1,operational,48,2,3.7160955278320467,3.7160955278320467
severe,1,operational,49,3,3.900510024886286,3.902093509453853
severe,1,operational,50,3,3.98727572893731,3.987252552070718
severe,1,operational,51,4,4.325196415525184,4.325196415525184
severe,1,operational,52,3,3.684967726979006,3.684967726979006
severe,1,operational,53,4,3.9006135927278036,3.9021962757751267
severe,1,operational,54,4,3.9486660059634504,3.9486611331116745
severe,1,operational,55,5,4.321378826942656,4.321378826942656
severe,1,operational,56,3,3.7122027600116985,3.7122027600116985
severe,1,operational,57,4,3.9006069038329665,3.902189638731725
severe,1,operational,58,4,3.9810788552561585,3.9810510984473533
severe,1,operational,59,5,4.325691134344563,4.325691134344563
severe,1,operational,60,4,3.684876584648489,3.684876584648489
severe,1,operational,61,5,3.900649375867509,3.902231777610686
severe,1,operational,62,5,3.9466936375099424,3.946685625025867
severe,1,operational,63,6,4.325616514261107,4.325616514261107
severe,1,retained_certificates,0,0,0.0,0.0
severe,1,retained_certificates,1,1,3.3457693362801653,3.3457693362801653
severe,1,retained_certificates,2,1,3.368510960133806,3.368510960133806
severe,1,retained_certificates,3,2,3.546002182254276,3.543301693849325
severe,1,retained_certificates,4,1,0.8338014040344666,0.8427262127899091
severe,1,retained_certificates,5,2,3.3457693362801653,3.3457693362801653
severe,1,retained_certificates,6,2,3.368510960133806,3.368510960133806
severe,1,retained_certificates,7,3,3.546002182254276,3.543301693849325
severe,1,retained_certificates,8,1,0.030033084424674783,0.02844107169689636
severe,1,retained_certificates,9,2,3.3457693362801653,3.3457693362801653
severe,1,retained_certificates,10,2,3.368510960133806,3.368510960133806
severe,1,retained_certificates,11,3,3.546002182254276,3.543301693849325
severe,1,retained_certificates,12,2,0.8543066316441292,0.8605233568574615
severe,1,retained_certificates,13,3,3.3457693362801653,3.3457693362801653
severe,1,retained_certificates,14,3,3.368510960133806,3.368510960133806
severe,1,retained_certificates,15,4,3.546002182254276,3.543301693849325
severe,1,retained_certificates,16,1,2.693996270167674,2.693996270167674
severe,1,retained_certificates,17,2,3.363611773609896,3.36597766880896
severe,1,retained_certificates,18,2,3.369491887739231,3.3707592207770185
severe,1,retained_certificates,19,3,3.54675088291793,3.5441193872758734
severe,1,retained_certificates,20,2,2.693996270167674,2.693996270167674
severe,1,retained_certificates,21,3,3.363611773609896,3.36597766880896
severe,1,retained_certificates,22,3,3.369491887739231,3.3707592207770185
severe,1,retained_certificates,23,4,3.54675088291793,3.5441193872758734
severe,1,retained_certificates,24,2,2.693996270167674,2.693996270167674
severe,1,retained_certificates,25,3,3.363611773609896,3.36597766880896
severe,1,retained_certificates,26,3,3.369491887739231,3.3707592207770185
severe,1,retained_certificates,27,4,3.54675088291793,3.5441193872758734
severe,1,retained_certificates,28,3,2.693996270167674,2.693996270167674
severe,1,retained_certificates,29,4,3.363611773609896,3.36597766880896
severe,1,retained_certificates,30,4,3.369491887739231,3.3707592207770185
severe,1,retained_certificates,31,5,3.54675088291793,3.5441193872758734
severe,1,retained_certificates,32,1,1.700652369273783,1.700652369273783
severe,1,retained_certificates,33,2,3.3457693362801653,3.3457693362801653
severe,1,retained_certificates,34,2,3.368510960133806,3.368510960133806
severe,1,retained_certificates,35,3,3.546002182254276,3.543301693849325
severe,1,retained_certificates,36,2,1.7076515013191278,1.710573950130625
severe,1,retained_certificates,37,3,3.3457693362801653,3.3457693362801653
severe,1,retained_certificates,38,3,3.368510960133806,3.368510960133806
severe,1,retained_certificates,39,4,3.546002182254276,3.543301693849325
severe,1,retained_certificates,40,2,1.700652369273783,1.700652369273783
severe,1,retained_certificates,41,3,3.3457693362801653,3.3457693362801653
severe,1,retained_certificates,42,3,3.368510960133806,3.368510960133806
severe,1,retained_certificates,43,4,3.546002182254276,3.543301693849325
severe,1,retained_certificates,44,3,1.7076515013191278,1.710573950130625
severe,1,retained_certificates,45,4,3.3457693362801653,3.3457693362801653
severe,1,retained_certificates,46,4,3.368510960133806,3.368510960133806
severe,1,retained_certificates,47,5,3.546002182254276,3.543301693849325
severe,1,retained_certificates,48,2,2.6944231297757018,2.693996270167674
severe,1,retained_certificates,49,3,3.363611773609896,3.36597766880896
severe,1,retained_certificates,50,3,3.369491887739231,3.3707592207770185
severe,1,retained_certificates,51,4,3.54675088291793,3.5441193872758734
severe,1,retained_certificates,52,3,2.6944231297757018,2.693996270167674
severe,1,retained_certificates,53,4,3.363611773609896,3.36597766880896
severe,1,retained_certificates,54,4,3.369491887739231,3.3707592207770185
severe,1,retained_certificates,55,5,3.54675088291793,3.5441193872758734
severe,1,retained_certificates,56,3,2.6944231297757018,2.693996270167674
severe,1,retained_certificates,57,4,3.363611773609896,3.36597766880896
severe,1,retained_certificates,58,4,3.369491887739231,3.3707592207770185
severe,1,retained_certificates,59,5,3.54675088291793,3.5441193872758734
severe,1,retained_certificates,60,4,2.6944231297757018,2.693996270167674
severe,1,retained_certificates,61,5,3.363611773609896,3.36597766880896
severe,1,retained_certificates,62,5,3.369491887739231,3.3707592207770185
severe,1,retained_certificates,63,6,3.54675088291793,3.5441193872758734
severe,2,operational,0,0,0.0,0.0
severe,2,operational,1,1,2.932279609607373,2.933176679080054
severe,2,operational,2,1,2.9831198581450433,2.9831198581450433
severe,2,operational,3,2,3.5552600802994125,3.5546920874003898
severe,2,operational,4,1,0.22482436601559108,0.22189545935980082
severe,2,operational,5,2,2.9322795880550605,2.9331766576286205
severe,2,operational,6,2,3.1365015455635312,3.1365015455635312
severe,2,operational,7,3,3.5552600805791887,3.5546920876848045
severe,2,operational,8,1,0.5071488606617063,0.4982946935471091
severe,2,operational,9,2,2.9948154266232936,2.995530969753241
severe,2,operational,10,2,2.9748166635016786,2.9747385829016615
severe,2,operational,11,3,3.545919291242847,3.545331169306145
severe,2,operational,12,2,0.6594433357208533,0.6485247258750579
severe,2,operational,13,3,2.9948154266589357,2.9955309697887698
severe,2,operational,14,3,3.1365015455748164,3.1365015455748164
severe,2,operational,15,4,3.545919301131053,3.5453311792485858
severe,2,operational,16,1,2.4608328879706396,2.4608699526323754
severe,2,operational,17,2,3.3508295425735755,3.3594482640835137
severe,2,operational,18,2,3.089458932971484,3.0963211102544257
severe,2,operational,19,3,3.4532526470763045,3.4610600053504683
severe,2,operational,20,2,2.7789982534310207,2.7789982534310207
severe,2,operational,21,3,3.368771726487118,3.3788462808675916
severe,2,operational,22,3,3.3312664711959403,3.332918976024118
severe,2,operational,23,4,3.4731246709645243,3.4824375181104723
severe,2,operational,24,2,3.2329088932831005,3.2329088932831005
severe,2,operational,25,3,3.477083418711067,3.486191918028954
severe,2,operational,26,3,3.3455577178858835,3.3474107547175596
severe,2,operational,27,4,3.7336360702341826,3.7365371467463406
severe,2,operational,28,3,3.1538710503374263,3.1538710503374263
severe,2,operational,29,4,3.477104718095063,3.4862157951379316
severe,2,operational,30,4,3.630838162556759,3.630897652639886
severe,2,operational,31,5,3.707889911421714,3.7116296944973
severe,2,operational,32,1,1.3152612672850212,1.3152612672850212
severe,2,operational,33,2,2.9323943470039326,2.9331766791159914
severe,2,operational,34,2,2.9831198581450433,2.9831198581450433
severe,2,operational,35,3,3.5552600805832975,3.554692087689007
severe,2,operational,36,2,1.474173539311761,1.4738039260643987
severe,2,operational,37,3,2.9323943469922296,2.933176679104112
severe,2,operational,38,3,3.1365015455690264,3.1365015455690264
severe,2,operational,39,4,3.5552600804560406,3.5546920875598094
severe,2,operational,40,2,1.3163415002782894,1.315716369772293
severe,2,operational,41,3,2.994839484772294,2.9955309697468158
severe,2,operational,42,3,2.97481666350729,2.9747385829071025
severe,2,operational,43,4,3.5459193029824125,3.5453311811100994
severe,2,operational,44,3,1.4743594290271904,1.4738039260646536
severe,2,operational,45,4,2.994839484785562,2.9955309697600323
severe,2,operational,46,4,3.136501545569019,3.136501545569019
severe,2,operational,47,5,3.545919316900383,3.545331195104407
severe,2,operational,48,2,3.1147015669774283,3.1147015669774283
severe,2,operational,49,3,3.3960221631078715,3.4067255864932697
severe,2,operational,50,3,3.141511045465223,3.1460235877993847
severe,2,operational,51,4,3.487019790078764,3.4932721824071313
severe,2,operational,52,3,3.117083521101341,3.117083521101341
severe,2,operational,53,4,3.396434698695871,3.40740146123264
severe,2,operational,54,4,3.4296344757193764,3.430589670796551
severe,2,operational,55,5,3.4927250306964206,3.500670031513976
severe,2,operational,56,3,3.4269258956845823,3.4269258956845823
severe,2,operational,57,4,3.5537336804989494,3.5623559719338855
severe,2,operational,58,4,3.3828747072498224,3.3845700795169016
severe,2,operational,59,5,3.7682187569418955,3.771073005763865
severe,2,operational,60,4,3.461523009618917,3.461523009618917
severe,2,operational,61,5,3.554147798505043,3.562761894073817
severe,2,operational,62,5,3.7264748563195074,3.7264748563195074
severe,2,operational,63,6,3.7716934839021192,3.774568377468869
severe,2,retained_certificates,0,0,0.0,0.0
severe,2,retained_certificates,1,1,2.768947636141683,2.768947636141683
severe,2,retained_certificates,2,1,2.9707036009242707,2.9707036009242707
severe,2,retained_certificates,3,2,3.2387746657249785,3.2473846348014184
severe,2,retained_certificates,4,1,0.18867861742342917,0.1877683709451201
severe,2,retained_certificates,5,2,2.768947636141683,2.768947636141683
severe,2,retained_certificates,6,2,2.9707036009242707,2.9707036009242707
severe,2,retained_certificates,7,3,3.2387746657249785,3.2473846348014184
severe,2,retained_certificates,8,1,0.5067974338851542,0.4979649571856317
severe,2,retained_certificates,9,2,2.768947636141683,2.768947636141683
severe,2,retained_certificates,10,2,2.9707036009242707,2.9707036009242707
severe,2,retained_certificates,11,3,3.2387746657249785,3.2473846348014184
severe,2,retained_certificates,12,2,0.6177275458097924,0.5961516207110726
severe,2,retained_certificates,13,3,2.768947636141683,2.768947636141683
severe,2,retained_certificates,14,3,2.9707036009242707,2.9707036009242707
severe,2,retained_certificates,15,4,3.2387746657249785,3.2473846348014184
severe,2,retained_certificates,16,1,1.669342331658835,1.669342331658835
severe,2,retained_certificates,17,2,2.769307890552619,2.769134936820927
severe,2,retained_certificates,18,2,2.9707036009242707,2.9707036009242707
severe,2,retained_certificates,19,3,3.2387746657249785,3.2473846348014184
severe,2,retained_certificates,20,2,1.669342331658835,1.669342331658835
severe,2,retained_certificates,21,3,2.769307890552619,2.769134936820927
severe,2,retained_certificates,22,3,2.9707036009242707,2.9707036009242707
severe,2,retained_certificates,23,4,3.2387746657249785,3.2473846348014184
severe,2,retained_certificates,24,2,1.680098099892703,1.6783641114039014
severe,2,retained_certificates,25,3,2.769307890552619,2.769134936820927
severe,2,retained_certificates,26,3,2.9707036009242707,2.9707036009242707
severe,2,retained_certificates,27,4,3.2387746657249785,3.2473846348014184
severe,2,retained_certificates,28,3,1.680098099892703,1.6783641114039014
severe,2,retained_certificates,29,4,2.769307890552619,2.769134936820927
severe,2,retained_certificates,30,4,2.9707036009242707,2.9707036009242707
severe,2,retained_certificates,31,5,3.2387746657249785,3.2473846348014184
severe,2,retained_certificates,32,1,1.3028450100642477,1.3028450100642477
severe,2,retained_certificates,33,2,2.773073219930322,2.7753353849378
severe,2,retained_certificates,34,2,2.9707036009242707,2.9707036009242707
severe,2,retained_certificates,35,3,3.2387746657249785,3.2473846348014184
severe,2,retained_certificates,36,2,1.3030130481487756,1.3028450100642477
severe,2,retained_certificates,37,3,2.773073219930322,2.7753353849378
severe,2,retained_certificates,38,3,2.9707036009242707,2.9707036009242707
severe,2,retained_certificates,39,4,3.2387746657249785,3.2473846348014184
severe,2,retained_certificates,40,2,1.303925243057515,1.3033001125515202
severe,2,retained_certificates,41,3,2.773073219930322,2.7753353849378
severe,2,retained_certificates,42,3,2.9707036009242707,2.9707036009242707
severe,2,retained_certificates,43,4,3.2387746657249785,3.2473846348014184
severe,2,retained_certificates,44,3,1.304093281142043,1.3033001125515202
severe,2,retained_certificates,45,4,2.773073219930322,2.7753353849378
severe,2,retained_certificates,46,4,2.9707036009242707,2.9707036009242707
severe,2,retained_certificates,47,5,3.2387746657249785,3.2473846348014184
severe,2,retained_certificates,48,2,1.8164383572203064,1.8180492781591582
severe,2,retained_certificates,49,3,2.773351025679276,2.7754047144998304
severe,2,retained_certificates,50,3,2.9707036009242707,2.9707036009242707
severe,2,retained_certificates,51,4,3.2387746657249785,3.2473846348014184
severe,2,retained_certificates,52,3,1.8164383572203064,1.8180492781591582
severe,2,retained_certificates,53,4,2.773351025679276,2.7754047144998304
severe,2,retained_certificates,54,4,2.9707036009242707,2.9707036009242707
severe,2,retained_certificates,55,5,3.2387746657249785,3.2473846348014184
severe,2,retained_certificates,56,3,1.8169831345658647,1.8180492781591582
severe,2,retained_certificates,57,4,2.773351025679276,2.7754047144998304
severe,2,retained_certificates,58,4,2.9707036009242707,2.9707036009242707
severe,2,retained_certificates,59,5,3.2387746657249785,3.2473846348014184
severe,2,retained_certificates,60,4,1.8169831345658647,1.8180492781591582
severe,2,retained_certificates,61,5,2.773351025679276,2.7754047144998304
severe,2,retained_certificates,62,5,2.9707036009242707,2.9707036009242707
severe,2,retained_certificates,63,6,3.2387746657249785,3.2473846348014184
severe,3,operational,0,0,0.0,0.0
severe,3,operational,1,1,4.179537473393363,4.178525257725089
severe,3,operational,2,1,4.370003864568389,4.369965650051181
severe,3,operational,3,2,4.967008443562937,4.964679848510259
severe,3,operational,4,1,1.8518023264820034,1.8518023264820034
severe,3,operational,5,2,4.179537473268561,4.1785252575993965
severe,3,operational,6,2,4.537359256606908,4.536069291835801
severe,3,operational,7,3,4.967008443424574,4.9646798483542955
severe,3,operational,8,1,0.9535303911817747,0.9546563632587004
severe,3,operational,9,2,4.17953747339741,4.178525257729165
severe,3,operational,10,2,4.370003864568416,4.3699656500512045
severe,3,operational,11,3,4.9668839982356054,4.96455536591764
severe,3,operational,12,2,2.218271784566599,2.2122203476712796
severe,3,operational,13,3,4.17953747328695,4.178525257617917
severe,3,operational,14,3,4.5373592566069,4.536069291835792
severe,3,operational,15,4,4.966883998142637,4.964555365808802
severe,3,operational,16,1,4.005305320208943,4.005305320208943
severe,3,operational,17,2,4.609800628718077,4.602704239996484
severe,3,operational,18,2,4.873218109824576,4.87394521802263
severe,3,operational,19,3,5.04054581792319,5.037979086463114
severe,3,operational,20,2,4.216491532416441,4.216491532416441
severe,3,operational,21,3,4.580931526421963,4.572901036880657
severe,3,operational,22,3,4.958068641491976,4.956778271038212
severe,3,operational,23,4,5.030636676447322,5.02791997526149
severe,3,operational,24,2,4.004876758180936,4.004876758180936
severe,3,operational,25,3,4.635783510441927,4.628976684863574
severe,3,operational,26,3,4.874403264262329,4.875159430313294
severe,3,operational,27,4,5.110300682238799,5.1094913525296475
severe,3,operational,28,3,4.216491532479212,4.216491532479212
severe,3,operational,29,4,4.628480930810921,4.621381005070614
severe,3,operational,30,4,4.9584245287081075,4.957144801164748
severe,3,operational,31,5,5.085979137516709,5.084586635670438
severe,3,operational,32,1,2.7130150822391315,2.7130150822391315
severe,3,operational,33,2,4.179728386686371,4.178525257599546
severe,3,operational,34,2,4.370003864568197,4.3699656500510144
severe,3,operational,35,3,4.967008443429057,4.964679848357791
severe,3,operational,36,2,2.933949036275245,2.9344280645293956
severe,3,operational,37,3,4.179728386687694,4.178525257600883
severe,3,operational,38,3,4.537359256611738,4.536069291840641
severe,3,operational,39,4,4.9670084434205455,4.96467984835165
severe,3,operational,40,2,2.7130150822391315,2.7130150822391315
severe,3,operational,41,3,4.179728386699253,4.178525257612576
severe,3,operational,42,3,4.370003864568224,4.3699656500510375
severe,3,operational,43,4,4.966883998151019,4.9645553658164685
severe,3,operational,44,3,2.9339490362772596,2.9344280645312812
severe,3,operational,45,4,4.179728386807346,4.17852525772192
severe,3,operational,46,4,4.537359256611869,4.536069291840772
severe,3,operational,47,5,4.966883998130094,4.964555365795716
severe,3,operational,48,2,4.8601092622661515,4.8601092622661515
severe,3,operational,49,3,4.831219465547556,4.8299572553323005
severe,3,operational,50,3,5.065334565421599,5.064922115777597
severe,3,operational,51,4,5.223425107055988,5.2233643069041555
severe,3,operational,52,3,4.737003682370826,4.737003682370826
severe,3,operational,53,4,4.831617331861744,4.830355007300096
severe,3,operational,54,4,5.231584901806024,5.231636340899609
severe,3,operational,55,5,5.229159596501488,5.229139952048278
severe,3,operational,56,3,4.860674922834897,4.860674922834897
severe,3,operational,57,4,4.831704162898318,4.83044185785483
severe,3,operational,58,4,5.065710862164341,5.065295766257915
severe,3,operational,59,5,5.285712315005695,5.285652278713988
severe,3,operational,60,4,4.7373791313526326,4.7373791313526326
severe,3,operational,61,5,4.831733400672652,4.83047235571558
severe,3,operational,62,5,5.231825149195581,5.231876309544699
severe,3,operational,63,6,5.286707736335038,5.286635894881753
severe,3,retained_certificates,0,0,0.0,0.0
severe,3,retained_certificates,1,1,4.169294108867128,4.169294108867128
severe,3,retained_certificates,2,1,4.371050073649715,4.371050073649716
severe,3,retained_certificates,3,2,4.778243486091915,4.763648732402289
severe,3,retained_certificates,4,1,1.8530856866806245,1.8530856866806253
severe,3,retained_certificates,5,2,4.169294108867128,4.169294108867128
severe,3,retained_certificates,6,2,4.371050073649715,4.371050073649716
severe,3,retained_certificates,7,3,4.778243486091915,4.763648732402289
severe,3,retained_certificates,8,1,0.954541250954124,0.9556648176048403
severe,3,retained_certificates,9,2,4.169294108867128,4.169294108867128
severe,3,retained_certificates,10,2,4.371050073649715,4.371050073649716
severe,3,retained_certificates,11,3,4.778243486091915,4.763648732402289
severe,3,retained_certificates,12,2,2.2171176606391976,2.2107122774150962
severe,3,retained_certificates,13,3,4.169294108867128,4.169294108867128
severe,3,retained_certificates,14,3,4.371050073649715,4.371050073649716
severe,3,retained_certificates,15,4,4.778243486091915,4.763648732402289
severe,3,retained_certificates,16,1,3.2895596516845065,3.2895596516845065
severe,3,retained_certificates,17,2,4.1696578564047675,4.169294108867128
severe,3,retained_certificates,18,2,4.387120131059106,4.3884182502804725
severe,3,retained_certificates,19,3,4.778296941011991,4.763648732402289
severe,3,retained_certificates,20,2,3.2895619150567095,3.2895596516845065
severe,3,retained_certificates,21,3,4.1696578564047675,4.169294108867128
severe,3,retained_certificates,22,3,4.387120131059106,4.3884182502804725
severe,3,retained_certificates,23,4,4.778296941011991,4.763648732402289
severe,3,retained_certificates,24,2,3.2895596516845065,3.2895596516845065
severe,3,retained_certificates,25,3,4.1696578564047675,4.169294108867128
severe,3,retained_certificates,26,3,4.387120131059106,4.3884182502804725
severe,3,retained_certificates,27,4,4.778296941011991,4.763648732402289
severe,3,retained_certificates,28,3,3.2895619150567095,3.2895596516845065
severe,3,retained_certificates,29,4,4.1696578564047675,4.169294108867128
severe,3,retained_certificates,30,4,4.387120131059106,4.3884182502804725
severe,3,retained_certificates,31,5,4.778296941011991,4.763648732402289
severe,3,retained_certificates,32,1,2.703191482789692,2.703191482789692
severe,3,retained_certificates,33,2,4.169648227813342,4.169294108867128
severe,3,retained_certificates,34,2,4.371050073649715,4.371050073649716
severe,3,retained_certificates,35,3,4.778243486091915,4.763648732402289
severe,3,retained_certificates,36,2,2.809407576292405,2.812364756464773
severe,3,retained_certificates,37,3,4.169648227813342,4.169294108867128
severe,3,retained_certificates,38,3,4.371050073649715,4.371050073649716
severe,3,retained_certificates,39,4,4.778243486091915,4.763648732402289
severe,3,retained_certificates,40,2,2.703191482789692,2.703191482789692
severe,3,retained_certificates,41,3,4.169648227813342,4.169294108867128
severe,3,retained_certificates,42,3,4.371050073649715,4.371050073649716
severe,3,retained_certificates,43,4,4.778243486091915,4.763648732402289
severe,3,retained_certificates,44,3,2.809407576292405,2.812364756464773
severe,3,retained_certificates,45,4,4.169648227813342,4.169294108867128
severe,3,retained_certificates,46,4,4.371050073649715,4.371050073649716
severe,3,retained_certificates,47,5,4.778243486091915,4.763648732402289
severe,3,retained_certificates,48,2,3.349988617579963,3.3562738445238107
severe,3,retained_certificates,49,3,4.169988683474081,4.169294108867128
severe,3,retained_certificates,50,3,4.387120131059106,4.3884182502804725
severe,3,retained_certificates,51,4,4.778296941011991,4.763648732402289
severe,3,retained_certificates,52,3,3.3499908809521655,3.3562738445238107
severe,3,retained_certificates,53,4,4.169988683474081,4.169294108867128
severe,3,retained_certificates,54,4,4.387120131059106,4.3884182502804725
severe,3,retained_certificates,55,5,4.778296941011991,4.763648732402289
severe,3,retained_certificates,56,3,3.349988617579963,3.3562738445238107
severe,3,retained_certificates,57,4,4.169988683474081,4.169294108867128
severe,3,retained_certificates,58,4,4.387120131059106,4.3884182502804725
severe,3,retained_certificates,59,5,4.778296941011991,4.763648732402289
severe,3,retained_certificates,60,4,3.3499908809521655,3.3562738445238107
severe,3,retained_certificates,61,5,4.169988683474081,4.169294108867128
severe,3,retained_certificates,62,5,4.387120131059106,4.3884182502804725
severe,3,retained_certificates,63,6,4.778296941011991,4.763648732402289
severe,4,operational,0,0,0.0,0.0
severe,4,operational,1,1,4.908590456170952,4.907024835140208
severe,4,operational,2,1,4.999662261692343,4.999662261692343
severe,4,operational,3,2,5.605041420850743,5.605041420850743
severe,4,operational,4,1,2.538239815283603,2.5359664983984684
severe,4,operational,5,2,4.908590456128204,4.907024835096813
severe,4,operational,6,2,5.125682632156399,5.126231333507266
severe,4,operational,7,3,5.599064036247488,5.599064036247488
severe,4,operational,8,1,1.4838961036895606,1.4838961036895606
severe,4,operational,9,2,4.908590456186522,4.907024835156014
severe,4,operational,10,2,4.988557665129136,4.98856409201678
severe,4,operational,11,3,5.597249528646378,5.597249528646378
severe,4,operational,12,2,2.5383229197973387,2.5359664983704207
severe,4,operational,13,3,4.90859045619557,4.9070248351652
severe,4,operational,14,3,5.125682632156511,5.126231333507372
severe,4,operational,15,4,5.597551656645663,5.597551656645663
severe,4,operational,16,1,4.621636173434412,4.621636173434412
severe,4,operational,17,2,5.15063486033464,5.1478251947628255
severe,4,operational,18,2,5.278140170182537,5.279665781887173
severe,4,operational,19,3,5.397158547037603,5.396220414571807
severe,4,operational,20,2,5.042192246233975,5.042192246233975
severe,4,operational,21,3,5.298296142642874,5.299639704640255
severe,4,operational,22,3,5.626809287169737,5.626809287169737
severe,4,operational,23,4,5.649198169464766,5.649157293190813
severe,4,operational,24,2,4.643669654269894,4.643669654269894
severe,4,operational,25,3,5.150734393765203,5.147928306375691
severe,4,operational,26,3,5.278274922349961,5.279800251262417
severe,4,operational,27,4,5.39717933812552,5.396240831659131
severe,4,operational,28,3,5.017455862506482,5.017455862506482
severe,4,operational,29,4,5.290146653183794,5.291584114507334
severe,4,operational,30,4,5.608026003630956,5.608024906671137
severe,4,operational,31,5,5.649235887481188,5.649195054139902
severe,4,operational,32,1,3.331803670832322,3.331803670832322
severe,4,operational,33,2,4.908590456201053,4.907024835170766
severe,4,operational,34,2,4.999662261692343,4.999662261692343
severe,4,operational,35,3,5.605041420850501,5.605041420850501
severe,4,operational,36,2,3.4897697829312886,3.488791802737391
severe,4,operational,37,3,4.908590456191476,4.907024835161043
severe,4,operational,38,3,5.125682632160954,5.12623133351153
severe,4,operational,39,4,5.599064036248221,5.599064036248221
severe,4,operational,40,2,3.331803670832322,3.331803670832322
severe,4,operational,41,3,4.908590456128818,4.907024835097436
severe,4,operational,42,3,4.988557665129134,4.988564092016775
severe,4,operational,43,4,5.59724952864493,5.59724952864493
severe,4,operational,44,3,3.4897697829313694,3.488791802737448
severe,4,operational,45,4,4.9085904561423135,4.907024835111136
severe,4,operational,46,4,5.1256826321608475,5.12623133351143
severe,4,operational,47,5,5.597551656644665,5.597551656644665
severe,4,operational,48,2,5.393299090734418,5.393299090734418
severe,4,operational,49,3,5.429233963039078,5.429297311285942
severe,4,operational,50,3,5.563464005697637,5.5635400256373915
severe,4,operational,51,4,5.511979332453082,5.511698756231731
severe,4,operational,52,3,5.405286957578124,5.405286957578124
severe,4,operational,53,4,5.430130790980006,5.430264430160031
severe,4,operational,54,4,5.780463507926599,5.780463507926599
severe,4,operational,55,5,5.68152021948114,5.681496841994873
severe,4,operational,56,3,5.3933349295433475,5.3933349295433475
severe,4,operational,57,4,5.429231488864895,5.4292948448305
severe,4,operational,58,4,5.563505058617494,5.563581170089942
severe,4,operational,59,5,5.5120566033215574,5.5117765903911735
severe,4,operational,60,4,5.3972136645874205,5.3972136645874205
severe,4,operational,61,5,5.430028618755816,5.430162855865862
severe,4,operational,62,5,5.780426966196767,5.780426966196767
severe,4,operational,63,6,5.681744505570869,5.681721257763167
severe,4,retained_certificates,0,0,0.0,0.0
severe,4,retained_certificates,1,1,4.786756825121034,4.786756825121034
severe,4,retained_certificates,2,1,4.988512789903622,4.988512789903622
severe,4,retained_certificates,3,2,5.030891468575443,5.0271651415135015
severe,4,retained_certificates,4,1,2.4832743209495733,2.4832743209495733
severe,4,retained_certificates,5,2,4.786756825121034,4.786756825121034
severe,4,retained_certificates,6,2,4.988512789903622,4.988512789903622
severe,4,retained_certificates,7,3,5.030891468575443,5.0271651415135015
severe,4,retained_certificates,8,1,1.4838535915488933,1.4838535915488933
severe,4,retained_certificates,9,2,4.786756825121034,4.786756825121034
severe,4,retained_certificates,10,2,4.988512789903622,4.988512789903622
severe,4,retained_certificates,11,3,5.030891468575443,5.0271651415135015
severe,4,retained_certificates,12,2,2.4843658521445207,2.484274322121551
severe,4,retained_certificates,13,3,4.786756825121034,4.786756825121034
severe,4,retained_certificates,14,3,4.988512789903622,4.988512789903622
severe,4,retained_certificates,15,4,5.030891468575443,5.0271651415135015
severe,4,retained_certificates,16,1,4.196461905594777,4.196461905594777
severe,4,retained_certificates,17,2,4.789171317050718,4.790921252070937
severe,4,retained_certificates,18,2,4.988753228486013,4.989266272914829
severe,4,retained_certificates,19,3,5.030916225514478,5.027918624524709
severe,4,retained_certificates,20,2,4.196461905594777,4.196461905594777
severe,4,retained_certificates,21,3,4.789171317050718,4.790921252070937
severe,4,retained_certificates,22,3,4.988753228486013,4.989266272914829
severe,4,retained_certificates,23,4,5.030916225514478,5.027918624524709
severe,4,retained_certificates,24,2,4.196461905594777,4.196461905594777
severe,4,retained_certificates,25,3,4.789171317050718,4.790921252070937
severe,4,retained_certificates,26,3,4.988753228486013,4.989266272914829
severe,4,retained_certificates,27,4,5.030916225514478,5.027918624524709
severe,4,retained_certificates,28,3,4.196461905594777,4.196461905594777
severe,4,retained_certificates,29,4,4.789171317050718,4.790921252070937
severe,4,retained_certificates,30,4,4.988753228486013,4.989266272914829
severe,4,retained_certificates,31,5,5.030916225514478,5.027918624524709
severe,4,retained_certificates,32,1,3.3206541990435987,3.3206541990435987
severe,4,retained_certificates,33,2,4.786756825121034,4.786756825121034
severe,4,retained_certificates,34,2,4.988512789903622,4.988512789903622
severe,4,retained_certificates,35,3,5.030891468575443,5.0271651415135015
severe,4,retained_certificates,36,2,3.322840154209522,3.3232975447477067
severe,4,retained_certificates,37,3,4.786756825121034,4.786756825121034
severe,4,retained_certificates,38,3,4.988512789903622,4.988512789903622
severe,4,retained_certificates,39,4,5.030891468575443,5.0271651415135015
severe,4,retained_certificates,40,2,3.3206541990435987,3.3206541990435987
severe,4,retained_certificates,41,3,4.786756825121034,4.786756825121034
severe,4,retained_certificates,42,3,4.988512789903622,4.988512789903622
severe,4,retained_certificates,43,4,5.030891468575443,5.0271651415135015
severe,4,retained_certificates,44,3,3.322840154209522,3.3232975447477067
severe,4,retained_certificates,45,4,4.786756825121034,4.786756825121034
severe,4,retained_certificates,46,4,4.988512789903622,4.988512789903622
severe,4,retained_certificates,47,5,5.030891468575443,5.0271651415135015
severe,4,retained_certificates,48,2,4.19725576076472,4.196630132017802
severe,4,retained_certificates,49,3,4.789171317050718,4.790921252070937
severe,4,retained_certificates,50,3,4.988753228486013,4.989266272914829
severe,4,retained_certificates,51,4,5.030916225514478,5.027918624524709
severe,4,retained_certificates,52,3,4.19725576076472,4.196630132017802
severe,4,retained_certificates,53,4,4.789171317050718,4.790921252070937
severe,4,retained_certificates,54,4,4.988753228486013,4.989266272914829
severe,4,retained_certificates,55,5,5.030916225514478,5.027918624524709
severe,4,retained_certificates,56,3,4.19725576076472,4.196630132017802
severe,4,retained_certificates,57,4,4.789171317050718,4.790921252070937
severe,4,retained_certificates,58,4,4.988753228486013,4.989266272914829
severe,4,retained_certificates,59,5,5.030916225514478,5.027918624524709
severe,4,retained_certificates,60,4,4.19725576076472,4.196630132017802
severe,4,retained_certificates,61,5,4.789171317050718,4.790921252070937
severe,4,retained_certificates,62,5,4.988753228486013,4.989266272914829
severe,4,retained_certificates,63,6,5.030916225514478,5.027918624524709
severe,5,operational,0,0,0.0,0.0
severe,5,operational,1,1,4.976095096622887,4.976223631764996
severe,5,operational,2,1,5.1013821486585265,5.1013821486585265
severe,5,operational,3,2,5.673756798989783,5.674262508532317
severe,5,operational,4,1,2.7536942651854295,2.751503890820862
severe,5,operational,5,2,4.9760950966180175,4.9762236317601305
severe,5,operational,6,2,5.262921529308642,5.261420785369837
severe,5,operational,7,3,5.683690666539977,5.683996140170744
severe,5,operational,8,1,1.585615990655743,1.585615990655743
severe,5,operational,9,2,4.976095096555819,4.9762236316979855
severe,5,operational,10,2,5.090584199273346,5.090577538338177
severe,5,operational,11,3,5.699261087095232,5.6994315965486075
severe,5,operational,12,2,2.7536942652694645,2.751503890909065
severe,5,operational,13,3,4.976095096518808,4.976223631661014
severe,5,operational,14,3,5.262921529308616,5.261420785369822
severe,5,operational,15,4,5.683691176833866,5.683996644587687
severe,5,operational,16,1,4.540288718354599,4.540288718354599
severe,5,operational,17,2,5.317000346008504,5.314683227714265
severe,5,operational,18,2,5.1294924080051825,5.131006589427991
severe,5,operational,19,3,5.481830307858588,5.481837325126962
severe,5,operational,20,2,4.796195414452158,4.796195414452158
severe,5,operational,21,3,5.408973070017352,5.40582384722769
severe,5,operational,22,3,5.627544026110862,5.627571356760335
severe,5,operational,23,4,5.813169851677014,5.812952508286497
severe,5,operational,24,2,4.661736574132217,4.661736574132217
severe,5,operational,25,3,5.3791283489477815,5.375917795358066
severe,5,operational,26,3,5.3390763573704785,5.339890401776432
severe,5,operational,27,4,5.771301486428032,5.771027729493783
severe,5,operational,28,3,4.796201193411757,4.796201193411757
severe,5,operational,29,4,5.408962943520075,5.405813541361068
severe,5,operational,30,4,5.629104643846563,5.629130731300588
severe,5,operational,31,5,5.81362342130612,5.8134063545499215
severe,5,operational,32,1,3.4335235577985044,3.4335235577985044
severe,5,operational,33,2,4.976095096568812,4.976223631710968
severe,5,operational,34,2,5.1013821486585265,5.1013821486585265
severe,5,operational,35,3,5.673756904340634,5.674262613139576
severe,5,operational,36,2,3.4766009498496793,3.4771271304502287
severe,5,operational,37,3,4.976095096537325,4.976223631679513
severe,5,operational,38,3,5.262921529308944,5.261420785370019
severe,5,operational,39,4,5.683692979440659,5.683998412125539
severe,5,operational,40,2,3.4335235577985044,3.4335235577985044
severe,5,operational,41,3,4.976095096567731,4.976223631709886
severe,5,operational,42,3,5.090584199272974,5.09057753833779
severe,5,operational,43,4,5.699261087095265,5.699431596548639
severe,5,operational,44,3,3.4766008368843426,3.4771270133526535
severe,5,operational,45,4,4.976095096535125,4.976223631677315
severe,5,operational,46,4,5.2629215293089455,5.261420785370019
severe,5,operational,47,5,5.683688952826332,5.683994443659641
severe,5,operational,48,2,5.111601570271883,5.111601570271883
severe,5,operational,49,3,5.470878716939646,5.467210366154608
severe,5,operational,50,3,5.192631540308598,5.195099691380584
severe,5,operational,51,4,5.5391869206856805,5.537470811661643
severe,5,operational,52,3,5.61949105165802,5.61949105165802
severe,5,operational,53,4,5.704010701712104,5.703711457054514
severe,5,operational,54,4,5.826718649196487,5.826713995570697
severe,5,operational,55,5,5.8619627905744895,5.861829233494663
severe,5,operational,56,3,5.494769848826036,5.494769848826036
severe,5,operational,57,4,5.769551772236917,5.7695749444001505
severe,5,operational,58,4,5.4267715534126335,5.426845028732081
severe,5,operational,59,5,5.869113676678271,5.868951048600104
severe,5,operational,60,4,5.618765856118923,5.618765856118923
severe,5,operational,61,5,5.704003574365805,5.703704626143346
severe,5,operational,62,5,5.835554233105844,5.8355518422629755
severe,5,operational,63,6,5.861936014914491,5.861802460266806
severe,5,retained_certificates,0,0,0.0,0.0
severe,5,retained_certificates,1,1,4.887339084580722,4.887339084580722
severe,5,retained_certificates,2,1,5.089095049363309,5.089095049363309
severe,5,retained_certificates,3,2,5.343803715528755,5.343836991149228
severe,5,retained_certificates,4,1,2.4453248891854855,2.4453248891854855
severe,5,retained_certificates,5,2,4.887339084580722,4.887339084580722
severe,5,retained_certificates,6,2,5.089095049363309,5.089095049363309
severe,5,retained_certificates,7,3,5.343803715528755,5.343836991149228
severe,5,retained_certificates,8,1,1.584435851008581,1.584435851008581
severe,5,retained_certificates,9,2,4.887339084580722,4.887339084580722
severe,5,retained_certificates,10,2,5.089095049363309,5.089095049363309
severe,5,retained_certificates,11,3,5.343803715528755,5.343836991149228
severe,5,retained_certificates,12,2,2.448431441481877,2.448889879527842
severe,5,retained_certificates,13,3,4.887339084580722,4.887339084580722
severe,5,retained_certificates,14,3,5.089095049363309,5.089095049363309
severe,5,retained_certificates,15,4,5.343803715528755,5.343836991149228
severe,5,retained_certificates,16,1,3.9285711350699994,3.9285711350699994
severe,5,retained_certificates,17,2,4.931701711961889,4.9269054339105285
severe,5,retained_certificates,18,2,5.089101690982095,5.089095049363309
severe,5,retained_certificates,19,3,5.34381035714754,5.343836991149228
severe,5,retained_certificates,20,2,3.957642038453457,3.954497226290596
severe,5,retained_certificates,21,3,4.931701711961889,4.9269054339105285
severe,5,retained_certificates,22,3,5.089101690982095,5.089095049363309
severe,5,retained_certificates,23,4,5.34381035714754,5.343836991149228
severe,5,retained_certificates,24,2,3.9285711350699994,3.9285711350699994
severe,5,retained_certificates,25,3,4.931701711961889,4.9269054339105285
severe,5,retained_certificates,26,3,5.089101690982095,5.089095049363309
severe,5,retained_certificates,27,4,5.34381035714754,5.343836991149228
severe,5,retained_certificates,28,3,3.957642038453457,3.954497226290596
severe,5,retained_certificates,29,4,4.931701711961889,4.9269054339105285
severe,5,retained_certificates,30,4,5.089101690982095,5.089095049363309
severe,5,retained_certificates,31,5,5.34381035714754,5.343836991149228
severe,5,retained_certificates,32,1,3.4212364585032864,3.4212364585032864
severe,5,retained_certificates,33,2,4.887339084580722,4.887339084580722
severe,5,retained_certificates,34,2,5.089095049363309,5.089095049363309
severe,5,retained_certificates,35,3,5.343803715528755,5.343836991149228
severe,5,retained_certificates,36,2,3.4384140003255306,3.4395030704314555
severe,5,retained_certificates,37,3,4.887339084580722,4.887339084580722
severe,5,retained_certificates,38,3,5.089095049363309,5.089095049363309
severe,5,retained_certificates,39,4,5.343803715528755,5.343836991149228
severe,5,retained_certificates,40,2,3.4212364585032864,3.4212364585032864
severe,5,retained_certificates,41,3,4.887339084580722,4.887339084580722
severe,5,retained_certificates,42,3,5.089095049363309,5.089095049363309
severe,5,retained_certificates,43,4,5.343803715528755,5.343836991149228
severe,5,retained_certificates,44,3,3.4384140003255306,3.4395030704314555
severe,5,retained_certificates,45,4,4.887339084580722,4.887339084580722
severe,5,retained_certificates,46,4,5.089095049363309,5.089095049363309
severe,5,retained_certificates,47,5,5.343803715528755,5.343836991149228
severe,5,retained_certificates,48,2,4.006073017738263,3.9970395413845514
severe,5,retained_certificates,49,3,4.931701711961889,4.9269054339105285
severe,5,retained_certificates,50,3,5.089101690982095,5.089095049363309
severe,5,retained_certificates,51,4,5.34381035714754,5.343836991149228
severe,5,retained_certificates,52,3,4.014336222058645,4.005210777435005
severe,5,retained_certificates,53,4,4.931701711961889,4.9269054339105285
severe,5,retained_certificates,54,4,5.089101690982095,5.089095049363309
severe,5,retained_certificates,55,5,5.34381035714754,5.343836991149228
severe,5,retained_certificates,56,3,4.006073017738263,3.9970395413845514
severe,5,retained_certificates,57,4,4.931701711961889,4.9269054339105285
severe,5,retained_certificates,58,4,5.089101690982095,5.089095049363309
severe,5,retained_certificates,59,5,5.34381035714754,5.343836991149228
severe,5,retained_certificates,60,4,4.014336222058645,4.005210777435005
severe,5,retained_certificates,61,5,4.931701711961889,4.9269054339105285
severe,5,retained_certificates,62,5,5.089101690982095,5.089095049363309
severe,5,retained_certificates,63,6,5.34381035714754,5.343836991149228
severe,6,operational,0,0,0.0,0.0
severe,6,operational,1,1,3.2880024242242514,3.2891855713925344
severe,6,operational,2,1,3.3946355228043856,3.3946355228043856
severe,6,operational,3,2,4.012884693134868,4.018748078772406
severe,6,operational,4,1,0.9966227446968556,0.9941461102646159
severe,6,operational,5,2,3.2880024231990634,3.2891855703736166
severe,6,operational,6,2,3.538654485697435,3.538627979764759
severe,6,operational,7,3,4.006258440251743,4.01276493735023
severe,6,operational,8,1,0.3195636598852527,0.3214135997825096
severe,6,operational,9,2,3.2880024243431074,3.2891855715106635
severe,6,operational,10,2,3.383588676389044,3.3835778981814126
severe,6,operational,11,3,4.006364529629386,4.012683088689492
severe,6,operational,12,2,1.0264681239450484,1.0203872629582538
severe,6,operational,13,3,3.2880024242219634,3.2891855713902602
severe,6,operational,14,3,3.5386544856975726,3.5386279797648936
severe,6,operational,15,4,4.005253553503602,4.011835336092137
severe,6,operational,16,1,2.871391195226037,2.871391195226037
severe,6,operational,17,2,3.628036318678035,3.632461568714181
severe,6,operational,18,2,3.60780766754568,3.6117193547903534
severe,6,operational,19,3,3.9326185689592137,3.9437613299244867
severe,6,operational,20,2,3.049336717316069,3.049336717316069
severe,6,operational,21,3,3.6280363170977576,3.632461567227401
severe,6,operational,22,3,3.7574022429375535,3.759848250210667
severe,6,operational,23,4,3.9339459452914416,3.945654599067338
severe,6,operational,24,2,2.951865817673052,2.951865817673052
severe,6,operational,25,3,3.6280363187286895,3.6324615687617205
severe,6,operational,26,3,3.6061925026848765,3.609101244486373
severe,6,operational,27,4,3.935694028748113,3.9469793383074325
severe,6,operational,28,3,3.0539336630283525,3.0539336630283525
severe,6,operational,29,4,3.6280363110798746,3.632461561160313
severe,6,operational,30,4,3.7632255186106693,3.7656136123308506
severe,6,operational,31,5,3.934067392368668,3.9457838678062918
severe,6,operational,32,1,1.7267769319443635,1.7267769319443635
severe,6,operational,33,2,3.2887425974666344,3.2891855714053313
severe,6,operational,34,2,3.3946355228043856,3.3946355228043856
severe,6,operational,35,3,4.012884693134739,4.0187480787722984
severe,6,operational,36,2,1.9144268433239402,1.9146664162909497
severe,6,operational,37,3,3.2887425974727647,3.289185571411521
severe,6,operational,38,3,3.538654485700997,3.5386279797682363
severe,6,operational,39,4,4.006258440244448,4.012764937343704
severe,6,operational,40,2,1.7267769319443635,1.7267769319443635
severe,6,operational,41,3,3.2887425974706357,3.289185571409371
severe,6,operational,42,3,3.383588676388965,3.3835778981813425
severe,6,operational,43,4,4.006364529629256,4.012683088689293
severe,6,operational,44,3,1.914426843321115,1.9146664162880906
severe,6,operational,45,4,3.2887425975758457,3.289185571516105
severe,6,operational,46,4,3.5386544857010094,3.5386279797682496
severe,6,operational,47,5,4.005253553503292,4.011835336091885
severe,6,operational,48,2,3.595571737509884,3.595571737509884
severe,6,operational,49,3,3.6932677797182163,3.699370605835477
severe,6,operational,50,3,3.923400983182825,3.925467623763429
severe,6,operational,51,4,4.020362489564173,4.028679023672964
severe,6,operational,52,3,3.410378536710944,3.410378536710944
severe,6,operational,53,4,3.6934712515804566,3.6995801763863647
severe,6,operational,54,4,3.964459412774713,3.965787881301523
severe,6,operational,55,5,4.014538519762631,4.023306547322942
severe,6,operational,56,3,3.542863623293072,3.542863623293072
severe,6,operational,57,4,3.6931663106242274,3.699267437710738
severe,6,operational,58,4,3.881376797666851,3.88408367896768
severe,6,operational,59,5,4.020139461223442,4.028467758326905
severe,6,operational,60,4,3.4105848111003985,3.4105848111003985
severe,6,operational,61,5,3.6934746039183217,3.699582574108126
severe,6,operational,62,5,3.964627653002008,3.9659549332918775
severe,6,operational,63,6,4.014917343696819,4.023653363505043
severe,6,retained_certificates,0,0,0.0,0.0
severe,6,retained_certificates,1,1,3.1812405990942594,3.1812405990942594
severe,6,retained_certificates,2,1,3.382996563876847,3.382996563876847
severe,6,retained_certificates,3,2,3.8607698332353224,3.8737943908613834
severe,6,retained_certificates,4,1,0.7916465574412586,0.7909764861947997
severe,6,retained_certificates,5,2,3.1812405990942594,3.1812405990942594
severe,6,retained_certificates,6,2,3.382996563876847,3.382996563876847
severe,6,retained_certificates,7,3,3.8607698332353224,3.8737943908613834
severe,6,retained_certificates,8,1,0.3190664001333392,0.3209158539506811
severe,6,retained_certificates,9,2,3.1812405990942594,3.1812405990942594
severe,6,retained_certificates,10,2,3.382996563876847,3.382996563876847
severe,6,retained_certificates,11,3,3.8607698332353224,3.8737943908613834
severe,6,retained_certificates,12,2,0.9603125246288426,0.9547596245470418
severe,6,retained_certificates,13,3,3.1812405990942594,3.1812405990942594
severe,6,retained_certificates,14,3,3.382996563876847,3.382996563876847
severe,6,retained_certificates,15,4,3.8607698332353224,3.8737943908613834
severe,6,retained_certificates,16,1,1.935449474338526,1.935449474338526
severe,6,retained_certificates,17,2,3.18125804922341,3.1812405990942594
severe,6,retained_certificates,18,2,3.383743272687688,3.384846925669647
severe,6,retained_certificates,19,3,3.8607698332353224,3.8737943908613834
severe,6,retained_certificates,20,2,1.935465128280529,1.935449474338526
severe,6,retained_certificates,21,3,3.18125804922341,3.1812405990942594
severe,6,retained_certificates,22,3,3.383743272687688,3.384846925669647
severe,6,retained_certificates,23,4,3.8607698332353224,3.8737943908613834
severe,6,retained_certificates,24,2,1.9355432247270965,1.935449474338526
severe,6,retained_certificates,25,3,3.18125804922341,3.1812405990942594
severe,6,retained_certificates,26,3,3.383743272687688,3.384846925669647
severe,6,retained_certificates,27,4,3.8607698332353224,3.8737943908613834
severe,6,retained_certificates,28,3,1.9355588786691005,1.935449474338526
severe,6,retained_certificates,29,4,3.18125804922341,3.1812405990942594
severe,6,retained_certificates,30,4,3.383743272687688,3.384846925669647
severe,6,retained_certificates,31,5,3.8607698332353224,3.8737943908613834
severe,6,retained_certificates,32,1,1.715137973016824,1.715137973016824
severe,6,retained_certificates,33,2,3.187897138495602,3.184739406272647
severe,6,retained_certificates,34,2,3.382996563876847,3.382996563876847
severe,6,retained_certificates,35,3,3.8607698332353224,3.8737943908613834
severe,6,retained_certificates,36,2,1.7351060806154512,1.7324637761711257
severe,6,retained_certificates,37,3,3.187897138495602,3.184739406272647
severe,6,retained_certificates,38,3,3.382996563876847,3.382996563876847
severe,6,retained_certificates,39,4,3.8607698332353224,3.8737943908613834
severe,6,retained_certificates,40,2,1.715137973016824,1.715137973016824
severe,6,retained_certificates,41,3,3.187897138495602,3.184739406272647
severe,6,retained_certificates,42,3,3.382996563876847,3.382996563876847
severe,6,retained_certificates,43,4,3.8607698332353224,3.8737943908613834
severe,6,retained_certificates,44,3,1.7351060806154512,1.7324637761711257
severe,6,retained_certificates,45,4,3.187897138495602,3.184739406272647
severe,6,retained_certificates,46,4,3.382996563876847,3.382996563876847
severe,6,retained_certificates,47,5,3.8607698332353224,3.8737943908613834
severe,6,retained_certificates,48,2,2.199868339648636,2.218767047152217
severe,6,retained_certificates,49,3,3.187907425051459,3.184739406272647
severe,6,retained_certificates,50,3,3.383743272687688,3.384846925669647
severe,6,retained_certificates,51,4,3.8607698332353224,3.8737943908613834
severe,6,retained_certificates,52,3,2.199868339648636,2.218767047152217
severe,6,retained_certificates,53,4,3.187907425051459,3.184739406272647
severe,6,retained_certificates,54,4,3.383743272687688,3.384846925669647
severe,6,retained_certificates,55,5,3.8607698332353224,3.8737943908613834
severe,6,retained_certificates,56,3,2.199868339648636,2.218767047152217
severe,6,retained_certificates,57,4,3.187907425051459,3.184739406272647
severe,6,retained_certificates,58,4,3.383743272687688,3.384846925669647
severe,6,retained_certificates,59,5,3.8607698332353224,3.8737943908613834
severe,6,retained_certificates,60,4,2.199868339648636,2.218767047152217
severe,6,retained_certificates,61,5,3.187907425051459,3.184739406272647
severe,6,retained_certificates,62,5,3.383743272687688,3.384846925669647
severe,6,retained_certificates,63,6,3.8607698332353224,3.8737943908613834
severe,7,operational,0,0,0.0,0.0
severe,7,operational,1,1,2.8274565914658347,2.8261895584535544
severe,7,operational,2,1,2.906824770771196,2.906824770771196
severe,7,operational,3,2,3.4889417967280947,3.4889417967280947
severe,7,operational,4,1,1.5694576337633066,1.5694576337633066
severe,7,operational,5,2,2.82745659146566,2.826189558453348
severe,7,operational,6,2,3.0398902932466862,3.0410757543198157
severe,7,operational,7,3,3.478839070446282,3.478839070446282
severe,7,operational,8,1,0.04175994031480634,0.04018874490093083
severe,7,operational,9,2,2.8274565914144727,2.8261895584018095
severe,7,operational,10,2,2.8960210003302063,2.8960747860356553
severe,7,operational,11,3,3.4889422300322956,3.4889422300322956
severe,7,operational,12,2,1.5694576337633022,1.5694576337633022
severe,7,operational,13,3,2.827456591472112,2.8261895584598777
severe,7,operational,14,3,3.0398902932498846,3.0410757543228426
severe,7,operational,15,4,3.478839070445198,3.478839070445198
severe,7,operational,16,1,2.369764834015045,2.369764834015045
severe,7,operational,17,2,3.0544079109119906,3.0499042688047258
severe,7,operational,18,2,3.012713770527686,3.021831885302497
severe,7,operational,19,3,3.3972443944356394,3.398603028053265
severe,7,operational,20,2,2.716682032694745,2.716682032694745
severe,7,operational,21,3,3.0927239289394293,3.088149258003156
severe,7,operational,22,3,3.389862992322853,3.393512390797883
severe,7,operational,23,4,3.4010435754611903,3.4034553408291996
severe,7,operational,24,2,2.384784111239096,2.384784111239096
severe,7,operational,25,3,3.054564082515355,3.050060888964056
severe,7,operational,26,3,3.1282919619552265,3.137365209239181
severe,7,operational,27,4,3.397734917328678,3.3990793553740284
severe,7,operational,28,3,2.716581973463502,2.716581973463502
severe,7,operational,29,4,3.0927106310590675,3.088136564573762
severe,7,operational,30,4,3.390938761046103,3.3945641485461877
severe,7,operational,31,5,3.401088401289329,3.403494467402047
severe,7,operational,32,1,1.38240885775628,1.3825809289525566
severe,7,operational,33,2,2.8274565914197702,2.8261895584071466
severe,7,operational,34,2,2.906824770771196,2.906824770771196
severe,7,operational,35,3,3.488942237151141,3.488942237151141
severe,7,operational,36,2,1.6570596077094883,1.6582082551179722
severe,7,operational,37,3,2.8274565914690313,2.8261895584567744
severe,7,operational,38,3,3.0398902932448797,3.041075754318105
severe,7,operational,39,4,3.478839070445735,3.478839070445735
severe,7,operational,40,2,1.382408857756194,1.3825809289524784
severe,7,operational,41,3,2.827456591462471,2.826189558450166
severe,7,operational,42,3,2.8960210003305966,2.8960747860361113
severe,7,operational,43,4,3.488942295259294,3.488942295259294
severe,7,operational,44,3,1.6570596076811377,1.658208255089531
severe,7,operational,45,4,2.827456591423299,2.8261895584107015
severe,7,operational,46,4,3.039890293247416,3.041075754320506
severe,7,operational,47,5,3.4788390704450456,3.4788390704450456
severe,7,operational,48,2,3.087537993558373,3.087537993558373
severe,7,operational,49,3,3.1581958045826433,3.158635791692185
severe,7,operational,50,3,3.4098710603971196,3.41285080569414
severe,7,operational,51,4,3.4448604878458178,3.445316646615649
severe,7,operational,52,3,3.0845925107787164,3.0845925107787164
severe,7,operational,53,4,3.1463640659002383,3.1448924537583274
severe,7,operational,54,4,3.499859398282405,3.500484740049352
severe,7,operational,55,5,3.4256177280575795,3.427204932387978
severe,7,operational,56,3,3.089837696521387,3.089837696521387
severe,7,operational,57,4,3.1585180526893923,3.158983959726389
severe,7,operational,58,4,3.4569468694389345,3.4587358072207657
severe,7,operational,59,5,3.444741541131724,3.445196982760505
severe,7,operational,60,4,3.0855989860086948,3.0855989860086948
severe,7,operational,61,5,3.146224515798683,3.1447431326818505
severe,7,operational,62,5,3.5002160685066297,3.5008307158504874
severe,7,operational,63,6,3.425748526140583,3.427327378174847
severe,7,retained_certificates,0,0,0.0,0.0
severe,7,retained_certificates,1,1,2.694699268255265,2.694699268255265
severe,7,retained_certificates,2,1,2.896455233037853,2.896455233037853
severe,7,retained_certificates,3,2,2.9408185180960915,2.936741200214507
severe,7,retained_certificates,4,1,0.2526603138458041,0.26284754470666893
severe,7,retained_certificates,5,2,2.694699268255265,2.694699268255265
severe,7,retained_certificates,6,2,2.896455233037853,2.896455233037853
severe,7,retained_certificates,7,3,2.9408185180960915,2.936741200214507
severe,7,retained_certificates,8,1,0.04195284798122412,0.04039902536879669
severe,7,retained_certificates,9,2,2.694699268255265,2.694699268255265
severe,7,retained_certificates,10,2,2.896455233037853,2.896455233037853
severe,7,retained_certificates,11,3,2.9408185180960915,2.936741200214507
severe,7,retained_certificates,12,2,0.254653908486957,0.2642276889256747
severe,7,retained_certificates,13,3,2.694699268255265,2.694699268255265
severe,7,retained_certificates,14,3,2.896455233037853,2.896455233037853
severe,7,retained_certificates,15,4,2.9408185180960915,2.936741200214507
severe,7,retained_certificates,16,1,1.750972265206686,1.750972265206686
severe,7,retained_certificates,17,2,2.6948434577332563,2.6949992767447855
severe,7,retained_certificates,18,2,2.896455233037853,2.896455233037853
severe,7,retained_certificates,19,3,2.9408185180960915,2.936741200214507
severe,7,retained_certificates,20,2,1.750972265206686,1.750972265206686
severe,7,retained_certificates,21,3,2.6948434577332563,2.6949992767447855
severe,7,retained_certificates,22,3,2.896455233037853,2.896455233037853
severe,7,retained_certificates,23,4,2.9408185180960915,2.936741200214507
severe,7,retained_certificates,24,2,1.750972265206686,1.750972265206686
severe,7,retained_certificates,25,3,2.6948434577332563,2.6949992767447855
severe,7,retained_certificates,26,3,2.896455233037853,2.896455233037853
severe,7,retained_certificates,27,4,2.9408185180960915,2.936741200214507
severe,7,retained_certificates,28,3,1.750972265206686,1.750972265206686
severe,7,retained_certificates,29,4,2.6948434577332563,2.6949992767447855
severe,7,retained_certificates,30,4,2.896455233037853,2.896455233037853
severe,7,retained_certificates,31,5,2.9408185180960915,2.936741200214507
severe,7,retained_certificates,32,1,1.2285966421778296,1.2285966421778296
severe,7,retained_certificates,33,2,2.694699268255265,2.694699268255265
severe,7,retained_certificates,34,2,2.896455233037853,2.896455233037853
severe,7,retained_certificates,35,3,2.9408185180960915,2.936741200214507
severe,7,retained_certificates,36,2,1.2286729260567393,1.2286683533153662
severe,7,retained_certificates,37,3,2.694699268255265,2.694699268255265
severe,7,retained_certificates,38,3,2.896455233037853,2.896455233037853
severe,7,retained_certificates,39,4,2.9408185180960915,2.936741200214507
severe,7,retained_certificates,40,2,1.2285966421778296,1.2285966421778296
severe,7,retained_certificates,41,3,2.694699268255265,2.694699268255265
severe,7,retained_certificates,42,3,2.896455233037853,2.896455233037853
severe,7,retained_certificates,43,4,2.9408185180960915,2.936741200214507
severe,7,retained_certificates,44,3,1.2286729260567393,1.2286683533153662
severe,7,retained_certificates,45,4,2.694699268255265,2.694699268255265
severe,7,retained_certificates,46,4,2.896455233037853,2.896455233037853
severe,7,retained_certificates,47,5,2.9408185180960915,2.936741200214507
severe,7,retained_certificates,48,2,1.7568967667180795,1.7579958616463935
severe,7,retained_certificates,49,3,2.6948434577332563,2.6949992767447855
severe,7,retained_certificates,50,3,2.896455233037853,2.896455233037853
severe,7,retained_certificates,51,4,2.9408185180960915,2.936741200214507
severe,7,retained_certificates,52,3,1.7568967667180795,1.7579958616463935
severe,7,retained_certificates,53,4,2.6948434577332563,2.6949992767447855
severe,7,retained_certificates,54,4,2.896455233037853,2.896455233037853
severe,7,retained_certificates,55,5,2.9408185180960915,2.936741200214507
severe,7,retained_certificates,56,3,1.7568967667180795,1.7579958616463935
severe,7,retained_certificates,57,4,2.6948434577332563,2.6949992767447855
severe,7,retained_certificates,58,4,2.896455233037853,2.896455233037853
severe,7,retained_certificates,59,5,2.9408185180960915,2.936741200214507
severe,7,retained_certificates,60,4,1.7568967667180795,1.7579958616463935
severe,7,retained_certificates,61,5,2.6948434577332563,2.6949992767447855
severe,7,retained_certificates,62,5,2.896455233037853,2.896455233037853
severe,7,retained_certificates,63,6,2.9408185180960915,2.936741200214507
severe,8,operational,0,0,0.0,0.0
severe,8,operational,1,1,3.408353251486902,3.4082537852924673
severe,8,operational,2,1,3.5202435321083976,3.5202435321083976
severe,8,operational,3,2,4.08890464525501,4.08890464525501
severe,8,operational,4,1,0.8453141753164877,0.846177973500212
severe,8,operational,5,2,3.4083532513012487,3.4082537851068233
severe,8,operational,6,2,3.674209593881448,3.674209593881448
severe,8,operational,7,3,4.098436740524663,4.098436740524663
severe,8,operational,8,1,0.8264770210955392,0.8266137357817067
severe,8,operational,9,2,3.415568995431922,3.415503902803976
severe,8,operational,10,2,3.5099061333503654,3.509895423148161
severe,8,operational,11,3,4.080667378603859,4.080667378603859
severe,8,operational,12,2,1.3958152833402382,1.3957792887718856
severe,8,operational,13,3,3.4155689186840794,3.4155038259485657
severe,8,operational,14,3,3.6742095938925208,3.6742095938925208
severe,8,operational,15,4,4.087117886088978,4.087117886088978
severe,8,operational,16,1,3.3751791847101518,3.3751791847101518
severe,8,operational,17,2,3.7833926132015705,3.7862405543563113
severe,8,operational,18,2,3.7429387277280597,3.7411428757372613
severe,8,operational,19,3,3.9795400191977666,3.9779810035826646
severe,8,operational,20,2,3.5670956028686507,3.5670956028686507
severe,8,operational,21,3,3.7598378403097734,3.7629726834213377
severe,8,operational,22,3,4.033646584593395,4.033478867023422
severe,8,operational,23,4,4.037498403357327,4.036472509104721
severe,8,operational,24,2,3.7960648243365664,3.7960648243365664
severe,8,operational,25,3,3.996557115439892,3.9965288495629707
severe,8,operational,26,3,3.827193781072876,3.8265718440455556
severe,8,operational,27,4,4.301824727355055,4.301785549145201
severe,8,operational,28,3,3.8789848064902333,3.8789848064902333
severe,8,operational,29,4,3.9972548111977795,3.9972272907605824
severe,8,operational,30,4,4.291214667214845,4.291214667214845
severe,8,operational,31,5,4.322462766366029,4.322444700057229
severe,8,operational,32,1,1.852384941248376,1.852384941248376
severe,8,operational,33,2,3.408353251431212,3.408253785236842
severe,8,operational,34,2,3.5202435321083976,3.5202435321083976
severe,8,operational,35,3,4.0889046495732035,4.0889046495732035
severe,8,operational,36,2,2.0012153521857483,2.0009366470742993
severe,8,operational,37,3,3.408353251300449,3.4082537851060235
severe,8,operational,38,3,3.674209593889939,3.674209593889939
severe,8,operational,39,4,4.098436764106738,4.098436764106738
severe,8,operational,40,2,1.852384941248376,1.852384941248376
severe,8,operational,41,3,3.4155689900896133,3.415503897453991
severe,8,operational,42,3,3.5099061333495483,3.509895423147369
severe,8,operational,43,4,4.080667645694167,4.080667645694167
severe,8,operational,44,3,2.0012153521817035,2.000936647070211
severe,8,operational,45,4,3.4155689900789836,3.4155038974433505
severe,8,operational,46,4,3.674209593890165,3.674209593890165
severe,8,operational,47,5,4.087118061001475,4.087118061001475
severe,8,operational,48,2,3.862124806715318,3.862124806715318
severe,8,operational,49,3,3.855084837765655,3.85674244947754
severe,8,operational,50,3,4.013453884263729,4.013504811434108
severe,8,operational,51,4,3.983254063907504,3.981769243161128
severe,8,operational,52,3,3.7847550478607044,3.7847550478607044
severe,8,operational,53,4,3.851928638585693,3.853775075789701
severe,8,operational,54,4,4.122708628743335,4.12266255295542
severe,8,operational,55,5,4.037665216918255,4.036640864924123
severe,8,operational,56,3,4.131040802764729,4.131040802764729
severe,8,operational,57,4,4.035546832427803,4.035531308428046
severe,8,operational,58,4,4.078053557570979,4.078145630648344
severe,8,operational,59,5,4.308715184140325,4.308677777970798
severe,8,operational,60,4,4.117157464837627,4.117157464837627
severe,8,operational,61,5,4.035685083765048,4.035669903642267
severe,8,operational,62,5,4.338356799768945,4.338356799768945
severe,8,operational,63,6,4.329636932843093,4.329619546310339
severe,8,retained_certificates,0,0,0.0,0.0
severe,8,retained_certificates,1,1,3.305697917083469,3.305697917083469
severe,8,retained_certificates,2,1,3.507453881866057,3.507453881866057
severe,8,retained_certificates,3,2,3.549296396453714,3.548246508413595
severe,8,retained_certificates,4,1,0.6852257173492147,0.6870011292533968
severe,8,retained_certificates,5,2,3.305697917083469,3.305697917083469
severe,8,retained_certificates,6,2,3.507453881866057,3.507453881866057
severe,8,retained_certificates,7,3,3.549296396453714,3.548246508413595
severe,8,retained_certificates,8,1,0.6973960362899865,0.7043557028172449
severe,8,retained_certificates,9,2,3.305697917083469,3.305697917083469
severe,8,retained_certificates,10,2,3.507453881866057,3.507453881866057
severe,8,retained_certificates,11,3,3.549296396453714,3.548246508413595
severe,8,retained_certificates,12,2,0.8036791051807484,0.8048697173722248
severe,8,retained_certificates,13,3,3.305697917083469,3.305697917083469
severe,8,retained_certificates,14,3,3.507453881866057,3.507453881866057
severe,8,retained_certificates,15,4,3.549296396453714,3.548246508413595
severe,8,retained_certificates,16,1,2.7216867208388242,2.7216867208388242
severe,8,retained_certificates,17,2,3.3114483865793978,3.3086526604336584
severe,8,retained_certificates,18,2,3.508338667306679,3.5090839202467268
severe,8,retained_certificates,19,3,3.5495232366483345,3.548246508413595
severe,8,retained_certificates,20,2,2.7216867208388242,2.7216867208388242
severe,8,retained_certificates,21,3,3.3114483865793978,3.3086526604336584
severe,8,retained_certificates,22,3,3.508338667306679,3.5090839202467268
severe,8,retained_certificates,23,4,3.5495232366483345,3.548246508413595
severe,8,retained_certificates,24,2,2.7216867208388242,2.7216867208388242
severe,8,retained_certificates,25,3,3.3114483865793978,3.3086526604336584
severe,8,retained_certificates,26,3,3.508338667306679,3.5090839202467268
severe,8,retained_certificates,27,4,3.5495232366483345,3.548246508413595
severe,8,retained_certificates,28,3,2.7216867208388242,2.7216867208388242
severe,8,retained_certificates,29,4,3.3114483865793978,3.3086526604336584
severe,8,retained_certificates,30,4,3.508338667306679,3.5090839202467268
severe,8,retained_certificates,31,5,3.5495232366483345,3.548246508413595
severe,8,retained_certificates,32,1,1.8395952910060336,1.8395952910060336
severe,8,retained_certificates,33,2,3.305697917083469,3.305697917083469
severe,8,retained_certificates,34,2,3.507453881866057,3.507453881866057
severe,8,retained_certificates,35,3,3.549296396453714,3.548246508413595
severe,8,retained_certificates,36,2,1.8395952910060336,1.8395952910060336
severe,8,retained_certificates,37,3,3.305697917083469,3.305697917083469
severe,8,retained_certificates,38,3,3.507453881866057,3.507453881866057
severe,8,retained_certificates,39,4,3.549296396453714,3.548246508413595
severe,8,retained_certificates,40,2,1.8395952910060336,1.8395952910060336
severe,8,retained_certificates,41,3,3.305697917083469,3.305697917083469
severe,8,retained_certificates,42,3,3.507453881866057,3.507453881866057
severe,8,retained_certificates,43,4,3.549296396453714,3.548246508413595
severe,8,retained_certificates,44,3,1.8395952910060336,1.8395952910060336
severe,8,retained_certificates,45,4,3.305697917083469,3.305697917083469
severe,8,retained_certificates,46,4,3.507453881866057,3.507453881866057
severe,8,retained_certificates,47,5,3.549296396453714,3.548246508413595
severe,8,retained_certificates,48,2,2.7231055956119907,2.7239719260205733
severe,8,retained_certificates,49,3,3.3114483865793978,3.3086526604336584
severe,8,retained_certificates,50,3,3.508338667306679,3.5090839202467268
severe,8,retained_certificates,51,4,3.5495232366483345,3.548246508413595
severe,8,retained_certificates,52,3,2.7231055956119907,2.7239719260205733
severe,8,retained_certificates,53,4,3.3114483865793978,3.3086526604336584
severe,8,retained_certificates,54,4,3.508338667306679,3.5090839202467268
severe,8,retained_certificates,55,5,3.5495232366483345,3.548246508413595
severe,8,retained_certificates,56,3,2.7231055956119907,2.7239719260205733
severe,8,retained_certificates,57,4,3.3114483865793978,3.3086526604336584
severe,8,retained_certificates,58,4,3.508338667306679,3.5090839202467268
severe,8,retained_certificates,59,5,3.5495232366483345,3.548246508413595
severe,8,retained_certificates,60,4,2.7231055956119907,2.7239719260205733
severe,8,retained_certificates,61,5,3.3114483865793978,3.3086526604336584
severe,8,retained_certificates,62,5,3.508338667306679,3.5090839202467268
severe,8,retained_certificates,63,6,3.5495232366483345,3.548246508413595
severe,9,operational,0,0,0.0,0.0
severe,9,operational,1,1,4.055612370583721,4.056547729463116
severe,9,operational,2,1,4.25991776317445,4.25991776317445
severe,9,operational,3,2,4.8411984898998135,4.8411984898998135
severe,9,operational,4,1,1.5205967081684086,1.5194475215233796
severe,9,operational,5,2,4.055612370533972,4.056547729413175
severe,9,operational,6,2,4.4114487968583465,4.4114487968583465
severe,9,operational,7,3,4.841198489901622,4.841198489901622
severe,9,operational,8,1,1.1356813416663085,1.142307905953401
severe,9,operational,9,2,4.0556123705615565,4.056547729440866
severe,9,operational,10,2,4.249517887789711,4.2495796104698975
severe,9,operational,11,3,4.841198489900309,4.841198489900309
severe,9,operational,12,2,1.643089221858749,1.6561780977658742
severe,9,operational,13,3,4.055612370533444,4.056547729412645
severe,9,operational,14,3,4.411448796859833,4.411448796859833
severe,9,operational,15,4,4.841198489903041,4.841198489903041
severe,9,operational,16,1,4.159138190858542,4.159138190858542
severe,9,operational,17,2,4.325550389795797,4.333891422675875
severe,9,operational,18,2,4.529143749867645,4.529136107825654
severe,9,operational,19,3,4.828984713386007,4.8288530029851024
severe,9,operational,20,2,4.099383769193032,4.099383769193032
severe,9,operational,21,3,4.3253867885517,4.333733794392984
severe,9,operational,22,3,4.744237148926771,4.744119420587872
severe,9,operational,23,4,4.827321789511586,4.82719269634707
severe,9,operational,24,2,4.156982072114482,4.156982072114482
severe,9,operational,25,3,4.325577311353642,4.333917345138179
severe,9,operational,26,3,4.793755963381894,4.793725035163918
severe,9,operational,27,4,4.829301969861455,4.829170267785376
severe,9,operational,28,3,4.0995692426451456,4.0995692426451456
severe,9,operational,29,4,4.325413406384067,4.3337594619252355
severe,9,operational,30,4,4.761245570809107,4.761177407519552
severe,9,operational,31,5,4.827541563409227,4.827412708487688
severe,9,operational,32,1,2.5920591723144284,2.5920591723144284
severe,9,operational,33,2,4.055612370546088,4.056547729425338
severe,9,operational,34,2,4.25991776317445,4.25991776317445
severe,9,operational,35,3,4.841198489899826,4.841198489899826
severe,9,operational,36,2,2.751055725943041,2.750701067476169
severe,9,operational,37,3,4.055612370549037,4.056547729428298
severe,9,operational,38,3,4.411448796854714,4.411448796854714
severe,9,operational,39,4,4.8411984899090275,4.8411984899090275
severe,9,operational,40,2,2.5921460042632214,2.5920591723144284
severe,9,operational,41,3,4.055612370544038,4.05654772942328
severe,9,operational,42,3,4.24951788778819,4.249579610468201
severe,9,operational,43,4,4.841198489901913,4.841198489901913
severe,9,operational,44,3,2.751055725944476,2.7507010674776264
severe,9,operational,45,4,4.055612370543183,4.056547729422421
severe,9,operational,46,4,4.411448796855014,4.411448796855014
severe,9,operational,47,5,4.841198489909342,4.841198489909342
severe,9,operational,48,2,4.431341217920341,4.431341217920341
severe,9,operational,49,3,4.416890094470858,4.427873643403747
severe,9,operational,50,3,4.95478354163761,4.95478354163761
severe,9,operational,51,4,4.934519365819872,4.934502296595662
severe,9,operational,52,3,4.43081421600488,4.43081421600488
severe,9,operational,53,4,4.4169999226268395,4.427985792228774
severe,9,operational,54,4,4.952629907296812,4.952629907296812
severe,9,operational,55,5,4.936380383549356,4.936364734399993
severe,9,operational,56,3,4.431211205006788,4.431211205006788
severe,9,operational,57,4,4.417396989308295,4.428392144021974
severe,9,operational,58,4,4.934854618167227,4.934854618167227
severe,9,operational,59,5,4.935486775980376,4.935470480599797
severe,9,operational,60,4,4.43078602038967,4.43078602038967
severe,9,operational,61,5,4.41713088650158,4.428118792691121
severe,9,operational,62,5,4.9543484786247465,4.9543484786247465
severe,9,operational,63,6,4.936721360165677,4.936705992110449
severe,9,retained_certificates,0,0,0.0,0.0
severe,9,retained_certificates,1,1,4.048704100390459,4.048704100390459
severe,9,retained_certificates,2,1,4.250460065173048,4.250460065173048
severe,9,retained_certificates,3,2,4.2991397826441204,4.309097183748138
severe,9,retained_certificates,4,1,1.5042737428048003,1.5042737428048003
severe,9,retained_certificates,5,2,4.048704100390459,4.048704100390459
severe,9,retained_certificates,6,2,4.250460065173048,4.250460065173048
severe,9,retained_certificates,7,3,4.2991397826441204,4.309097183748138
severe,9,retained_certificates,8,1,1.0246797917346155,1.0426285545473961
severe,9,retained_certificates,9,2,4.048704100390459,4.048704100390459
severe,9,retained_certificates,10,2,4.250460065173048,4.250460065173048
severe,9,retained_certificates,11,3,4.2991397826441204,4.309097183748138
severe,9,retained_certificates,12,2,1.6440251103497525,1.6577631278712879
severe,9,retained_certificates,13,3,4.048704100390459,4.048704100390459
severe,9,retained_certificates,14,3,4.250460065173048,4.250460065173048
severe,9,retained_certificates,15,4,4.2991397826441204,4.309097183748138
severe,9,retained_certificates,16,1,2.856468819556037,2.856468819556037
severe,9,retained_certificates,17,2,4.048704100390459,4.048704100390459
severe,9,retained_certificates,18,2,4.250460065173048,4.250460065173048
severe,9,retained_certificates,19,3,4.2991397826441204,4.309097183748138
severe,9,retained_certificates,20,2,2.856468819556037,2.856468819556037
severe,9,retained_certificates,21,3,4.048704100390459,4.048704100390459
severe,9,retained_certificates,22,3,4.250460065173048,4.250460065173048
severe,9,retained_certificates,23,4,4.2991397826441204,4.309097183748138
severe,9,retained_certificates,24,2,2.856468819556037,2.856468819556037
severe,9,retained_certificates,25,3,4.048704100390459,4.048704100390459
severe,9,retained_certificates,26,3,4.250460065173048,4.250460065173048
severe,9,retained_certificates,27,4,4.2991397826441204,4.309097183748138
severe,9,retained_certificates,28,3,2.856468819556037,2.856468819556037
severe,9,retained_certificates,29,4,4.048704100390459,4.048704100390459
severe,9,retained_certificates,30,4,4.250460065173048,4.250460065173048
severe,9,retained_certificates,31,5,4.2991397826441204,4.309097183748138
severe,9,retained_certificates,32,1,2.582601474313024,2.582601474313024
severe,9,retained_certificates,33,2,4.048704100390459,4.048704100390459
severe,9,retained_certificates,34,2,4.250460065173048,4.250460065173048
severe,9,retained_certificates,35,3,4.2991397826441204,4.309097183748138
severe,9,retained_certificates,36,2,2.5826286223101107,2.582601474313024
severe,9,retained_certificates,37,3,4.048704100390459,4.048704100390459
severe,9,retained_certificates,38,3,4.250460065173048,4.250460065173048
severe,9,retained_certificates,39,4,4.2991397826441204,4.309097183748138
severe,9,retained_certificates,40,2,2.582688306261817,2.582601474313024
severe,9,retained_certificates,41,3,4.048704100390459,4.048704100390459
severe,9,retained_certificates,42,3,4.250460065173048,4.250460065173048
severe,9,retained_certificates,43,4,4.2991397826441204,4.309097183748138
severe,9,retained_certificates,44,3,2.5827154542589037,2.582601474313024
severe,9,retained_certificates,45,4,4.048704100390459,4.048704100390459
severe,9,retained_certificates,46,4,4.250460065173048,4.250460065173048
severe,9,retained_certificates,47,5,4.2991397826441204,4.309097183748138
severe,9,retained_certificates,48,2,2.8839296900576663,2.880694434106762
severe,9,retained_certificates,49,3,4.048704100390459,4.048704100390459
severe,9,retained_certificates,50,3,4.250460065173048,4.250460065173048
severe,9,retained_certificates,51,4,4.2991397826441204,4.309097183748138
severe,9,retained_certificates,52,3,2.8839296900576663,2.880694434106762
severe,9,retained_certificates,53,4,4.048704100390459,4.048704100390459
severe,9,retained_certificates,54,4,4.250460065173048,4.250460065173048
severe,9,retained_certificates,55,5,4.2991397826441204,4.309097183748138
severe,9,retained_certificates,56,3,2.8839296900576663,2.880694434106762
severe,9,retained_certificates,57,4,4.048704100390459,4.048704100390459
severe,9,retained_certificates,58,4,4.250460065173048,4.250460065173048
severe,9,retained_certificates,59,5,4.2991397826441204,4.309097183748138
severe,9,retained_certificates,60,4,2.8839296900576663,2.880694434106762
severe,9,retained_certificates,61,5,4.048704100390459,4.048704100390459
severe,9,retained_certificates,62,5,4.250460065173048,4.250460065173048
severe,9,retained_certificates,63,6,4.2991397826441204,4.309097183748138
severe,10,operational,0,0,0.0,0.0
severe,10,operational,1,1,2.771927617802478,2.771787505705184
severe,10,operational,2,1,2.6671066076072005,2.6671066076072005
severe,10,operational,3,2,3.2630434079582384,3.263001372929041
severe,10,operational,4,1,0.9189650296117513,0.9189650296117513
severe,10,operational,5,2,2.7719276178024743,2.7717875057051806
severe,10,operational,6,2,2.7807571239164033,2.7804748104882773
severe,10,operational,7,3,3.2578187629032436,3.257774022472821
severe,10,operational,8,1,0.28703705636046717,0.28699281254847353
severe,10,operational,9,2,2.7734137501387224,2.773143767871291
severe,10,operational,10,2,2.6572841094745954,2.6572892931728824
severe,10,operational,11,3,3.263043407958227,3.2630013729290304
severe,10,operational,12,2,0.9211159802113507,0.9211159802113507
severe,10,operational,13,3,2.7734137501505076,2.7731437678832367
severe,10,operational,14,3,2.7807571239158895,2.7804748104877417
severe,10,operational,15,4,3.2578187628949573,3.2577740224645266
severe,10,operational,16,1,2.727695577613475,2.727695577613475
severe,10,operational,17,2,3.4975770130177555,3.4975503358913875
severe,10,operational,18,2,2.9448453476988377,2.942396141475683
severe,10,operational,19,3,3.5502386940276773,3.5502332623551185
severe,10,operational,20,2,3.3141904098703256,3.3141904098703256
severe,10,operational,21,3,3.513123162022956,3.51306321115751
severe,10,operational,22,3,3.523060743956714,3.523060743956714
severe,10,operational,23,4,3.637372577446003,3.6373649613308796
severe,10,operational,24,2,2.7344043634018647,2.7344043634018647
severe,10,operational,25,3,3.5251437992512438,3.5251329764241195
severe,10,operational,26,3,2.9447996667456477,2.94234945448091
severe,10,operational,27,4,3.551379247965811,3.551372174211833
severe,10,operational,28,3,3.312401903345185,3.312401903345185
severe,10,operational,29,4,3.52400716629208,3.5239730902390667
severe,10,operational,30,4,3.523060775187309,3.523060775187309
severe,10,operational,31,5,3.6437349204222325,3.6437312903805807
severe,10,operational,32,1,0.9960180303202231,0.995810218792287
severe,10,operational,33,2,2.7719276178025334,2.7717875057052384
severe,10,operational,34,2,2.6671066076072005,2.6671066076072005
severe,10,operational,35,3,3.2630434079580475,3.2630013729288603
severe,10,operational,36,2,1.0557823452270831,1.0489179396261203
severe,10,operational,37,3,2.7719276178025307,2.7717875057052357
severe,10,operational,38,3,2.780757123916734,2.7804748104886223
severe,10,operational,39,4,3.2578187628935296,3.257774022463097
severe,10,operational,40,2,0.9960864398997771,0.9958102187936211
severe,10,operational,41,3,2.773413750140162,2.7731437678727504
severe,10,operational,42,3,2.6572841094751647,2.6572892931734557
severe,10,operational,43,4,3.263043407958617,3.2630013729294
severe,10,operational,44,3,1.0583951196295445,1.0514669656837858
severe,10,operational,45,4,2.7734137501366485,2.7731437678691897
severe,10,operational,46,4,2.7807571239162927,2.7804748104881623
severe,10,operational,47,5,3.257818762895465,3.2577740224650347
severe,10,operational,48,2,3.3729930357450306,3.3729930357450306
severe,10,operational,49,3,3.530850170729723,3.530823788641194
severe,10,operational,50,3,3.3242032711597,3.324184318900579
severe,10,operational,51,4,3.5758475015859483,3.5758378637186228
severe,10,operational,52,3,3.362833537636406,3.362833537636406
severe,10,operational,53,4,3.5239947411726265,3.523939749172862
severe,10,operational,54,4,3.523060745874725,3.5230607458747256
severe,10,operational,55,5,3.6380877714215805,3.638080031153666
severe,10,operational,56,3,3.3729929866160346,3.3729929866160346
severe,10,operational,57,4,3.5417352026282987,3.541719090670389
severe,10,operational,58,4,3.324217965867972,3.324198857227062
severe,10,operational,59,5,3.574539365427852,3.574531934354936
severe,10,operational,60,4,3.3628335376175134,3.3628335376175134
severe,10,operational,61,5,3.5374275021569956,3.5373987490210874
severe,10,operational,62,5,3.5230607451966405,3.52306074519664
severe,10,operational,63,6,3.6437349204132286,3.6437312903715773
severe,10,retained_certificates,0,0,0.0,0.0
severe,10,retained_certificates,1,1,2.5188422699533577,2.5188422699533577
severe,10,retained_certificates,2,1,2.649929750304998,2.649929750304998
severe,10,retained_certificates,3,2,2.84856004939504,2.8613667887233216
severe,10,retained_certificates,4,1,0.2553790107700742,0.2502752785819995
severe,10,retained_certificates,5,2,2.5188422699533577,2.5188422699533577
severe,10,retained_certificates,6,2,2.649929750304998,2.649929750304998
severe,10,retained_certificates,7,3,2.84856004939504,2.8613667887233216
severe,10,retained_certificates,8,1,0.0986846700181152,0.11488859620208114
severe,10,retained_certificates,9,2,2.5188422699533577,2.5188422699533577
severe,10,retained_certificates,10,2,2.649929750304998,2.649929750304998
severe,10,retained_certificates,11,3,2.84856004939504,2.8613667887233216
severe,10,retained_certificates,12,2,0.2653394129751385,0.25888907468590094
severe,10,retained_certificates,13,3,2.5188422699533577,2.5188422699533577
severe,10,retained_certificates,14,3,2.649929750304998,2.649929750304998
severe,10,retained_certificates,15,4,2.84856004939504,2.8613667887233216
severe,10,retained_certificates,16,1,2.281402435394912,2.281402435394912
severe,10,retained_certificates,17,2,2.6484100040298513,2.650298551743253
severe,10,retained_certificates,18,2,2.663403561217039,2.6619677237965615
severe,10,retained_certificates,19,3,2.853026744528,2.865087895660332
severe,10,retained_certificates,20,2,2.281402435394912,2.281402435394912
severe,10,retained_certificates,21,3,2.6484100040298513,2.650298551743253
severe,10,retained_certificates,22,3,2.663403561217039,2.6619677237965615
severe,10,retained_certificates,23,4,2.853026744528,2.865087895660332
severe,10,retained_certificates,24,2,2.281402435394912,2.281402435394912
severe,10,retained_certificates,25,3,2.6484100040298513,2.650298551743253
severe,10,retained_certificates,26,3,2.663403561217039,2.6619677237965615
severe,10,retained_certificates,27,4,2.853026744528,2.865087895660332
severe,10,retained_certificates,28,3,2.281402435394912,2.281402435394912
severe,10,retained_certificates,29,4,2.6484100040298513,2.650298551743253
severe,10,retained_certificates,30,4,2.663403561217039,2.6619677237965615
severe,10,retained_certificates,31,5,2.853026744528,2.865087895660332
severe,10,retained_certificates,32,1,0.9820711594449749,0.9820711594449749
severe,10,retained_certificates,33,2,2.5189449350083213,2.5191320783965763
severe,10,retained_certificates,34,2,2.649929750304998,2.649929750304998
severe,10,retained_certificates,35,3,2.84856004939504,2.8613667887233216
severe,10,retained_certificates,36,2,0.9839832051078314,0.9841250339168601
severe,10,retained_certificates,37,3,2.5189449350083213,2.5191320783965763
severe,10,retained_certificates,38,3,2.649929750304998,2.649929750304998
severe,10,retained_certificates,39,4,2.84856004939504,2.8613667887233216
severe,10,retained_certificates,40,2,0.9821866289600791,0.9820807921060881
severe,10,retained_certificates,41,3,2.5189449350083213,2.5191320783965763
severe,10,retained_certificates,42,3,2.649929750304998,2.649929750304998
severe,10,retained_certificates,43,4,2.84856004939504,2.8613667887233216
severe,10,retained_certificates,44,3,0.9840411334441956,0.9841250339168601
severe,10,retained_certificates,45,4,2.5189449350083213,2.5191320783965763
severe,10,retained_certificates,46,4,2.649929750304998,2.649929750304998
severe,10,retained_certificates,47,5,2.84856004939504,2.8613667887233216
severe,10,retained_certificates,48,2,2.281402435394912,2.281402435394912
severe,10,retained_certificates,49,3,2.6484100040298513,2.650298551743253
severe,10,retained_certificates,50,3,2.663403561217039,2.6619677237965615
severe,10,retained_certificates,51,4,2.853026744528,2.865087895660332
severe,10,retained_certificates,52,3,2.281402435394912,2.281402435394912
severe,10,retained_certificates,53,4,2.6484100040298513,2.650298551743253
severe,10,retained_certificates,54,4,2.663403561217039,2.6619677237965615
severe,10,retained_certificates,55,5,2.853026744528,2.865087895660332
severe,10,retained_certificates,56,3,2.281402435394912,2.281402435394912
severe,10,retained_certificates,57,4,2.6484100040298513,2.650298551743253
severe,10,retained_certificates,58,4,2.663403561217039,2.6619677237965615
severe,10,retained_certificates,59,5,2.853026744528,2.865087895660332
severe,10,retained_certificates,60,4,2.281402435394912,2.281402435394912
severe,10,retained_certificates,61,5,2.6484100040298513,2.650298551743253
severe,10,retained_certificates,62,5,2.663403561217039,2.6619677237965615
severe,10,retained_certificates,63,6,2.853026744528,2.865087895660332
severe,11,operational,0,0,0.0,0.0
severe,11,operational,1,1,2.8241602560624157,2.82452395797566
severe,11,operational,2,1,2.9686265745826734,2.9686265745826734
severe,11,operational,3,2,3.5749122688721156,3.576342753942348
severe,11,operational,4,1,0.5974076668941795,0.5977103375666228
severe,11,operational,5,2,2.8241602561783155,2.8245239580913903
severe,11,operational,6,2,3.115960603210016,3.1169265164063504
severe,11,operational,7,3,3.566994167321968,3.5685139375706934
severe,11,operational,8,1,0.6048115561875047,0.6068034891365794
severe,11,operational,9,2,2.824160256011944,2.8245239579252703
severe,11,operational,10,2,2.9599511195492583,2.9598799901246027
severe,11,operational,11,3,3.5671825198347835,3.568775414807197
severe,11,operational,12,2,0.9782280883271461,0.980444189601994
severe,11,operational,13,3,2.824160256174195,2.8245239580872816
severe,11,operational,14,3,3.115960603210791,3.1169265164071156
severe,11,operational,15,4,3.5657455187421725,3.5672919343264073
severe,11,operational,16,1,2.5611998957483344,2.5615265734386625
severe,11,operational,17,2,3.1121684187997145,3.116005998981512
severe,11,operational,18,2,3.348167902795214,3.3490394422452052
severe,11,operational,19,3,3.4987373807600464,3.5051146958570745
severe,11,operational,20,2,2.6886829265411887,2.6886710104992564
severe,11,operational,21,3,3.112065466697925,3.116030399429233
severe,11,operational,22,3,3.546708503616898,3.5468314035976203
severe,11,operational,23,4,3.4981069094026225,3.504358322298354
severe,11,operational,24,2,2.593851428305621,2.594013637620934
severe,11,operational,25,3,3.1173596989716073,3.1212699156072814
severe,11,operational,26,3,3.46551936264805,3.466306977110346
severe,11,operational,27,4,3.5153255010356994,3.5212260286451755
severe,11,operational,28,3,2.688682927394559,2.6886710113490953
severe,11,operational,29,4,3.1161625431855384,3.1201400396065844
severe,11,operational,30,4,3.5467535924128306,3.5468786771501284
severe,11,operational,31,5,3.512466842140264,3.5182113562049038
severe,11,operational,32,1,1.300785749079287,1.3007679837226513
severe,11,operational,33,2,2.957440792136179,2.9603579157306075
severe,11,operational,34,2,2.9686265745826734,2.9686265745826734
severe,11,operational,35,3,3.5749122688728194,3.576342753943502
severe,11,operational,36,2,1.522776892117209,1.5293631576053706
severe,11,operational,37,3,2.9574407921472003,2.9603579157415676
severe,11,operational,38,3,3.1159606032166685,3.1169265164129145
severe,11,operational,39,4,3.566994167330639,3.5685139375793486
severe,11,operational,40,2,1.301058835530795,1.3015975696324134
severe,11,operational,41,3,2.9574407922879518,2.9603579158876485
severe,11,operational,42,3,2.9599511195487973,2.959879990124156
severe,11,operational,43,4,3.5671825198400002,3.568775414811742
severe,11,operational,44,3,1.5229495338389114,1.529807055735188
severe,11,operational,45,4,2.9574407921365555,2.960357915731006
severe,11,operational,46,4,3.1159606032166405,3.116926516412887
severe,11,operational,47,5,3.5657455187434075,3.567291934327746
severe,11,operational,48,2,3.5146686059664356,3.5146686059664356
severe,11,operational,49,3,3.2701238997629964,3.27567537754896
severe,11,operational,50,3,3.685006888797391,3.6849578985459726
severe,11,operational,51,4,3.6438136752872845,3.647701229176019
severe,11,operational,52,3,3.354185579254817,3.3541855792548176
severe,11,operational,53,4,3.270362072160846,3.2759211728675943
severe,11,operational,54,4,3.8351333370687133,3.8351333370687133
severe,11,operational,55,5,3.638501750631833,3.642506263646144
severe,11,operational,56,3,3.4601204948072626,3.4601204948072626
severe,11,operational,57,4,3.269111948761141,3.2746386601744506
severe,11,operational,58,4,3.7496519664046932,3.749642254861781
severe,11,operational,59,5,3.6907970068708513,3.6941390094341657
severe,11,operational,60,4,3.3550673487253615,3.3550673487253615
severe,11,operational,61,5,3.2689830980450107,3.2745140483820627
severe,11,operational,62,5,3.870397491137938,3.870397491137938
severe,11,operational,63,6,3.680380976050179,3.6839198220212426
severe,11,retained_certificates,0,0,0.0,0.0
severe,11,retained_certificates,1,1,2.754938518888614,2.754938518888614
severe,11,retained_certificates,2,1,2.9566944836712015,2.9566944836712015
severe,11,retained_certificates,3,2,3.275171310614276,3.291550106266793
severe,11,retained_certificates,4,1,0.3897435379054528,0.3899774855673357
severe,11,retained_certificates,5,2,2.754938518888614,2.754938518888614
severe,11,retained_certificates,6,2,2.9566944836712015,2.9566944836712015
severe,11,retained_certificates,7,3,3.275171310614276,3.291550106266793
severe,11,retained_certificates,8,1,0.6047593573244843,0.6067512902735581
severe,11,retained_certificates,9,2,2.754938518888614,2.754938518888614
severe,11,retained_certificates,10,2,2.9566944836712015,2.9566944836712015
severe,11,retained_certificates,11,3,3.275171310614276,3.291550106266793
severe,11,retained_certificates,12,2,0.9772928291583325,0.979619058338578
severe,11,retained_certificates,13,3,2.754938518888614,2.754938518888614
severe,11,retained_certificates,14,3,2.9566944836712015,2.9566944836712015
severe,11,retained_certificates,15,4,3.275171310614276,3.291550106266793
severe,11,retained_certificates,16,1,2.0817833216759354,2.0817833216759354
severe,11,retained_certificates,17,2,2.7571807612688857,2.759778571162054
severe,11,retained_certificates,18,2,2.974533526191601,2.9759898257953745
severe,11,retained_certificates,19,3,3.275171310614276,3.291550106266793
severe,11,retained_certificates,20,2,2.0817833216759354,2.0817833216759354
severe,11,retained_certificates,21,3,2.7571807612688857,2.759778571162054
severe,11,retained_certificates,22,3,2.974533526191601,2.9759898257953745
severe,11,retained_certificates,23,4,3.275171310614276,3.291550106266793
severe,11,retained_certificates,24,2,2.083242053751484,2.0843514957064073
severe,11,retained_certificates,25,3,2.7571807612688857,2.759778571162054
severe,11,retained_certificates,26,3,2.974533526191601,2.9759898257953745
severe,11,retained_certificates,27,4,3.275171310614276,3.291550106266793
severe,11,retained_certificates,28,3,2.083242053751484,2.0843514957064073
severe,11,retained_certificates,29,4,2.7571807612688857,2.759778571162054
severe,11,retained_certificates,30,4,2.974533526191601,2.9759898257953745
severe,11,retained_certificates,31,5,3.275171310614276,3.291550106266793
severe,11,retained_certificates,32,1,1.2888541387583308,1.2888358928111785
severe,11,retained_certificates,33,2,2.763728710141781,2.7671741930999447
severe,11,retained_certificates,34,2,2.9566944836712015,2.9566944836712015
severe,11,retained_certificates,35,3,3.275171310614276,3.291550106266793
severe,11,retained_certificates,36,2,1.3581502214215817,1.3719194875201026
severe,11,retained_certificates,37,3,2.763728710141781,2.7671741930999447
severe,11,retained_certificates,38,3,2.9566944836712015,2.9566944836712015
severe,11,retained_certificates,39,4,3.275171310614276,3.291550106266793
severe,11,retained_certificates,40,2,1.2891272252098398,1.2896654787209405
severe,11,retained_certificates,41,3,2.763728710141781,2.7671741930999447
severe,11,retained_certificates,42,3,2.9566944836712015,2.9566944836712015
severe,11,retained_certificates,43,4,3.275171310614276,3.291550106266793
severe,11,retained_certificates,44,3,1.3584233078730898,1.3727490734298646
severe,11,retained_certificates,45,4,2.763728710141781,2.7671741930999447
severe,11,retained_certificates,46,4,2.9566944836712015,2.9566944836712015
severe,11,retained_certificates,47,5,3.275171310614276,3.291550106266793
severe,11,retained_certificates,48,2,2.1874034916619918,2.196193732544268
severe,11,retained_certificates,49,3,2.765315074081552,2.7694318150178217
severe,11,retained_certificates,50,3,2.974533526191601,2.9759898257953745
severe,11,retained_certificates,51,4,3.275171310614276,3.291550106266793
severe,11,retained_certificates,52,3,2.1874034916619918,2.196193732544268
severe,11,retained_certificates,53,4,2.765315074081552,2.7694318150178217
severe,11,retained_certificates,54,4,2.974533526191601,2.9759898257953745
severe,11,retained_certificates,55,5,3.275171310614276,3.291550106266793
severe,11,retained_certificates,56,3,2.1874798020408424,2.196636783579291
severe,11,retained_certificates,57,4,2.765315074081552,2.7694318150178217
severe,11,retained_certificates,58,4,2.974533526191601,2.9759898257953745
severe,11,retained_certificates,59,5,3.275171310614276,3.291550106266793
severe,11,retained_certificates,60,4,2.1874798020408424,2.196636783579291
severe,11,retained_certificates,61,5,2.765315074081552,2.7694318150178217
severe,11,retained_certificates,62,5,2.974533526191601,2.9759898257953745
severe,11,retained_certificates,63,6,3.275171310614276,3.291550106266793
