seed_batch,replicate,seed,target_s1,target_s2,target_hidden_moderator,target_q,nearest_semantic_s1,nearest_semantic_s2,nearest_semantic_hidden_moderator,nearest_semantic_q,atlas_accepted,scientific_tolerance,certificate_radius,representation_term,curvature_term,hidden_moderator_term,bias_term,statistical_term,interval_covered,atlas_absolute_error,atlas_no_rejection_absolute_error,semantic_forced_absolute_error,nearest_semantic_absolute_error,global_mean_absolute_error,oracle_latent_support_absolute_error
0,0,4229584147,0.13194668663673914,0.2539848625639492,0.21774489953174384,-0.14262337999426425,0.3045802963699893,0.43205904871991363,0.43194389555667057,-0.9637854972720186,True,1.65,1.5448783617643516,0.010881023863087235,0.800085221533421,0.6200000000000001,0.0,0.11391211636784337,True,0.3571633585554502,0.3571633585554502,0.14701083739539333,0.2959125349465985,0.229369304592405,0.1339719313473301
0,1,787594642,0.214753624759653,0.3268336055965779,0.05904111336863706,-0.15971117693189746,0.15500348671804454,0.38281879032245514,0.4728192925392518,0.8715895339433024,False,1.65,1.8036508269534581,0.004549453269453007,1.0651145413956358,0.6200000000000001,0.0,0.1139868322883693,True,0.12916977277989683,0.12916977277989683,0.3063207602262412,0.022607989423941044,0.5610932358598262,0.2584647532474478
0,2,1958262972,0.5522115053689746,0.45189223421036573,-0.5301289090076379,0.6107196015035949,0.7734235931955784,0.7053512566919236,-0.9785551749233259,0.9505199890396654,False,1.65,1.7417396646899674,0.00875957167544434,0.9419835391825095,0.6200000000000001,0.0,0.1709965538320133,True,0.30196163788099534,0.30196163788099534,0.273490868289426,0.6297485971888108,0.3143846282404669,0.253951158565239
0,3,1248506894,0.26054938868628763,-0.01114661935062642,0.02305666515052028,0.24699445637688183,0.38026678615710674,0.3992657048665018,-0.5654657020930636,0.5228112649326868,False,1.65,2.089921710956768,0.0056753198834679185,1.3401806661620028,0.6200000000000001,0.0,0.12406572491129723,True,0.2502459493053387,0.2502459493053387,0.5721940586726337,0.5596540270027625,0.6994204823547419,0.29713040874873653
0,4,2980553369,-0.20904373600508996,-0.1342903682131659,0.5367032119699497,-0.3142052428645706,-0.13363698529511425,-0.5161366957876778,-0.7991320979735299,-0.6764568140433633,False,1.65,1.7824678186306695,0.003444439710361113,1.0505078701039456,0.6200000000000001,0.0,0.10851550881636271,True,0.018430120394986316,0.018430120394986316,0.16154986109040295,1.7512615734162424,0.06960130924366265,0.01151601800775498
0,5,3957589359,0.04559993208227264,-0.6121816817887287,0.05122657861591837,-0.4293680810746284,-0.09398592648315529,-0.5807658085965475,-0.20471009038207932,-0.7111127232357692,False,1.65,1.8837410189082084,0.0053772795751196815,1.137998435251636,0.6200000000000001,0.0,0.12036530408145267,True,0.17260907816898935,0.17260907816898935,0.23171164461855626,0.7139832290320749,0.24772072575968657,0.27474597186661004
0,6,2206514770,0.10325067291461347,-0.18921793167889744,-0.0825295652295445,0.20507038084409918,0.21055857152842794,-0.027608642663750294,0.7570548107112576,0.1589041712593373,False,1.65,1.8497844248389357,0.003287050692939419,1.1201876371084325,0.6200000000000001,0.0,0.10630973703756375,True,0.05983328345590322,0.05983328345590322,0.4537454975412736,1.1736296166453952,0.3048895712889393,0.13783934552229582
0,7,3430997634,0.06271823149088934,-0.1593173571575175,0.4412570153220765,-0.3663650522347832,0.4321008736842289,-0.07845785612360046,0.5012102680824166,-0.7453434383857251,True,1.65,1.6298468342316395,0.006251898880860106,0.8882144601355001,0.6200000000000001,0.0,0.11538047521527922,True,0.28373053887280264,0.28373053887280264,0.3533614211824956,0.22554332252344578,0.49632263897445883,0.26376671514699745
0,8,1661273808,0.09426960223167441,0.2608902285679461,0.2542042787835683,-0.25798115901326546,0.08999764321776671,0.03981563431355539,0.22697256846175806,0.8373710362801712,False,1.65,1.9860307403436335,0.0036663010907825797,1.2457258420947284,0.6200000000000001,0.0,0.11663859715812246,True,0.1250952694734372,0.1250952694734372,0.564856250287181,0.3581663618156132,0.7717184789753916,0.130037161164816
0,9,3021915608,-0.18547731700710354,0.10303829945819094,0.02428752114165765,0.17426536433237627,0.02446015697233017,-0.25033279971636824,-0.4659406367569596,0.21332540306828518,True,1.65,1.6258706903096694,0.00531583717570653,0.8916164082567183,0.6200000000000001,0.0,0.10893844487724447,True,0.20546730370869512,0.20546730370869512,0.19368481324782258,0.5794755916511704,0.04915397301870301,0.1647766447435261
0,10,255881466,0.10395733531002661,0.07604723376571249,0.28282582180968485,-0.0749617107067724,-0.4756252752236836,0.10250053575599094,0.18737272530999305,-0.6298770206167039,False,1.65,1.7845540269491322,0.012298491105219439,1.0290202883519235,0.6200000000000001,0.0,0.12323524749198907,True,0.17443851453810533,0.17443851453810533,0.47373819265532635,0.8346975455448591,0.4575102453010956,0.19654750523776576
0,11,1416983642,0.03180910086949067,-0.3948354055146632,-0.3336748789527556,0.301948048414896,0.1326691001118765,-0.45709424737651716,-0.4256177697695478,0.045700664624210185,True,1.65,1.2975039630135763,0.04075979617097206,0.501217416650961,0.6200000000000001,0.0,0.13552675019164312,True,0.08330261065813371,0.08330261065813371,0.1265106397204684,0.028976572438015935,0.24009134678681263,0.045351483789550784
0,12,3675305467,-0.07525154854220126,0.19046372481154553,-0.044153331695521186,0.0021186824400995508,-0.44739798606900316,0.344543291620542,-0.3675061167739073,-0.2642097752265693,False,1.65,2.0696826613897685,0.001817175716280621,1.3474453407234384,0.6200000000000001,0.0,0.1004201449500494,True,0.07560000075826465,0.07560000075826465,0.5942126410435026,0.6422538650498741,0.4360570751430706,0.18038520789475265
0,13,3614164098,-0.24913272902162253,-0.09510928950023859,-0.17059632668725816,0.043771308876378145,-0.4504106570910118,-0.10442848487543221,-0.034354020110511474,-0.7659446249845365,False,1.65,1.6770078552865302,0.014456361757674214,0.9191646377804201,0.6200000000000001,0.0,0.12338685574843572,True,0.01356800957541393,0.01356800957541393,0.23536011653337363,0.38221441529464206,0.1512603079582424,0.050536478615457125
0,14,1615387791,-0.014041403479441508,0.31282043812397825,-0.21675213758639872,0.33655040861922586,-0.12317390211527157,0.4243741193935666,-0.5651008299258127,0.7577575532177756,False,1.65,2.0798900133113807,0.010914346425778055,1.3318108572322962,0.6200000000000001,0.0,0.11716480965330628,True,0.2382857957241983,0.2382857957241983,0.19725807277177937,0.7811879288190562,0.087852327526814,0.16117438357226754
0,15,1403746905,0.07641258570873208,-0.11726551520620705,-0.06571134993004904,-0.21454857981473202,-0.21095356854168879,-0.025115112246263616,-0.11990679591823872,0.17727210200103904,False,1.65,1.6630818031597836,0.00522329600836755,0.9279810957383193,0.6200000000000001,0.0,0.10987741141309644,True,0.006749307959565298,0.006749307959565298,0.05624381916286755,0.2412593410088989,0.2596374431145355,0.09884479718563328
0,16,4255586567,-0.27091136110510655,0.43667718361145574,-0.4255804943523138,0.45766115791293277,-0.1146049838574803,0.1606993400102068,0.0010144740556130571,0.012425447040831594,True,1.65,1.4034977437013856,0.012968602112598367,0.6385427006439637,0.6200000000000001,0.0,0.13198644094482337,True,0.035328046378430455,0.035328046378430455,0.2839860976695804,0.5669679516748019,0.3367939256871549,0.021471678725819843
0,17,597572260,-0.3692183409271668,0.03599895179778051,0.11276966471999968,-0.28308700711307555,-0.10606026914450162,0.25552778987247615,-0.5464947289133824,-0.24743991966057632,False,1.65,1.9871162145936545,0.0029928280742775814,1.263045315721182,0.6200000000000001,0.0,0.10107807079819496,True,0.08137598287263426,0.08137598287263426,0.08758179859945059,0.20891943864628532,0.014011282565971311,0.06547902119244112
0,18,1826275022,-0.002673423295465889,-0.20023586779311725,0.25460335841497045,0.11249503539202611,-0.42353105401014157,-0.4298247420182655,-0.7011904070694217,0.36482438104788817,False,1.65,2.025395385719457,0.0025286567102910692,1.3010740229529245,0.6200000000000001,0.0,0.10179270605624106,True,0.3209155069777161,0.3209155069777161,0.6170058265429541,1.4347279525942969,0.42439399001449984,0.23655112895947777
0,19,605219138,0.2900227173336206,-0.11086573503055652,0.06686958430988213,-0.2243168808721272,0.7358144433941047,0.06088669369575306,0.26259712950475,0.09305832469907815,False,1.65,1.805458291711648,0.005418826085722088,1.0673208540509478,0.6200000000000001,0.0,0.11271861157497783,True,0.18645108276583755,0.18645108276583755,0.11540970159653674,0.8544573400156671,0.07490153618144113,0.24523171175143266
0,20,1585010905,-0.14345194666829125,-0.09503709250280196,0.4610542439681305,0.34780475035359504,-0.15342017542145392,0.32670942019692717,0.139620462736898,0.15825076703008412,False,1.65,1.7916844385522912,0.002675010582222004,1.0691318305191324,0.62,0.0,0.09987759745093674,True,0.09667236437453092,0.09667236437453092,0.37314826300958504,0.11455024139029579,0.2669394057410035,0.058649424840555464
0,21,437884935,-0.24228056927080027,0.07835064835396606,-0.5105750187131473,-0.18599685879674094,-0.4082451242919578,0.18590716695295328,-0.6468736014574461,-0.22594845814689957,True,1.65,1.4745699516066115,0.010819001146252559,0.7246972709788757,0.6200000000000001,0.0,0.11905367948148325,True,0.04364237261308357,0.04364237261308357,0.30550534524048134,0.15020154022020893,0.3857080040941785,0.02284829171152092
0,22,3539297457,-0.08528470170271421,-0.30725071471421755,0.44890165922269165,-0.011468727989934223,0.2320861515499688,-0.39136178858330073,0.4247179966040462,0.34039036680034407,True,1.65,1.5940742423771395,0.006389023625837115,0.844658524679883,0.6200000000000001,0.0,0.12302669407141914,True,0.06422935201511376,0.06422935201511376,0.1067529121043706,0.3509980395755496,0.08706942938066209,0.07330713544486095
0,23,724448689,-0.41720655479055746,-0.04965515411827882,-0.09258588884226558,-0.16753353806514182,-0.48279625446730945,-0.15780274604392397,-0.780004681932754,-0.7637581777058231,False,1.65,1.8248523621052897,0.0029619063662049334,1.09378435971011,0.6200000000000001,0.0,0.10810609602897453,True,0.07049630906121651,0.07049630906121651,0.24833351298867334,0.8873620287709887,0.2015534822187734,0.0032371283661352668
0,24,54442982,-0.4879229593869226,0.2421893606921319,-0.2628660100750405,-0.1574133279187458,-0.6163100082556552,0.4885798258134315,-0.7690640773105155,-0.5760992297950422,False,1.65,1.8111408931185446,0.0019743018174710985,1.0881130231899518,0.6200000000000001,0.0,0.10105356811112157,True,0.15584783581580508,0.15584783581580508,0.23259126922779472,0.63275137700085,0.09779684024130841,0.17183555211633095
0,25,2180979153,0.21118365421404747,-0.05610384665224595,0.3248486776069529,0.341901390707919,0.3778454457805247,-0.06764038383927495,-0.02310822352967512,-0.1752555085592351,False,1.65,1.9846016950874503,0.0024917567973606627,1.260693544301968,0.6200000000000001,0.0,0.10141639398812165,True,0.11382020780196345,0.11382020780196345,0.045865784857983316,0.05956718637242331,0.013716002598660793,0.19595884023403032
0,26,1933306573,-0.08742334735688184,-0.2179073253237717,0.023418399476361984,-0.3314524950997176,0.12350219349526737,-0.35086126160232434,-0.7445084920996206,-0.8365645839987585,True,1.65,1.6284781439681837,0.004406536699910906,0.8958781747183053,0.6200000000000001,0.0,0.1081934325499674,True,0.22148150577726475,0.22148150577726475,0.3851577586626427,1.0552031567537494,0.14651297917182834,0.21375451676965126
0,27,3894915906,-0.2354923212353686,0.0489977046802188,0.27267907470849023,0.018946589402043607,0.024784231248641708,0.02030593956259108,0.7538125919187768,-0.11523517034958952,False,1.65,1.6808328282335714,0.004416999953691171,0.9504599754784938,0.6200000000000001,0.0,0.10595585280138635,True,0.07602671548193246,0.07602671548193246,0.29600846645734225,0.8004458798972723,0.23072394092662707,0.010147392519295556
0,28,582032070,-0.13147924231562103,-0.3425215168456244,-0.05593110808068383,0.02620517823825796,-0.22958946635404853,-0.48122106306417,-0.28322941094500376,0.002316154865962705,False,1.65,1.9249808950482248,0.011558571419632886,1.1908257611524034,0.6200000000000001,0.0,0.10259656247618847,True,0.0949054574117284,0.0949054574117284,0.19284163497033024,0.6726099680834907,0.010357175647502492,0.13746914830742357
0,29,3236552667,-0.04348904894332778,0.33317493361606854,-0.019765944406208213,-0.020097080994225636,0.18766411887288692,0.09382502154735883,0.6568595227637719,-0.8070999632135352,False,1.65,1.8098575742915668,0.0023786495404895026,1.083383867032924,0.6200000000000001,0.0,0.10409505771815297,True,0.1428584293664289,0.1428584293664289,0.28472151845786053,0.5971714227787702,0.4977017398288162,0.21193954063925616
0,30,607616431,0.28818668442129575,0.672144368929306,0.4964585881336778,0.1519533884627748,0.4105622197004106,0.7381855746402253,0.765739871685895,0.7761103791226427,True,1.65,1.3593806954323877,0.00618396679384422,0.6112066894526657,0.6200000000000001,0.0,0.12199003918587763,True,0.18493641605552358,0.18493641605552358,0.2590562119043194,0.31428384797967723,0.8563465717340244,0.12867418888521232
0,31,3539329541,0.3335706999713811,0.2452462903867962,-0.06641084342570236,0.036658241253792356,0.6242705677574492,0.179873183780078,-0.034187017539850206,-0.5003885782114328,False,1.65,1.6990784920833133,0.005289848843776826,0.9638670403190667,0.6200000000000001,0.0,0.10992160292046972,True,0.21567529798631058,0.21567529798631058,0.2733114662165929,0.2920654593595984,0.4623292946830937,0.3010921315722901
0,32,903140061,-0.030964222794388624,-0.607499845642538,0.21422072984402468,-0.0420602530489802,0.131568786476999,-0.4537336534116576,0.8703733723292464,0.00872096825929991,False,1.65,1.7956523274441167,0.0044361264802832865,1.0626668989438008,0.6200000000000001,0.0,0.10854930202003245,True,0.14146321050744565,0.14146321050744565,0.3496422365151542,0.86974926844542,0.27023474816889215,0.06610362227154123
0,33,260410221,0.11694531439484432,0.3124880974545302,-0.13104337070090807,-0.10666367528565426,0.005447698771652965,0.3468411281950232,-0.6227496926026836,-0.5620393119987139,True,1.65,1.382756294235125,0.008582825731168356,0.6168776850189195,0.6200000000000001,0.0,0.1372957834850371,True,0.20581891006605502,0.20581891006605502,0.3552980546222688,0.6141876477208451,0.33462983844132166,0.13023187990883772
0,34,797140690,0.32903665618643774,-0.14168253214508883,0.18374909029225012,-0.629437777003938,0.3323888633053693,-0.06209461525493398,-0.2923624006176857,-0.8136421970051588,True,1.65,1.6360870198717699,0.006763050614693161,0.8789352263257265,0.6200000000000001,0.0,0.13038874293135017,True,0.09178235506028753,0.09178235506028753,0.7710556392859478,0.6352020685977422,0.8176607386206078,0.14864821308379922
0,35,236472439,-0.27716915256935387,-0.10929345132230298,0.40191876455687264,0.42604404110993405,-0.25132949364607726,-0.4156262995482036,0.06247346008995147,0.42955276891367444,True,1.65,1.4849175781081576,0.00615827366448267,0.7548177332087842,0.6200000000000001,0.0,0.1039415712348907,True,0.23260321809558648,0.23260321809558648,0.3199268311658292,0.35760088577713606,0.28088454787085226,0.23925496850752564
0,36,2107471020,0.37935959184667695,-0.30924085379679034,-0.1650281589433521,0.12251604342714323,0.16845610185556192,-0.4805138183578841,0.29642090809341326,0.5485094163638349,False,1.65,1.6811636238493006,0.008285570998022133,0.9451183520392128,0.6200000000000001,0.0,0.10775970081206568,True,0.08731569683489557,0.08731569683489557,0.07434102874665949,0.15491948171244213,0.08571119248357734,0.05967171602601251
0,37,1568680665,0.05450798153546331,0.21067103812476962,-0.07130006306167314,0.11164157818478615,0.2408963956070782,0.3139198913289065,0.23628145046060145,0.28582025666917565,False,1.65,1.8898230941010195,0.0029283623676494646,1.1614417625382942,0.6200000000000001,0.0,0.10545296919507566,True,0.08337145881179514,0.08337145881179514,0.28455870625671514,0.5311651563420423,0.1410232963903016,0.08659588504546406
0,38,211970137,-0.009810981932898866,-0.5077569196434246,-0.1921795954785282,-0.08595174353851094,0.1980126162778486,-0.34820937808720065,0.7340998378699515,0.7385890325290327,True,1.65,1.3899066486457252,0.014208920213475413,0.6403355778351035,0.6200000000000001,0.0,0.1153621505971462,True,0.059728048260165534,0.059728048260165534,0.38024627166999403,1.2995648209186696,0.05813376604878018,0.13134350865262356
0,39,1461580918,0.09806885373406816,-0.0672870575541673,-0.32243718627472817,0.4898994381487677,0.46783736713546076,-0.11661784181223878,0.5463750959748519,0.80492393512464,True,1.65,1.4878189393097454,0.005125614772354754,0.7546205911758372,0.6200000000000001,0.0,0.10807273336155328,True,0.06633896502304368,0.06633896502304368,0.31807256028795683,1.3517149529426176,0.3111340099597881,0.017670331692061392
0,40,2635160666,0.059562775921449276,-0.10336902687879732,-0.6701928044538362,-0.45681231861894567,0.09420206481719728,0.06966523517984125,-0.9797822211521461,-0.607350267481253,True,1.65,1.2158244313028095,0.02264097825156594,0.4203555028417531,0.6200000000000001,0.0,0.15282795020949055,True,0.1052143333593556,0.1052143333593556,0.011630761292552694,0.22437268689188206,0.18720426639277132,0.029584698924612907
0,41,1852819724,0.2733886306004011,0.14576278167329954,0.0011928530564103423,-0.04425255116190202,0.2625236387759373,0.3547973345888369,0.8063229664703184,-0.46049043888195484,False,1.65,1.6985519777070646,0.0026092523530208255,0.9694162509717376,0.6200000000000001,0.0,0.10652647438230617,True,0.2109424891731082,0.2109424891731082,0.05165600570890161,1.1443950580918894,0.14141774829921183,0.21837428742355636
0,42,1766245425,-0.247776573368321,0.3474096209526587,0.37832317682502903,-0.08774302481416013,-0.2888341091717681,0.4720953408679991,-0.005197720081091539,-0.11262293618632668,True,1.65,1.5051263475891652,0.006922532879021872,0.7581291264718378,0.6200000000000001,0.0,0.12007468823830533,True,0.08915734611578874,0.08915734611578874,0.1208252039834738,0.4836320978895014,0.2134125668146164,0.005655543762488224
0,43,4204612701,0.29872275086998107,0.05448894463409683,0.0353206013164892,-0.16215259057971662,0.29973876913937536,0.3235768755531072,-0.6414874042892336,-0.10737344260189574,True,1.65,1.4413274388486836,0.0027643133271564742,0.7141185767882556,0.6200000000000001,0.0,0.10444454873327154,True,0.27693483800892615,0.27693483800892615,0.23783712868678591,0.693189568133751,0.2693898762149278,0.18799524531731937
0,44,1758659042,0.1909599966609592,0.16333374180504492,-0.15828758251020458,-0.04868154023415573,0.07129699770316433,-0.28354787092046463,-0.07382810615539581,0.90060996832076,False,1.65,1.9158691111177173,0.006283974002392824,1.169080827978846,0.6200000000000001,0.0,0.12050430913647829,True,0.397108052598472,0.397108052598472,0.182196870962482,0.5108643700239448,0.3547751725456093,0.2817163390896544
0,45,3715008774,-0.04329959010561184,0.3519460108546564,0.3575429542969454,-0.1070707731490615,-0.20426894794453254,0.3859604559221348,-0.8780616252141658,-0.556538568086663,True,1.65,1.4704161910380198,0.020787749355689413,0.685893172905119,0.6200000000000001,0.0,0.14373526877721132,True,0.008635356868401667,0.008635356868401667,0.7638334755484828,1.6471703715977726,0.7097854097077784,0.11337588096329465
0,46,310839583,0.4792252806591393,-0.3372106217073472,0.10752132338239312,0.37712094400203694,0.6356091213577573,-0.05456760556469642,-0.2649138898734691,0.21542349683875384,True,1.65,1.4503961950937794,0.01771640228243296,0.6742557575532785,0.6200000000000001,0.0,0.1384240352580677,True,0.047667099859955875,0.047667099859955875,0.3732576050270256,0.20997969365530755,0.5468648943374955,0.13010744215912062
0,47,1416427372,-0.17749533117788,0.2881490741584581,-0.13610995452932667,0.02556199080175875,-0.3740895660420729,0.07080243562424338,0.8169194673735765,0.5202152666883519,False,1.65,1.9683904254025304,0.0017346120114410375,1.2486116046047346,0.6200000000000001,0.0,0.09804420878635468,True,0.23124625854155545,0.23124625854155545,0.31891812474284253,0.4205249992761848,0.3025506747702513,0.16744495028769157
0,48,2677158760,-0.07611623069177206,0.283823100612872,-0.03861439669386201,0.06809537069710767,-0.04447357308076749,0.1611829765435535,-0.023090577868501994,0.7893138582267345,True,1.65,1.5515026643920016,0.002704882240108838,0.8301432071306406,0.6200000000000001,0.0,0.09865457502125226,True,0.0009865620265466224,0.0009865620265466224,0.07510186334329466,0.2519039305858594,0.021030205165007476,0.04930372443051401
0,49,1039586044,0.45397089176680805,0.07389107020601769,0.08076024471026777,0.23447145449764617,0.23361033600314607,-0.13190661427884054,-0.27067617869798744,0.160223859790126,True,1.65,1.639502950733464,0.002884726858746622,0.9060985692057973,0.6200000000000001,0.0,0.1105196546689198,True,0.23627108383939255,0.23627108383939255,0.12785811649788292,0.8834260184858245,0.17871350733024094,0.25052605253545435
0,50,158036996,0.03520107203993385,0.16918180388422666,0.14772473564105365,-0.012896756260012326,0.242186637205404,0.4377154254184432,-0.7159897268990629,0.8824337921917944,False,1.65,2.1670862104361404,0.004912132573646704,1.439784068425403,0.6200000000000001,0.0,0.10239000943709053,True,0.3445121038256945,0.3445121038256945,0.5543677805916238,0.7083677130949645,0.4549760029463322,0.3367968561690956
0,51,821746521,0.47246590481336087,0.0993610547748572,0.0457405038531149,0.020981703144520865,0.4274522111608612,0.2939397262220791,-0.9598282573708681,0.5862615079269378,False,1.65,1.7502479587894577,0.006359692344119949,1.0144900369093535,0.6200000000000001,0.0,0.10939822953598419,True,0.04221242101374767,0.04221242101374767,0.08409906703526826,1.2162994622123775,0.07264178384542386,0.13402263282157878
0,52,3565724901,0.15419716471057593,0.015744091779351307,0.29864976374827135,-0.020017661451421365,0.6284179390805105,0.1607836944272154,0.9510704860870187,0.3407403215328031,False,1.65,2.0946824203967798,0.0012590323948447478,1.376286444359511,0.6200000000000001,0.0,0.09713694364242377,True,0.21832589240416833,0.21832589240416833,0.14298394919640955,1.418829275662402,0.28205196860224147,0.1963518668069253
0,53,219646746,-0.254469395430427,0.04885509862108722,0.31196283699321414,-0.22041499045184365,0.1525291501202184,-0.035469588412387676,0.9529547168696058,0.3891927924453673,False,1.65,2.0265697714105353,0.002182815499303976,1.2987786689371728,0.6200000000000001,0.0,0.10560828697405852,True,0.11334198365299725,0.11334198365299725,0.15061782050584005,1.2449506698310169,0.31598662908330694,0.0323740305864986
0,54,710190247,0.12626032135677562,-0.04319858495160314,0.4912122892598715,-0.1821409436517383,-0.06776217803666196,-0.08670797504391681,0.5937118109503727,-0.1940790113955,True,1.65,1.4605991882137483,0.008164831604923383,0.7167498869959356,0.6200000000000001,0.0,0.11568446961288946,True,0.08130938846237468,0.08130938846237468,0.3983816331512432,0.1734169139725491,0.46372755333976046,0.15938580853370687
0,55,3137992391,-0.16573267792538654,0.2907903319050414,0.054779638934447664,0.20541422604420728,-0.48844504753731455,0.16458246939172172,0.916657291347251,-0.44405799170974825,False,1.65,1.9706011951569686,0.007521113645101505,1.2333255577313098,0.6200000000000001,0.0,0.1097545237805572,True,0.11049395538646409,0.11049395538646409,0.24146721676214503,0.2032793751932573,0.24238495215370706,0.07064157980991478
0,56,2362105382,-0.4203750207517744,-0.4505353248789375,-0.25628064521047117,-0.24857409899532074,-0.31304454037311236,-0.6692483009475614,-0.24373809272415548,0.4091597388795343,True,1.65,1.525969411714408,0.004662855178529346,0.7823487860197257,0.6200000000000001,0.0,0.11895777051615292,True,0.18493858033417354,0.18493858033417354,0.11612750042092057,0.03839125095855678,0.3371531047696177,0.11297738723401363
0,57,2779715758,0.17450609398432138,-0.40625988096335375,0.14115113690142558,0.44790855880736846,0.3102935844908954,-0.5174359814519933,0.9776490277376246,-0.4276605075607778,True,1.65,1.607560357349896,0.0043290956076301205,0.8751857773906593,0.6200000000000001,0.0,0.10804548435160632,True,0.08299180373621345,0.08299180373621345,0.388197310587993,0.9191549651052533,0.1364538409155655,0.025244895913944354
0,58,1387100147,0.3364305418043026,0.37485492373364365,0.3573621850723599,-0.006964756028774749,0.2691300439076554,0.568411573261479,0.7855104131756043,-0.14135871069178263,True,1.65,1.4887851500321183,0.003906769859507602,0.7590980417670228,0.6200000000000001,0.0,0.10578033840558783,True,0.11064475637808213,0.11064475637808213,0.014400917531004698,0.41255430638310564,0.22726900231138147,0.11729717567455933
0,59,2707014031,-0.2931477497518994,-0.10033026021309935,-0.33754091219126614,-0.07411032286910284,-0.5639752711118935,0.22555014848983013,-0.7041363989706277,0.06567860656858238,False,1.65,1.8296466734157402,0.009206456525317567,1.0863892438030824,0.6200000000000001,0.0,0.11405097308734007,True,0.016145437916995187,0.016145437916995187,0.17811881008072172,0.3318459733974831,0.19784399455314783,0.03808415795320175
0,60,963628298,0.05654401522612776,-0.3244116027633036,-0.4389801033207048,0.15926282789101143,0.2088307646428258,-0.14760469998553072,-0.6922091903238292,-0.7580884763139573,False,1.65,1.7926242261378746,0.0019763203655165716,1.0678312433478803,0.6200000000000001,0.0,0.10281666242447769,True,0.19831492376850307,0.19831492376850307,0.025890636806943867,0.1166070826351831,0.06941176775371799,0.1716713954651506
0,61,2410442616,-0.03972742951235572,-0.22284065222850616,-0.4444574831461974,-0.26062548270745206,-0.5909460021678345,-0.6077559943878683,-0.32745842465101194,-0.1609206571736823,False,1.65,1.979912892212295,0.006512464854554178,1.251154698801802,0.6200000000000001,0.0,0.10224572855593858,True,0.05715626297924081,0.05715626297924081,0.024808753505204062,0.6998976422729203,0.13763660754203477,0.1274708351621333
0,62,1004130645,0.005103059638470658,0.025245733853193557,-0.013766884682919839,0.22661821005006366,0.30027714805374317,-0.2877092923233633,-0.846852580379936,0.8999402708350714,False,1.65,1.9183734405320407,0.003266622987561771,1.1925840204178821,0.6200000000000001,0.0,0.10252279712659679,True,0.1660544351913553,0.1660544351913553,0.02805505522287824,1.1842947060830384,0.003177823087789744,0.18676562074044728
0,63,2337868362,-0.5506062344320486,0.3719891944424423,0.2508588056268427,0.13491602467253305,-0.9533406185879398,0.2233441467093169,0.1817185571553115,0.6205313337738922,False,1.65,1.8100601718636637,0.015723376381650278,1.0425895580142952,0.6200000000000001,0.0,0.13174723746771833,True,0.1666582519523382,0.1666582519523382,0.1328545570487927,0.7193170892444338,0.16144127882357687,0.08211431338440436
0,64,2776464097,-0.3904759407627538,0.33444281693008376,0.2558510129603694,-0.480566507973316,-0.2912909335492435,0.3837110116724205,0.37914587894784324,0.09095038029264302,True,1.65,1.3737424832215257,0.010234103114401939,0.6136988900803373,0.6200000000000001,0.0,0.1298094900267864,True,0.05046154648425058,0.05046154648425058,0.10161703169246364,0.34673303148074075,0.08022403223190636,0.007371180944959921
0,65,3614863725,0.5413614563103532,0.047657979593852595,0.609084433541303,-0.16810923454398607,0.6690832800609701,-0.3704663209443544,0.8414494904083227,-0.2368506078832584,False,1.65,1.6831982857733825,0.003906202662953599,0.9365743282471669,0.6200000000000001,0.0,0.12271775486326177,True,0.06267901383002727,0.06267901383002727,0.6953514639747957,0.321391895935522,1.0213509534082634,0.006806774691921147
0,66,3552533771,0.03433121735261602,0.2558742798043381,0.030625337409636688,0.290410998265267,-0.2633477188187239,0.286787778694491,0.46477141279262923,0.9690627850426985,False,1.65,1.708924443274479,0.009134468904402414,0.961154160796131,0.6200000000000001,0.0,0.11863581357394536,True,0.26541877151613014,0.26541877151613014,0.331674258715158,0.3071538936310957,0.2778945323793959,0.25410885766400043
0,67,3176963365,0.3065089662667016,0.04305525911193436,0.12915301319771094,-0.3462045603732927,0.3125166868323921,-0.16268539684887973,-0.46494509300383613,-0.651039696845052,True,1.65,1.5428240307163938,0.0038376130157899138,0.8119279084015224,0.6200000000000001,0.0,0.10705850929908134,True,0.09026499576593683,0.09026499576593683,0.39123400382531837,0.9293577753645775,0.45112829424207773,0.13837913042543692
0,68,2009983979,0.1442949172936515,-0.539570446795147,-0.4969087418172694,-0.05056332345281757,0.16281163170129354,-0.648377546393859,-0.6914023286673043,0.19883849163897338,True,1.65,1.4562989190522653,0.08800624901239625,0.6179695019083064,0.6200000000000001,0.0,0.13032316813156272,True,0.051452040752609784,0.051452040752609784,0.014938830523918867,0.36854309385697326,0.11722330583358853,0.14194850033529682
0,69,3938297654,-0.5861846940353118,-0.5225405226143497,0.27296260674379424,-0.3604026856448812,-0.7851681026399009,-0.6438877096168669,-0.900138285894654,0.6066160755363288,True,1.65,1.3782478845945603,0.026096726119784138,0.5922932289735399,0.6200000000000001,0.0,0.13985792950123613,True,0.020131778540829037,0.020131778540829037,0.1263995305490504,1.029436419176967,0.09584203967468241,0.02759712134989356
0,70,3574594659,0.3737185644304556,0.47636396894336513,0.12506431435513524,-0.14198128712858993,0.225020025297336,0.872706505742497,-0.13772537350326552,-0.6190266064865868,False,1.65,1.7488752819921576,0.006655608641343154,1.0002735384213057,0.6200000000000001,0.0,0.12194613492950862,True,0.2733470662409664,0.2733470662409664,0.8421523575335437,0.2825221223637565,1.13864429865592,0.250253058777292
0,71,2772422592,0.21644062234047312,-0.11007797377413481,0.49956982349374285,0.20596776568969538,0.3603977180657816,-0.13794349782625903,0.23206973325761582,0.7718924099661677,False,1.65,1.8131927109406585,0.005586358650620786,1.0799339364095455,0.6200000000000001,0.0,0.10767241588049198,True,0.45511762479568374,0.45511762479568374,0.12692064332563402,0.30734335073340624,0.129518561797064,0.39654490864979075
0,72,2631085407,0.1344196676038627,0.4984421369235027,0.27032034210956635,-0.13301404953204776,-0.0083268228339195,0.819729963000573,0.4111124297424804,0.180266029097798,True,1.65,1.6278392851249914,0.0055720629965753925,0.8781796427761769,0.6200000000000001,0.0,0.12408757935223894,True,0.19160287075777105,0.19160287075777105,0.402993049869236,0.06624917404644626,0.7892347277774231,0.1991480282578575
0,73,1049494221,-0.00495634225505176,0.05907760109621815,0.4688133836854404,-0.18288815811337383,0.0099176071010727,0.27274793536071296,0.9855598630667664,-0.6351249663189411,False,1.65,1.7969921694754905,0.0023683750501584853,1.0709188455531693,0.6200000000000001,0.0,0.10370494887216274,True,0.05579316594126604,0.05579316594126604,0.1298743061864278,0.5235596552093162,0.06591898056289314,0.1015177846293992
0,74,880436553,0.5329915624615034,-0.21580509078412227,0.3746450874767047,0.14213346113578446,0.9450866629645662,-0.29400462228224367,0.5925777745996978,-0.04177348610662435,True,1.65,1.4837375144648342,0.010300442168616739,0.7182045336969404,0.6200000000000001,0.0,0.13523253859927692,True,0.20233297593497568,0.20233297593497568,0.6805173662210986,0.7418199874023874,0.9727374524250005,0.14001479677547546
0,75,4041681410,-0.01614832023010196,0.05090630412942268,-0.16737752460922417,0.08596389789711589,0.09477115828299199,0.029641959728708978,0.31535172003047185,0.2186402432777399,False,1.65,2.1564641915880585,0.01667225345467147,1.4001621220787972,0.6200000000000001,0.0,0.11962981605458924,True,0.4375635470422032,0.4375635470422032,0.2721052107987162,0.5039510969136063,0.15351703658473428,0.41893893132112436
0,76,327757596,0.4563977007882981,0.04176534441952939,-0.09927657171036458,0.05658672134544094,0.4375060051143451,0.12023907361573194,-0.397391839483739,-0.9890160603461509,False,1.65,1.7904665354236282,0.002743625064177601,1.0626033134821908,0.6200000000000001,0.0,0.10511959687725952,True,0.11793255042247386,0.11793255042247386,0.5746327253606134,0.7967631642721275,0.3562901940635946,0.23096734019663073
0,77,1814657797,-0.20933683435040149,0.06597206234673772,-0.10962219061714869,0.23242540383962262,-0.5347221473152273,-0.12460398804832895,0.6216952303692425,0.17736860640688823,False,1.65,2.211894498317988,0.003976326019180488,1.4859250059321785,0.6200000000000001,0.0,0.1019931663666289,True,0.4255067125732943,0.4255067125732943,0.16916238854330787,0.27166115166578386,0.3119663761918082,0.3544066701170939
0,78,3644664686,0.36979999578297534,-0.29312779910319436,0.5117071829631101,-0.12629516519294975,0.3129196441861679,-0.5251618868541283,0.7509140078666277,-0.6684468894487361,True,1.65,1.3598388084062338,0.006997153125569626,0.6179142093591328,0.6200000000000001,0.0,0.11492744592153148,True,0.01364885671599092,0.01364885671599092,0.06312134995463459,0.22577740364289967,0.10300551522019608,0.08119112712104415
0,79,3941865296,-0.010279253789314699,0.006167398771969913,-0.3940394922891187,0.38717267067232913,0.21387155028068427,-0.20618378708399754,-0.7161716631291135,0.3771931323677611,True,1.65,1.4034626303773776,0.006683005726142377,0.6528211477847644,0.6200000000000001,0.0,0.12395847686647077,True,0.05757343522426511,0.05757343522426511,0.3152329218753869,0.10420156503238964,0.6891171695150087,0.09591841059905765
0,80,1442103849,0.1346009110864135,-0.4461071802750308,0.11795494561039523,-0.43608072138056025,0.289180669276198,-0.7354119462493718,0.2323977995776081,-0.8641966870229285,False,1.65,1.7171291841913465,0.006715168624243616,0.9629270068382066,0.6200000000000001,0.0,0.12748700872889615,True,0.250204024745866,0.250204024745866,0.30092244311772515,0.20105378394817353,0.35288903836700247,0.16462457196822988
0,81,2228400902,0.5387841695794034,0.15456728402405703,0.19716623786332338,-0.5878325278148345,0.5070664539158749,-0.07250717112265237,0.4725856433877711,-0.5187614600584367,True,1.65,1.6477228040974858,0.005582368958983281,0.9087921088566094,0.6200000000000001,0.0,0.11334832628189306,True,0.07391794430231347,0.07391794430231347,0.03751605693419657,0.10803940487666197,0.3342958448983977,0.08518065687474508
0,82,318352478,-0.06777006194380093,-0.07955678730536037,0.3949314105818955,0.46163939658963765,-0.09551956449863619,-0.06110094099806962,0.5916130309904957,0.29164010374696114,True,1.65,1.567163911204379,0.006584282576296911,0.8287819528600205,0.6200000000000001,0.0,0.11179767576806132,True,0.00915013625130806,0.00915013625130806,0.04632856976551136,0.2273411335436044,0.05645868444332647,0.11993880353531022
0,83,1361078466,-0.23767920919261096,0.45312266655640987,-0.013976803194384713,-0.06708224737586091,-0.36883814476331356,0.5336291134836717,0.2549966412951743,-0.7730125650057948,False,1.65,1.7091962700107683,0.005550439215026084,0.9728411699813034,0.6200000000000001,0.0,0.11080466081443856,True,0.1554301426949822,0.1554301426949822,0.1791380184333628,0.0142861562068686,0.3275449906493167,0.22173249710890894
0,84,112841659,-0.10548191201764617,-0.3091089457695102,-0.16609629485404825,0.4261330990582635,-0.2356102949563117,0.048472888899427025,-0.9745338359560511,0.8082503849901548,True,1.65,1.5173561766891643,0.004092284838290908,0.7807591575490398,0.6200000000000001,0.0,0.11250473430183354,True,0.26675509487240767,0.26675509487240767,0.0006979996468974847,0.9615169352070654,0.20243055167252322,0.16016693455027797
0,85,2460887415,-0.041663375431166466,-0.2129620164544598,0.026510977171071204,-0.3395368268225044,0.4115889097985599,-0.262974571298606,0.25888597480372044,-0.5325905361971315,False,1.65,1.850080576813112,0.001588887011366372,1.1314103625732852,0.6200000000000001,0.0,0.09708132722846045,True,0.10048722270230637,0.10048722270230637,0.11215313649455672,0.7204798124046498,0.031603842838816176,0.01073602953116378
0,86,2294273581,0.56316392022154,-0.1306116831373383,0.1884822421839445,-0.22585741173997853,0.5206298039100785,0.11751836210464561,-0.6841615462409285,0.6160942392144448,True,1.65,1.647229266715976,0.01423387003037861,0.8633083017857138,0.6200000000000001,0.0,0.14968709489988347,True,0.08835342642191324,0.08835342642191324,0.8068954350505704,1.173263130524772,1.105782196287952,0.09092785909968981
0,87,3729659894,-0.07762999935706112,-0.2240989681403412,0.3835514066610316,0.12016683327435496,-0.04656347405858119,-0.266548293546109,0.5120124746841126,-0.6913425586157571,True,1.65,1.4068287592147148,0.009657303244322837,0.6492560380143316,0.6200000000000001,0.0,0.1279154179560604,True,0.06537053832138023,0.06537053832138023,0.06826195567261217,0.024337234013489473,0.010438192902300636,0.10538015944893386
0,88,4278436614,0.14472742423551527,0.2758247807921521,0.5868599731779107,0.3915643279486063,-0.2701930540129809,0.33323334117673387,-0.023955545380539567,0.732275728758909,True,1.65,1.62792914818861,0.003647687165420317,0.8918802426160639,0.6200000000000001,0.0,0.11240121840712579,True,0.13415367121599897,0.13415367121599897,0.7761550624804254,1.402806147327648,0.8431425655404942,0.12204923613815932
0,89,1653518786,0.1881704977207525,-0.1474915363085058,-0.15514641559863307,-0.265782922693917,0.39238101076329057,-0.4168044528921395,-0.22617519692018706,-0.4268729992799556,True,1.65,1.5123608971473725,0.002265478033668258,0.7872631994904566,0.6200000000000001,0.0,0.10283221962324736,True,0.150475990760224,0.150475990760224,0.1805422974526173,0.2022815025415094,0.14027378491282705,0.197476201642187
0,90,214653092,-0.09205761216861406,0.0942972554777676,-0.05795271386846847,0.23296846548993846,-0.005005873750124179,-0.261017956140027,0.5867452889378453,-0.02810274828345638,True,1.65,1.447802324506931,0.010724695721561314,0.7039057595720691,0.6200000000000001,0.0,0.1131718692133003,True,0.18047537119271,0.18047537119271,0.21821017631919115,0.7821566654152006,0.4067570105553301,0.05135502431696806
0,91,3207726511,0.3408856297840872,-0.24030024253866528,-0.18289773128958248,-0.19658199629245007,0.352806191447554,-0.6037727164393465,0.05941227575337038,-0.5053424486502391,True,1.65,1.647824239370351,0.008351488641178116,0.8799343651194012,0.6200000000000001,0.0,0.13953838560977155,True,0.2720426967872891,0.2720426967872891,0.516435282209214,0.06726035818810366,0.7600486144020069,0.16753630118036922
0,92,3901712635,-0.11940974788686626,-0.06933708985941123,-0.0030932450899331526,-0.5441320587273273,0.002477290759934192,-0.08697209349911117,-0.38521531583826363,-0.23607344136543418,True,1.65,1.3114941269292646,0.004284734141226401,0.5822769225114774,0.6200000000000001,0.0,0.10493247027656068,True,0.008560826268097843,0.008560826268097843,0.00634784835602796,0.17046809452137843,0.14850433574588429,0.0388395606693452
0,93,1842322147,-0.021190680729532722,0.5851964275394518,-0.13077666587762243,0.29237409512811724,0.1321063814975163,0.6687482738828097,-0.9938962555079587,0.07544162906613527,True,1.65,1.470304516253122,0.01298942707384959,0.7173162593265853,0.6200000000000001,0.0,0.1199988298526873,True,0.03912961853001501,0.03912961853001501,0.24533179015852175,0.6816091751430119,0.20551108996417228,0.01841503474603412
0,94,2517618517,-0.018522853212455448,-0.21766240466651565,-0.16663105191076383,0.01733028309292961,-0.20304778520571443,-0.3494239368678218,-0.2739792093336848,-0.017479035591272174,True,1.65,1.6343202423458716,0.007235327333065748,0.9030157362679649,0.6200000000000001,0.0,0.1040691787448407,True,0.1355139678544916,0.1355139678544916,0.3366517234949806,0.4090799024551859,0.19789210987686573,0.14419855892064948
0,95,426283844,0.10895803303310861,-0.0891354770078266,-0.24669902292528306,0.24500894175357452,0.2639322399672297,-0.13228638709363483,-0.419623978509041,0.6096042578031664,True,1.65,1.4959321290284542,0.005224031799756588,0.7671907478760713,0.6200000000000001,0.0,0.1035173493526262,True,0.01649645831996699,0.01649645831996699,0.15977475299250485,0.22356267601537758,0.08930766374827953,0.012002496356184555
0,96,2997454113,-0.4304380054271538,0.052128189367551786,0.4756431702362259,-0.4264450651482577,-0.4466218350322406,0.008567533471486977,0.6233348452902734,-0.6568915760463281,True,1.65,1.5582249411684823,0.013539680839200615,0.8064833472560708,0.6200000000000001,0.0,0.11820191307321075,True,0.0006453312384848697,0.0006453312384848697,0.13987388847934532,0.07203131072468841,0.49561907948010164,0.07465282412045195
0,97,2090763384,0.00045067272671280717,0.3539905413310396,0.6361166137473657,-0.43610656415440824,-0.3157669001597063,0.8210104801409086,0.7347318182523299,-0.7144247554975938,False,1.65,1.6603376986118468,0.014277757828084273,0.8958462670173544,0.6200000000000001,0.0,0.13021367376640794,True,0.11260985081563768,0.11260985081563768,0.30792086438726574,0.22575627911314256,0.49535859287642137,0.08493923772005418
0,98,4022830389,-0.0353566391946952,0.5063791023799173,-0.23539840562850617,0.363616052540242,0.08664783675870935,0.5612859826449461,0.560845274990506,0.10806904733852596,True,1.65,1.6017017557443292,0.009411773135379017,0.8610055104272303,0.6200000000000001,0.0,0.11128447218171991,True,0.04981411970935706,0.04981411970935706,0.27393582294487956,1.1441392010476505,0.054979351092645054,0.05274754348652094
0,99,1049951880,0.4252259074961382,0.060371965702648495,0.19857514377418028,-0.09809517401444558,0.3226475723484954,0.22272390205250536,-0.18381095526462699,-0.034429574469984514,True,1.65,1.3507021883148675,0.007018148364916468,0.6080848116968758,0.6200000000000001,0.0,0.11559922825307535,True,0.13012012267434148,0.13012012267434148,0.4625401353689972,0.537507032385409,0.6581632492327165,0.15007944665827766
1,0,2512176700,0.23497588122775706,-0.31781337752318084,0.16945529424414993,-0.30242384224953245,0.25826320508459033,-0.11649186091796437,0.15595585156737313,0.9853099355574966,False,1.65,2.0214004796075593,0.014926947460506325,1.2747317065200368,0.6200000000000001,0.0,0.11174182562701607,True,0.013874294319974667,0.013874294319974667,0.2785948864282523,0.20740481106797598,0.4339545144591112,0.04484007471822676
1,1,758801068,0.3961870347477905,0.13943149016834988,0.05562842795328482,-0.31270183137069846,0.614689639168293,0.3698504736542345,-0.10621196969899671,-0.6681111690447206,True,1.65,1.5627886828861817,0.0056752464335731575,0.8238295026281964,0.6200000000000001,0.0,0.11328393382441197,True,0.12277354869482415,0.12277354869482415,0.15230679806780345,0.08306046636962516,0.6554568869767154,0.0774072151556141
1,2,4005173303,-0.4781961074086276,-0.029318887429444926,-0.06098806706123098,-0.046662612166499556,-0.4567123645181477,0.2717097592602764,-0.902120543779036,0.8705791365628306,False,1.65,2.142081493405384,0.0037308050413165073,1.402042419582204,0.62,0.0,0.11630826878186326,True,0.2225836391101198,0.2225836391101198,0.07669473871517896,0.9150138183668078,0.37826558248916436,0.26353992485343025
1,3,2565769763,0.10015340124812527,0.25854170642627444,0.08667451197707812,0.15763144684663227,0.16993815060804374,0.3960150786496981,-0.24727775329261625,0.1170741911899853,True,1.65,1.6312692102929383,0.0020572658917108826,0.9089040160569866,0.6200000000000001,0.0,0.10030792834424074,True,0.1428641389478813,0.1428641389478813,0.16538126728088565,0.17698060195547088,0.29994400588995423,0.14778390788034174
1,4,3190102158,-0.34789674985440516,-0.15279585367666879,0.2591528451239491,0.46299213812310086,-0.35594763779026484,-0.09088665010990704,0.6592255366257274,0.48998689608306467,True,1.65,1.5258120861751558,0.005585770951060917,0.7865023555651299,0.6200000000000001,0.0,0.1137239596589648,True,0.11294529812286203,0.11294529812286203,0.09061300753258045,0.22314192572301458,0.20390945527003257,0.14123724327446277
1,5,1473717539,0.39596248754057584,-0.07250756713159699,-0.3156419155391962,0.2508830746155748,0.4313291372945638,0.030005396090273972,-0.581553582039047,0.9618257212298655,True,1.65,1.544175895558344,0.012552081844984133,0.7952602471318494,0.6200000000000001,0.0,0.11636356658151029,True,0.09118925587045723,0.09118925587045723,0.3941120521967449,0.6676767006986878,0.33124102101670266,0.20949763187335035
1,6,330700069,0.23026865476502628,0.09707654668391058,0.04610231045003074,-0.505744245894684,0.19414478696557458,0.2499590119291999,0.36650297585162583,-0.5828659978709696,True,1.65,1.3429245320139391,0.00537941580131667,0.6031440258929872,0.6200000000000001,0.0,0.11440109031963519,True,0.17725191554056158,0.17725191554056158,0.04483361329114488,0.5035200696377052,0.1801069652317781,0.054428357557506746
1,7,1076918167,-0.12033917826092391,0.2695677601311129,-0.11354626922299965,0.6003131852171179,0.05568078963671641,0.2374043270050581,0.5147789113810393,0.7616562860782325,True,1.65,1.4057065798385489,0.012378351381995832,0.6333138460732216,0.6200000000000001,0.0,0.1400143823833313,True,0.010441588965203447,0.010441588965203447,0.03952264262777531,0.6065870848777323,0.004027149746627212,0.039321336686852976
1,8,1822075396,0.06496392047097833,-0.5560541035218795,-0.12049667612972398,0.06617633182487621,-0.04909644311870531,-0.6272770975277637,-0.0809047498839024,-0.04432816425743025,True,1.65,1.6182461435688493,0.004266829308297029,0.8758336747954496,0.6200000000000001,0.0,0.11814563946510262,True,0.15660175187586095,0.15660175187586095,0.18671233298769285,0.23460111861885913,0.2647552801487342,0.135436536574631
1,9,315747372,-0.16104557527240884,-0.2128949318052963,0.07284095775197787,-0.06429087923765053,-0.32909052982457854,-0.4287496141686482,-0.0036316746750686413,0.37156886164994507,True,1.65,1.6122956875326313,0.0017894978482831828,0.8897764601817213,0.6200000000000001,0.0,0.10072972950262667,True,0.09675182794133699,0.09675182794133699,0.2249476109364665,0.5197130306331518,0.17830799785408719,0.11558711564588528
1,10,2301490752,-0.14793067972731838,-0.21621554134537002,0.08218312753739161,-0.47312527044496505,0.1525999161826288,-0.509400408043597,0.5655878490820021,-0.9842745545070388,False,1.65,1.69373636125447,0.0054810828456578285,0.9557394996445674,0.6200000000000001,0.0,0.11251577876424453,True,0.05133654819257785,0.05133654819257785,0.12304486902629294,0.13583994814274483,0.10050543456845393,0.007266411636206185
1,11,1008259157,0.10837162783919521,-0.20615084708332038,0.10531307347176458,-0.22652515001761678,0.28672845299151106,-0.2552508400103328,-0.25555811744485735,0.0631735549867476,True,1.65,1.600155457346666,0.006904235570145284,0.8631232175055561,0.6200000000000001,0.0,0.11012800427096477,True,0.033675819532346496,0.033675819532346496,0.2039969318086756,0.31145548278434504,0.14458077944598924,0.14375840495222816
1,12,2273800257,-0.04491089479816765,-0.015275373612566007,0.004146920919757269,0.23351971428843096,-0.17909596058597677,-0.14494211512242527,0.8772409614596086,-0.5767077804071354,False,1.65,2.275457779955914,0.02006821568339145,1.5196475171181212,0.6200000000000001,0.0,0.11574204715440117,True,0.04721741961317738,0.04721741961317738,0.2522229248147273,0.34438059464307474,0.26864598446059595,0.054462156738326106
1,13,641866914,0.18537851587015056,0.2998996450829634,0.019024407123566345,0.09781255679684993,-0.27200759463597457,0.2331087551313864,-0.72005365487764,0.37026553593614464,True,1.65,1.5761513322584468,0.013321572037700466,0.8244870375433568,0.6200000000000001,0.0,0.11834272267738952,True,0.008849083693860949,0.008849083693860949,0.02738940471645146,1.288601951927148,0.034644353198914346,0.017393648210377255
1,14,2319145843,-0.014059316001317629,0.08097422795353051,-0.08897341491348454,0.22229841898574487,0.2131955830655634,0.06535093210832565,0.9609110936252403,0.8334348991742793,False,1.65,1.9142364130164977,0.001328173351514354,1.195294765293829,0.6200000000000001,0.0,0.09761347437115436,True,0.16491282570770693,0.16491282570770693,0.19800160066490952,1.2139496320743342,0.09406435038107533,0.1556413851457154
1,15,3661976562,-0.36219852127421986,-0.10632556636810615,0.038301202261511305,0.17385117128948552,-0.8383161866432369,-0.2754064101158791,-0.27645876381586776,0.6833579914526202,False,1.65,1.7258786041544396,0.002740545067750788,0.9966279647360677,0.6200000000000001,0.0,0.10651009435062105,True,0.10091933365558794,0.10091933365558794,0.0444141700767989,1.0805309448094274,0.15351571720814447,0.055259925316698405
1,16,3524966043,0.2643326206368725,-0.1907865832033098,-0.041627943366380454,0.04477379724724913,0.12865279836739396,-0.3682617512430364,-0.8598042499734264,0.8964713936295303,False,1.65,1.8205487355512902,0.004585188730716542,1.0871830718898527,0.6200000000000001,0.0,0.10878047493072086,True,0.33722414446857074,0.33722414446857074,0.8415822540188238,1.6039650695154533,0.5342939497694112,0.29003318445084414
1,17,3111372244,0.39504927052425104,-0.19785351719625105,0.017662217387250954,-0.28407424327958963,0.5117182784868717,-0.053821657541796686,0.4562963608918633,-0.8131593361570046,True,1.65,1.5235546724086841,0.010356506983842039,0.7661963367951252,0.6200000000000001,0.0,0.12700182862971685,True,0.08293909249282844,0.08293909249282844,0.09547016858186852,0.408583606411539,0.07576758560605645,0.19876578083380742
1,18,664640256,0.08642057062153158,-0.35932973939525975,0.2877201540145435,-0.4856847937519756,0.20713399602222138,-0.7436707420795945,0.9122770344050459,-0.7495225093970603,False,1.65,1.9810292717634954,0.00612017023228933,1.2240707908777302,0.6200000000000001,0.0,0.13083831065347587,True,0.19600057741519974,0.19600057741519974,0.32567982636769255,0.23949932742333907,0.4004663120025868,0.20304257232635772
1,19,337232961,0.36278637499410293,0.4545749368092203,-0.3884585806461739,-0.2801280683082939,0.48613072766274956,0.23457112702428518,0.6427725562542159,-0.4455485787744806,False,1.65,2.0093533557964376,0.005255166768512319,1.2396245707828513,0.6200000000000001,0.0,0.1444736182450738,True,0.37056989898242976,0.37056989898242976,0.311442957544118,1.3721706682032857,0.04058294899969639,0.35103071795063545
1,20,881732117,-0.5755911175267776,0.14957692279647028,0.06992606967764274,0.3108159444513807,-0.9376910483309926,0.0686946128335697,-0.3941734683754261,-0.6550591481013757,False,1.65,1.974977422879943,0.02145986496289851,1.2033354403639729,0.6200000000000001,0.0,0.13018211755307146,True,0.03111000758714888,0.03111000758714888,0.2516950257332342,0.6763978965406967,0.2123010784145063,0.10252299515476093
1,21,1376916551,-0.11634269262858654,-0.04722367778785916,-0.4974852073805294,0.20355807978995444,-0.29027589177924207,-0.08781744481291964,-0.08061348295713322,0.9634716931862604,True,1.65,1.3167975030661134,0.005306596335953828,0.580010286940571,0.6200000000000001,0.0,0.11148061978958836,True,0.04954165962411744,0.04954165962411744,0.23841184642446134,0.039661810235198935,0.31459442068359295,0.05592626164498987
1,22,2100294288,0.26663664375603,-0.027643665784839178,0.4439756184582705,0.09233272923460498,0.2956634104567497,-0.5101631785909524,0.8194598257362633,-0.21380364775488503,True,1.65,1.5119206461780548,0.005029809479338304,0.7781048342598877,0.6200000000000001,0.0,0.10878600243882872,True,0.3146446188461216,0.3146446188461216,0.44759816336049885,0.05156796366757921,0.506832258613561,0.26064050608397515
1,23,1804536907,0.3455242522558549,0.07034344760560446,-0.06635430766918299,-0.34893715709809775,-0.30392865882597553,0.347099176655038,-0.36077313519132437,-0.880409977064079,False,1.65,1.8085664721119439,0.004111050857259895,1.060448195148456,0.6200000000000001,0.0,0.12400722610622789,True,0.2455903339856116,0.2455903339856116,0.5763247814690986,1.1648789557432186,0.5944227159000274,0.1607953738656932
1,24,2635096079,0.5451534386719599,-0.05677755589899429,-0.25755285294292124,0.4801619736352657,0.5380657507279463,-0.06469463728969949,-0.3176759436742729,0.7777417183897344,True,1.65,1.5131451050847842,0.004126638381275056,0.7709075660771327,0.6200000000000001,0.0,0.11811090062637622,True,0.2567884975007946,0.2567884975007946,0.3042633077832637,0.3412530968450347,0.032870105698525665,0.22315231995584991
1,25,1512734169,-0.12694784690702043,0.5030083640744599,0.1956247412065992,-0.023933973101083694,-0.23518250653286166,0.6199672246535939,-0.03703515090463916,-0.9284238310496289,True,1.65,1.6124722749534215,0.014330368636794943,0.8457849685692584,0.6200000000000001,0.0,0.13235693774736806,True,0.313126637645857,0.313126637645857,0.6549300432077197,0.5837421953954957,0.7555064045918084,0.26722204061665655
1,26,3116122193,0.15210424684960308,-0.4067585171333382,-0.32653812661280124,-0.31774389788117546,0.11300515349546769,-0.15764886982384585,0.17986876123589535,-0.36908182414071145,False,1.65,1.6724529588767958,0.007920326034238588,0.9274484958282528,0.6200000000000001,0.0,0.11708413701430428,True,0.2013792402621915,0.2013792402621915,0.23375353102435031,0.766546272902242,0.14703614412763288,0.22445251169053076
1,27,4161503237,0.6295135038092322,-0.6435677030732637,-0.30499048470316203,0.09798207887007207,0.8433764207591046,-0.9559007364754362,0.014474143428364616,-0.3801650674648034,True,1.65,1.2802041942477407,0.00558533042305482,0.5236074327652893,0.6200000000000001,0.0,0.13101143105939642,True,0.17201254853189046,0.17201254853189046,0.2057021075443181,0.12431487689127324,0.20944955528629636,0.15780484730492256
1,28,2789739837,0.3710240610272002,0.5069576389987108,-0.14729094113828514,-0.6698952988395077,0.4825948496135144,0.5402623675546367,0.7648691857128553,0.20250163908524654,True,1.65,1.5906268991681107,0.006039182726738368,0.8277460788883777,0.6200000000000001,0.0,0.1368416375529947,True,0.11133377860998905,0.11133377860998905,0.4906252492352998,1.4704399062807112,0.18464290540937722,0.1786958309096066
1,29,3000803875,0.21294460814754085,-0.14246962862115894,0.2255568086732792,-0.2845252890186507,0.276069628302386,0.2983311307067664,0.6130546819784286,-0.6439075579675728,True,1.65,1.5653947763169926,0.005646985110096099,0.8305807692870922,0.6200000000000001,0.0,0.10916702191980411,True,0.14137110562662758,0.14137110562662758,0.36518351394880777,0.7520829824538847,0.38025038799757843,0.0537698904623215
1,30,1662767698,-0.20625442611331044,-0.16541196512533246,-0.15846047234583283,-0.3905229006779536,-0.08210505878686547,-0.36918602454873284,-0.4877246057277067,-0.10769789458906454,True,1.65,1.3751966108576146,0.01097641095106969,0.622506878952143,0.6200000000000001,0.0,0.12171332095440192,True,0.018103537368606593,0.018103537368606593,0.10560333981812176,0.40764303584906725,0.14602812138589588,0.06733427330337549
1,31,2732442396,0.017873418054014642,-0.32889856293612285,0.20905315603567662,-0.13453875539857352,-0.4012114632212147,-0.15237875269539636,-0.6363000095279119,0.8013965217135879,False,1.65,2.1320791325858264,0.0019858694104521075,1.4066884066483993,0.6200000000000001,0.0,0.10340485652697459,True,0.18902912914864478,0.18902912914864478,0.15900956751625794,1.4183026676089465,0.14942139736379279,0.23031319302972508
1,32,1678491897,-0.061186980985770634,-0.2820944565614508,-0.12848278265844065,0.31479261308595685,0.2091822770626306,-0.4753234029091167,0.39226750165783275,0.9841947255443102,False,1.65,1.9557979954961326,0.001849650339658534,1.2288568667942823,0.6200000000000001,0.0,0.10509147836219176,True,0.05962253425163813,0.05962253425163813,0.10649162829163525,0.4431333224519819,0.11445938079310133,0.14819807248119884
1,33,2601564513,0.0064299622162765635,0.04844659129310876,-0.1296053307999086,0.5377896464014565,0.03986796814830762,0.457689279492844,-0.6385360909275792,-0.5528947301279024,True,1.65,1.5523417663905352,0.012387142641154552,0.7754417358771218,0.6200000000000001,0.0,0.1445128878722587,True,0.011671790226638765,0.011671790226638765,0.13285642768018094,0.2508472147258832,0.09777853196008876,0.055142149385056335
1,34,1642726352,-0.00233069351951512,-0.5232625047418877,-0.10078445772704085,-0.37797914270476796,0.22865453519518852,-0.6041909947605775,-0.6325714016333575,-0.1407543681647645,True,1.65,1.5227076368224117,0.009397318987616693,0.755078412194965,0.6200000000000001,0.0,0.13823190563983,True,0.017270929705667293,0.017270929705667293,0.3158805862008893,0.24078390236357816,0.6842992849049172,0.013824007834656815
1,35,2284663161,-0.47420877435206815,-0.18837581921434443,-0.27383620877813647,-0.2494287136644704,-0.27683020548812,-0.007438795276414556,-0.5652777594187581,0.09358654706995373,False,1.65,1.7594278926365807,0.014673320799203811,1.0050625897098542,0.6200000000000001,0.0,0.11969198212752272,True,0.009679821305887737,0.009679821305887737,0.13476419126623163,0.07957189537698606,0.06441376042418123,0.04694216461756373
1,36,1370658394,0.47553227727121006,-0.2282545293521709,0.4315596483471816,-0.01632450254591357,0.4793713370853965,-0.33231122893749343,0.43991841122558206,0.47467500462864987,True,1.65,1.4926568734092136,0.006921002896366299,0.7542637286043736,0.6200000000000001,0.0,0.11147214190847342,True,0.11386377703163797,0.11386377703163797,0.20541827967705983,0.11111542476879066,0.5110707082044192,0.1647599570550926
1,37,1392271084,-0.2004380345185884,-0.2313408988884989,0.19886709898882754,-0.15277638164293056,-0.3158975372896764,0.07849620102209753,0.6828248063604518,0.12028942655733821,False,1.65,1.970446972514496,0.002791492882555023,1.2437244007931838,0.6200000000000001,0.0,0.10393107883875706,True,0.12516449522672773,0.12516449522672773,0.06841318677237904,0.6253369434000344,0.12426150535160643,0.0906513637002723
1,38,4006279071,0.32706383501609143,-0.3495919521130242,0.04165545577856358,-0.14991888594795977,0.23354213521186717,-0.2910677997481441,0.13424103574118407,0.9007102431340128,False,1.65,1.7047633188813864,0.006146800261029317,0.9560149702627768,0.6200000000000001,0.0,0.12260154835758023,True,0.3350000809229985,0.3350000809229985,0.4362226364686399,0.16647805352397121,0.4463660826622542,0.24322775959205134
1,39,693783068,0.10590173940977686,0.040568047377617475,-0.0997558426669432,0.13989910844492426,-0.030803707427760063,-0.008524917387947584,-0.747935484472257,0.29102756016381015,False,1.65,1.7275313405661803,0.002892565369449497,0.993640323885928,0.6200000000000001,0.0,0.11099845131080276,True,0.22143576335127846,0.22143576335127846,0.2872739283323456,0.7829812777127665,0.5253367563585783,0.20255672761477278
1,40,3416735763,0.25283843516798166,-0.18221908533479172,-0.4687042899589988,0.13298703841157922,-0.07595568900073202,-0.33807208557612034,-0.6344609072308045,-0.6841453659060035,True,1.65,1.5089154341379423,0.0043383698315027685,0.7556345162328609,0.6200000000000001,0.0,0.1289425480735784,True,0.20290186862715862,0.20290186862715862,0.12742718820839782,0.8863526861416101,0.14297406398690823,0.162197666191798
1,41,910456901,-0.21213928973824658,0.2733019265760054,-0.4785110747857634,0.02357420013710987,-0.17968118854581183,0.11429018160299109,-0.45088615114625097,0.7231953444612846,True,1.65,1.4122422413047053,0.0047591290251929215,0.6677507302683375,0.6200000000000001,0.0,0.11973238201117489,True,0.05530848198695465,0.05530848198695465,0.1605605775407502,0.2230368365064328,0.26211689067206323,0.0180202825084389
1,42,3583543914,0.3013162039386936,-0.6791244849851705,-0.13686106244922935,-0.0827220720352802,0.21785035397474073,-0.7677842973668061,-0.6927289202713973,-0.9322025991116649,False,1.65,1.7209556514640172,0.0037906888106627964,0.9873832903684541,0.6200000000000001,0.0,0.10978167228490038,True,0.07944173126586873,0.07944173126586873,0.5510611167070133,1.1666765117758289,0.25635096122676243,0.09161801455524182
1,43,2467922502,-0.6257009081984142,0.027739379020810827,-0.08786557890404836,-0.01174164940430936,-0.5855832122515903,0.32389711373596164,-0.6968605050641898,0.14856940731933266,False,1.65,1.9051188017980851,0.00514063581733398,1.1708245151963024,0.6200000000000001,0.0,0.10915365078444869,True,0.03196910255468566,0.03196910255468566,0.04391908955414914,0.29294144034883673,0.26630906651218655,0.07151128587727207
1,44,1855746150,-0.2254345914581519,-0.33614896032084085,-0.499491589418991,-0.014199411476531774,-0.15858572520561243,-0.22306271172029524,-0.8047514405396681,-0.7059519491367676,True,1.65,1.63386204521715,0.006020136890420924,0.8747046475541365,0.6200000000000001,0.0,0.13313726077259253,True,0.017256796167219535,0.017256796167219535,0.46843372651108195,0.3389241619512583,0.9029262926861965,0.009467727963310968
1,45,3417542652,0.4078194264120455,-0.19497524844819472,-0.13629009650573837,-0.18220804924423867,0.29433002643155737,0.3308547672936273,0.09499334730467068,0.19493477396855008,False,1.65,1.7457226259991847,0.028499069489103326,0.9678345548340914,0.6200000000000001,0.0,0.12938900167598982,True,0.23969791793864684,0.23969791793864684,0.19137933580020608,0.469277986357175,0.22260390916497272,0.2822625342842564
1,46,3223523632,0.14620794887880023,0.03565128209040361,0.03347090851946706,0.0530068783515047,-0.40336355325430495,0.08644450397176917,0.7247284523404438,-0.5680612515614263,False,1.65,1.8545999029871918,0.004909713066473172,1.1163143599290664,0.6200000000000001,0.0,0.11337582999165205,True,0.1820124498602147,0.1820124498602147,0.4422362904493527,0.2282553703904342,0.5490627684769446,0.17998626356445524
1,47,2790018099,0.44509198873752054,-0.09883941108826788,0.006552807658074221,-0.26709566333694124,0.7915988517926362,-0.12391932267883132,0.332003397799979,-0.24652645147009955,True,1.65,1.5574197788479416,0.012947813025010064,0.798437436481634,0.6200000000000001,0.0,0.12603452934129747,True,0.023401578508916443,0.023401578508916443,0.3194760097080535,0.7269674768861086,0.3616451504219644,0.10839987489171765
1,48,2623238037,0.1885619372797659,0.23556605666011382,0.08129265888321832,-0.0551182808602531,0.4575242763265124,0.4962464533973667,0.44074047664723937,-0.02936349794620563,False,1.65,1.8804685833945265,0.00947283483698749,1.1452031893838461,0.6200000000000001,0.0,0.10579255917369268,True,0.1196996533066993,0.1196996533066993,0.16494724375283576,1.0430972760530488,0.2747431267026219,0.18667268601041254
1,49,3330609546,0.28837884761982674,-0.24320697972682673,-0.2907670568362138,-0.20020224113904678,0.45458292556588065,-0.5496171771102509,-0.690181354180633,0.3905490481270326,True,1.65,1.5148294275463714,0.0023917488727475712,0.7911652275549743,0.6200000000000001,0.0,0.10127245111864931,True,0.10208430966649946,0.10208430966649946,0.16976398710965987,0.47874651460300394,0.19539034016500953,0.12422813294275971
1,50,3129741174,0.35623712115349804,0.04346445769390095,0.1950212108466831,-0.10275193878964793,0.21425547762962838,0.024586685512036244,-0.35469273145432,-0.16053941443833697,True,1.65,1.5138366581547922,0.002927101025047545,0.7900164729691417,0.6200000000000001,0.0,0.10089308416060283,True,0.031320579212099964,0.031320579212099964,0.3116079689686898,0.8179359745619847,0.08665514519682349,0.060677321751634206
1,51,2190827947,-0.05284662954874565,0.1324170770474001,-0.13360543999827693,-0.08740658729030829,-0.09843523731564274,0.4256055818185627,-0.9479855694919366,0.03212525909995634,True,1.65,1.6487916156711449,0.006886156903988862,0.9021356964261036,0.62,0.0,0.1197697623410524,True,0.15115519786467474,0.15115519786467474,0.2566317942353689,0.6199133169710734,0.25679862072659,0.08207210233232971
1,52,4174155400,-0.3691602670934243,0.2342443773402112,-0.1459306958287912,0.07054771979296542,-0.35566483082152933,0.0481174337022392,-0.2594621511059749,-0.10832644740765485,False,1.65,2.0723288910232065,0.004022272442084319,1.3418732835346556,0.6200000000000001,0.0,0.10643333504646646,True,0.2629750321158236,0.2629750321158236,0.013533749625370434,0.2716381611243096,0.027574180336097237,0.16064858097989557
1,53,1720816622,-0.1201408543540697,-0.07171857220736674,-0.255955001440219,-0.3599634859307862,-0.20525080465598866,-0.36028720552654536,0.7291832494426864,0.6920976813180029,False,1.65,1.9074217425672704,0.0024857956618404183,1.1865901882764602,0.6200000000000001,0.0,0.09834575862896962,True,0.06159074359682831,0.06159074359682831,0.028769973037213847,0.6699013822171154,0.04270263654807499,0.027574777375557413
1,54,2923013695,-0.22770475061523074,-0.21299914763296568,0.19654640268298185,-0.0033072488164032215,-0.4328389682126901,-0.00822738338034723,0.848736666941317,-0.28375842628266024,True,1.65,1.632298015700311,0.002171319184333477,0.9105303134409467,0.6200000000000001,0.0,0.09959638307503087,True,0.20750214904320768,0.20750214904320768,0.07579380712346487,0.2023790899458467,0.09615177504994779,0.23504122259911517
1,55,783913802,0.0005276748458760971,0.17020916172038675,0.12243912278264277,0.47103409039777905,-0.2034454796505396,-0.4050211337885006,-0.34726434827451436,0.6967117607157813,False,1.65,1.7807460850533736,0.004629990251570186,1.0388988821427347,0.6200000000000001,0.0,0.11721721265906851,True,0.05585529048027632,0.05585529048027632,0.48719579844940947,1.1998229582059894,0.5119931454645661,0.13041766383972808
1,56,2043499078,-0.40444288298731335,-0.3012952619560082,-0.20434908826801568,0.1264131574475795,-0.5228891843490286,-0.5164144315593817,0.11005986463352158,0.585626402279078,False,1.65,1.777918617281576,0.007819741230237256,1.030129065055057,0.6200000000000001,0.0,0.11996981099628162,True,0.09769865251391074,0.09769865251391074,0.02173258801273481,0.06703113598499566,0.3513406316660471,0.07044178086003128
1,57,1221167171,-0.15202777882753413,0.17293203391067552,-0.18209003735801194,-0.6305305565357695,0.12894337008639134,0.24001732411576593,-0.60289466114567,0.9511479359918018,False,1.65,1.818268071897023,0.00598016017650435,1.050063117293939,0.6200000000000001,0.0,0.14222479442657945,True,0.021082871847038692,0.021082871847038692,0.2022853358660545,0.28230244049605846,0.09018192312404363,0.030786492998237186
1,58,838752820,0.2364142210538916,-0.4520032375510664,-0.007780461693371238,0.7099486859242832,0.5092564467162346,-0.82711947925983,-0.38860725079223,0.5209402121915583,True,1.65,1.446900970064075,0.017658688838398797,0.6834081647537079,0.6200000000000001,0.0,0.125834116471968,True,0.017066747148614905,0.017066747148614905,0.01549493172761568,0.4248536980774048,0.08672116865083451,0.0903293472104853
1,59,3106574475,-0.07870706677832087,-0.1643515281019193,-0.17851488487390293,-0.15394231866172164,0.37915172397706876,-0.3440234046614967,-0.4489356708833987,-0.2620494366412771,False,1.65,1.8101811451858623,0.0054234606418159395,1.0854354918175453,0.6200000000000001,0.0,0.09932219272650093,True,0.2857370381699197,0.2857370381699197,0.15680269913466985,0.09301264515562833,0.12282063449717426,0.22822021948596846
1,60,1642244016,-0.2784479470987397,0.45686232825992645,0.34777991753356624,0.5491533972642115,-0.21315859536859771,0.40586599494655484,0.8163053383808128,0.706331070511552,False,1.65,1.8321349600489887,0.0033034595876745435,1.099613561884337,0.6200000000000001,0.0,0.10921793857697693,True,0.11549116096794765,0.11549116096794765,0.2741665148412554,0.45137525171790605,0.15640612513937557,0.04485197401399943
1,61,3708060555,-0.1589473501071118,0.05415507515679174,-0.039676661873696534,0.05857842642552967,-0.49884554341480647,0.31381786295437486,0.7449480034523166,-0.2927669645901092,False,1.65,1.7933342058992028,0.0012922383539604584,1.073662280644486,0.6200000000000001,0.0,0.09837968690075621,True,0.08041699541105327,0.08041699541105327,0.08104461941844092,0.5027560960414386,0.0631567823196741,0.03837577203635045
1,62,3883946243,0.8682815044407144,-0.2362764122381154,-0.4861106181153688,0.03786796380849908,0.9264131066659562,-0.37390863670340746,-0.6324713420996324,0.20619933203092855,True,1.65,1.5018319228935817,0.01471241884117712,0.7324344152050953,0.6200000000000001,0.0,0.13468508884730918,True,0.042654591567855504,0.042654591567855504,0.07955872397106883,0.20494861016056537,0.08189301129976839,0.06834660544660678
1,63,1398906813,0.1916324809200005,0.06796578814411089,-0.023837844564264993,0.08392667603635648,0.2283852328126954,0.22451777893462221,-0.25384791750779945,0.2827798876810841,False,1.65,1.77722122712402,0.004730838101045768,1.0411814079888908,0.6200000000000001,0.0,0.1113089810340833,True,0.2619388364260009,0.2619388364260009,0.45580249771468423,0.17873592480754436,0.3730230741539752,0.27410787396290487
1,64,1920911861,0.17262223813942468,0.14473021968295546,0.6310328745827154,0.22090149865722314,-0.17706256959907085,0.5896063377888889,0.8377973475139044,-0.013764015178864275,True,1.65,1.5702079154833344,0.0028143707836687896,0.8433566711148327,0.6200000000000001,0.0,0.10403687358483273,True,0.0826810966665723,0.0826810966665723,0.42370931872030726,0.05843742590032441,0.49647143661166704,0.031223220308261412
1,65,104917060,-0.3198168539066526,-0.06908975370170217,-0.20570484455945087,-0.25407698585354965,-0.23326158018123144,-0.4670936759138353,-0.9611229016992966,-0.9795640920189117,False,1.65,1.760443237936778,0.002841787810220941,1.0346290014411772,0.6200000000000001,0.0,0.10297244868537979,True,0.003393015099094454,0.003393015099094454,0.23398258945206524,1.3000469398338528,0.12358641436925771,0.11122595624531911
1,66,4262460484,-0.12583082782478086,-0.27048607046406037,0.08698216894568678,0.039387510017463295,-0.5466715271212392,-0.3838178452661405,0.8194067372511928,0.39466206270557436,False,1.65,2.038873749080329,0.0021238801122047857,1.3166776199825754,0.6200000000000001,0.0,0.10007224898554898,True,0.24768291683890514,0.24768291683890514,0.3955438855726159,0.1108805603305629,0.3636374467489718,0.18984438007438365
1,67,3863059907,-0.04417679532788509,-0.05852736323476071,0.13045569778713414,-0.21101561484542308,-0.285027761898607,-0.13666795307711088,0.9348943455710348,0.15448313850766793,True,1.65,1.327872417802893,0.00602177656829295,0.5987858710341166,0.6200000000000001,0.0,0.10306477020048312,True,0.07253536870669766,0.07253536870669766,0.10509227415313405,0.2821288391118623,0.13053324553830015,0.1163385839950824
1,68,1516645965,-0.16293573312617254,0.568870313490531,0.523422587854529,-0.08522467251149884,-0.15800754103012604,0.6738397092558039,0.8302518178093969,-0.25234073284014347,True,1.65,1.1496871498860592,0.028643576824859806,0.3135927773066147,0.6200000000000001,0.0,0.18745079575458456,True,0.11333918273249632,0.11333918273249632,0.06910900218609317,0.34475221184079463,0.2960119282817375,0.02665252767034554
1,69,923148808,-0.5446305824579679,0.10264391751502204,0.1944114783080107,-0.21930761993022238,-0.259155226924191,-0.052115991293708586,-0.08192629915020655,0.04045220960055018,True,1.65,1.6319142139124763,0.004301331576241605,0.894922175575663,0.6200000000000001,0.0,0.11269070676057157,True,0.10152799343672791,0.10152799343672791,0.0750306093070322,0.012302267179629373,0.043890603295196035,0.12935366237339507
1,70,2001021798,-0.08940201943280796,0.22101831432376018,-0.5435921553605456,-0.04805271174844521,-0.048643218119305276,0.20820158376035058,-0.7673065077155079,-0.36647979808395004,True,1.65,1.443803473099639,0.0025824811261537274,0.7166607231112544,0.6200000000000001,0.0,0.1045602688622306,True,0.06379478636211522,0.06379478636211522,0.025274953853498427,0.09620539936373043,0.07452297846237627,0.033848195334323594
1,71,181764269,-0.12828813665295247,-0.13559368764815066,-0.14702304350857515,0.02043838924649411,-0.14213714038370595,0.2235178662694124,0.810777293370653,-0.869933186146872,False,1.65,2.51069016721483,0.0030651172961846606,1.779049702327486,0.6200000000000001,0.0,0.10857534759115908,True,0.36313649346420207,0.36313649346420207,0.1564374252630322,1.1568491606695135,0.11558581460950992,0.3259394597568125
1,72,2017367435,-0.010342932174833327,0.4701381226417617,-0.14879455134987696,0.14758693112251337,-0.11224604907862035,0.3702746811181681,-0.8728061331474153,0.754102810613442,False,1.65,1.7861590084970684,0.0027272935903931506,1.0562846991771992,0.6200000000000001,0.0,0.10714701572947574,True,0.022446010450246745,0.022446010450246745,0.6173558463983699,1.3075183215798551,0.4955819756053223,0.024661176850911348
1,73,1770274530,-0.11175953479356845,0.04980627889344491,-0.3368797645388837,-0.3132334456624474,-0.0697719015915379,0.06044012650318176,-0.8929435909658718,-0.3134903426238702,True,1.65,1.5699268502993755,0.01068503310801991,0.8122964623969853,0.6200000000000001,0.0,0.12694535479437022,True,0.04155950713355083,0.04155950713355083,0.23428460116013655,0.5647019573422416,0.44159201679721893,0.051605553234412516
1,74,1346837321,-0.46894438989405,-0.1051693237985689,0.001611292381184369,-0.032781586333893734,-0.12209488897052823,0.0585215915443138,0.9725162920276016,-0.8355767046068909,False,1.65,2.0108503192083553,0.006158247631117427,1.2587950247764275,0.6200000000000001,0.0,0.12589704680081037,True,0.004807268737189452,0.004807268737189452,0.22195995204595848,1.0821669088196746,0.2833091511846799,0.08314729753182898
1,75,1127240435,0.4565052216172555,0.42142608696005307,0.19447571147213122,0.02268394839341853,0.525729604969073,0.765194950469666,0.7700086895332894,0.64670578538829,False,1.65,1.8399044763333778,0.0033777237574751555,1.105103977275947,0.6200000000000001,0.0,0.11142277529995548,True,0.36140350958945133,0.36140350958945133,0.4306237677951308,0.7098937665072131,0.727874001314364,0.3208574856562607
1,76,2632774599,0.06352433116668847,-0.07133143160120668,0.5029006686079956,0.0967457691918113,-0.01889097696406372,-0.3582013006987468,0.6359383105818359,-0.5974668209103953,True,1.65,1.558909530094389,0.004272145374866453,0.8187397880791513,0.6200000000000001,0.0,0.11589759664037093,True,0.060028773758063037,0.060028773758063037,0.27508549731268195,0.3743946189294612,0.3932623280591152,0.11965592441305206
1,77,682321548,0.3917860741017003,0.3421853877691269,0.06655662347825608,0.07055936659573174,0.16696238807911223,0.5260068769384227,0.22121322352105866,0.11703193233149811,True,1.65,1.4973899529130028,0.0017007574311662104,0.7757392073087951,0.6200000000000001,0.0,0.09994998817304153,True,0.12632350391898772,0.12632350391898772,0.013640444510222949,0.12347887056729379,0.18411823417052975,0.10097979684514546
1,78,349115671,0.07101206521265914,-0.016649726236018424,-0.4915098205201968,0.17981043913933853,-0.24221024972010374,0.2040680432819384,-0.42174735377887185,-0.41195708448379187,False,1.65,2.038249488193091,0.015059254615765363,1.2679227494808436,0.6200000000000001,0.0,0.1352674840964818,True,0.29602009782453764,0.29602009782453764,0.037033485095793656,0.10460628635895339,0.08412839086026513,0.2503568147882621
1,79,1844029174,-0.01679325919364013,-0.26143664430480024,-0.13066069773306938,-0.29869464589349937,0.26613145018940987,-0.583339049509332,-0.5770536199281788,-0.47725910925037596,False,1.65,1.9513455016555517,0.001752389776616285,1.2272951073730518,0.6200000000000001,0.0,0.10229800450588335,True,0.07981234705148946,0.07981234705148946,0.18044263123179083,0.465152687424845,0.20709007731427764,0.13864197345765872
1,80,1988637847,-0.026908739906318285,0.17844058554388514,-0.1255536411048736,-0.1079684121452743,-0.26596153243420706,0.5086784076254127,0.6897844726830549,-0.9099448403901438,True,1.65,1.4435018586507515,0.00817500757630619,0.6817788635982994,0.6200000000000001,0.0,0.13354798747614582,True,0.11778323507950166,0.11778323507950166,0.36799520077134074,0.48514478503802094,0.2756634575737249,0.026737421446258375
1,81,1063329212,-0.23957047404595225,-0.03515761398669508,-0.2184439748200164,0.37941754081623935,-0.287421371962193,-0.13405383003065108,-0.7386084371598878,0.3739095679496651,True,1.65,1.6176976334399082,0.004591902633313182,0.8790334890339645,0.6200000000000001,0.0,0.11407224177263064,True,0.013746346085691474,0.013746346085691474,0.29256576776945487,0.5314098132616656,0.06909311704093196,0.013392006538552104
1,82,2335862066,-0.31380082977826196,0.2857539721060619,0.29619594978362807,0.0027540147092653816,-0.03985828042854078,0.03452063024110519,0.7619433372378281,-0.09443906796461121,False,1.65,1.9684554155484189,0.00630288832638943,1.2329090630009205,0.6200000000000001,0.0,0.1092434642211088,True,0.07067278291651291,0.07067278291651291,0.04940142498025002,0.7321429560341745,0.14370263227763114,0.06606612288516439
1,83,3606090985,0.17381903721988107,-0.13630296760942615,-0.2518710694063041,0.09866413024820182,0.32397808060256317,0.06905362612539157,-0.8819372592198576,0.14256595678869055,False,1.65,1.7486916392501628,0.0024370859081836987,1.0285338900711485,0.6200000000000001,0.0,0.09772066327083047,True,0.1460329913557868,0.1460329913557868,0.37750185772582684,0.31975636269278496,0.2578617207462744,0.20496713833447416
1,84,816514052,-0.03559064387978027,-0.277242052440098,0.13958627809012067,0.04651022689386272,-0.21030833604876498,-0.303103492181203,0.5113547475396727,-0.8727792064989393,False,1.65,1.6518949105724707,0.003194832356527287,0.9239398072152922,0.6200000000000001,0.0,0.10476027100065095,True,0.1560110343789506,0.1560110343789506,0.13716694627407172,0.39723729233041594,0.034867073956965866,0.24686938752766382
1,85,3618446781,-0.2750873541136736,-0.06464308252717182,0.3371738466001891,-0.3676397005109427,0.038124114600541326,0.2839246979807888,0.19194592900417717,-0.5467443081809875,False,1.65,1.8283945350690232,0.0025509756742742866,1.105424279365012,0.62,0.0,0.10041928002973682,True,0.11465087715241745,0.11465087715241745,0.11801457682395097,0.3601911007380063,0.11198794683896368,0.10170674903529085
1,86,3273835037,0.11215118493619292,0.092521610195582,0.021402335223183244,0.15783312916541276,-0.1333691876844063,0.1754016203902642,-0.28856178139459376,0.2615242282422503,True,1.65,1.564803551208761,0.004946863228794815,0.8255194357905367,0.6200000000000001,0.0,0.11433725218942944,True,0.05399663525963255,0.05399663525963255,0.252191535314076,0.5533241557956751,0.2642347000361787,0.09715154015079885
1,87,3847582356,0.03978367048034964,-0.021740182384321405,-0.03973112074257795,-0.4238144585493806,0.470229691591066,-0.3135979012095347,0.6113921921737644,-0.9222397572196375,False,1.65,1.8443940493808544,0.018711071266157925,1.078569186531405,0.6200000000000001,0.0,0.12711379158329125,True,0.20720325882326873,0.20720325882326873,0.23557260700383026,0.7527373072945092,0.23896932211818128,0.105014493317293
1,88,1861314495,0.4740977213693055,0.29807453870274037,0.38905963225276186,-0.042584059465769875,0.47373822254655584,0.40165054502045194,0.022998241169802647,0.1551672433583473,False,1.65,2.0897411189989743,0.023537516608467264,1.3090507415010855,0.6200000000000001,0.0,0.13715286088942152,True,0.13803591898142908,0.13803591898142908,0.4078969126480194,0.4483590967892157,0.4434040359901814,0.2508234303950658
1,89,1664953638,-0.49531052374141216,0.1085507557685827,0.025073222437778014,-0.33876211577592596,-0.5667965729220921,-0.23880999409248282,-0.7696917833498298,0.8671842102322276,False,1.65,1.6871348673090916,0.006122149825560778,0.9589981386054436,0.6200000000000001,0.0,0.102014578878087,True,0.09382234209456952,0.09382234209456952,0.008335304318483505,1.273795065504613,0.0554945330380619,0.16346422446292286
1,90,2343748464,-0.00032414304491562573,0.39845505693830413,0.10431878802523167,-0.39233546810263514,0.3115552576477143,0.42347880962878204,-0.24475273713672707,0.459504342111106,False,1.65,1.800365757276043,0.0021591558066215892,1.0774161316852708,0.6200000000000001,0.0,0.10079046978415036,True,0.015544121041624503,0.015544121041624503,0.07471965668139346,0.08078503954544214,0.0190709982259869,0.09765282419376331
1,91,3323215760,0.027640207746008855,-0.19962285812891792,0.41469211767790903,0.22633705125628673,-0.08002269010970453,-0.3563038888036376,0.9459858485703725,0.38217882541280024,True,1.65,1.5710461807601668,0.0027281712466780605,0.8457269545615009,0.6200000000000001,0.0,0.10259105495198761,True,0.23616013273887854,0.23616013273887854,0.25875598982545817,0.21658073159494207,0.3672992723618366,0.18408307597325063
1,92,1927606283,0.28210106125622303,0.3867719174088753,0.4506005456303688,-0.18320074782122073,0.574326888244874,0.7979909373913987,-0.8165996732549887,-0.9661375958120888,False,1.65,1.9420929336378132,0.0031736427522900943,1.217324691229224,0.6200000000000001,0.0,0.10159459965629912,True,0.397686509262016,0.397686509262016,0.5117202245562632,1.419050795167982,0.5974411605619614,0.1700759240449805
1,93,1656824026,-0.04960533275347439,-0.1003564020567711,0.1684176301248878,0.07881545646528226,0.12558330009498464,-0.3806165394854908,-0.04801324754571179,0.09100702379437431,False,1.65,1.7369367186101596,0.009970947790589463,0.9879473969199961,0.6200000000000001,0.0,0.11901837389957384,True,0.23664808212392038,0.23664808212392038,0.30247866986914207,0.12116108154189104,0.10477397194908653,0.22654061966981442
1,94,1923357049,0.025491079723886804,-0.06530916700769329,0.06477623559441642,-0.5018171116361104,-0.06706829618389665,-0.031267666372884584,-0.4254865310524225,-0.957043725003939,False,1.65,1.85548773390438,0.007805001154938461,1.105589299830654,0.6200000000000001,0.0,0.12209343291878745,True,0.03191605358116495,0.03191605358116495,0.6615521707748413,1.061390198950819,0.139219416521488,0.07659829979778127
1,95,4139680806,0.6439778197483427,-0.010749006361464239,-0.13175696887036614,-0.4507173027723075,0.8427054644777408,-0.4674419095517133,0.09603256919695546,-0.35336205668677856,True,1.65,1.5492367755665533,0.005371839264803035,0.8048677810615288,0.6200000000000001,0.0,0.11899715524022136,True,0.1367544964904548,0.1367544964904548,0.07175376073543127,0.25364165013559725,0.10318278801068181,0.015826970293959852
1,96,2370415078,-0.3275323411255392,0.2480167330149184,0.4179048129328077,-0.016913758763216297,-0.6713846791959435,0.08706108552539082,0.913032438654731,0.2685776965455091,True,1.65,1.4813275755703212,0.007445999414733869,0.7358411675109946,0.6200000000000001,0.0,0.1180404086445928,True,0.21299365942021092,0.21299365942021092,0.1177717104163814,0.40046466340106796,0.031692588231438945,0.18065278873518376
1,97,2203167944,0.05627449915454663,-0.45165324878485,-0.21339669549620321,-0.36987100208994483,0.17056040397885242,-0.6624641847332893,-0.08054338214450096,-0.8963513336639943,False,1.65,1.7950463133743415,0.0031867429866457085,1.0734225223143543,0.6200000000000001,0.0,0.09843704807334133,True,0.22753909419754778,0.22753909419754778,0.003953788768971733,0.11817672655335154,0.07017702918684682,0.1362544815735776
1,98,770916013,0.33146883119181136,0.1909307097362873,0.12439582293118606,0.31284779031561777,0.4232334541545657,0.1834792648732757,0.7763321739342215,0.6217859388041853,True,1.65,1.5729059555965434,0.011022368635752346,0.8273447994323492,0.6200000000000001,0.0,0.11453878752844192,True,0.07350961092464059,0.07350961092464059,0.12873396848310525,0.6565541078489636,0.5279976783208555,0.12631497409629833
1,99,2966795120,-0.30997762477885676,0.1025042762224544,-0.21110943451091388,0.05116072508177948,-0.30271827375587934,0.3102210891100561,-0.9340536151464123,0.1593145745195068,True,1.65,1.5543906004168428,0.010061800499941138,0.7952926740796811,0.6200000000000001,0.0,0.12903612583722063,True,0.030175137725056866,0.030175137725056866,0.015943248325333892,0.5291209921501151,0.34627879944873236,0.011154203819519148
2,0,3961121647,0.404168065577998,-0.020903819884020042,0.19102343803529923,-0.3126481777575587,0.27056268748285595,0.1321552832975177,-0.2837459585173929,0.7715350704796504,False,1.65,1.7568937666465392,0.004044411641978251,1.0235897875384627,0.6200000000000001,0.0,0.10925956746609812,True,0.16518256849457302,0.16518256849457302,0.40430102373155163,0.8688480616206902,0.4836042977525947,0.1243021769256838
2,1,1764978283,-0.19604511873309077,-0.39940870048708793,-0.21224869355878684,0.32124484800136777,-0.35389633816827626,-0.7624036736591466,-0.912870296782123,0.012640617338042448,True,1.65,1.4922999240818566,0.0016267307870518524,0.7747311827817858,0.6200000000000001,0.0,0.09594201051301886,True,0.16503803986569976,0.16503803986569976,0.2081206595876981,1.1496890279642549,0.11985196708206736,0.08401301088249102
2,2,585744274,-0.39538587455064644,0.029285314234105686,-0.04809112975765652,0.07182792547533873,-0.21419951402798398,0.3229807986416833,-0.554463631787856,0.24963865129579887,False,1.65,1.7100036857123797,0.001589636701571025,0.9881562737919725,0.62,0.0,0.10025777521883618,True,0.20930239750561508,0.20930239750561508,0.10411796093579384,0.13476840721488204,0.08231190506412778,0.1835195052268221
2,3,2054222515,0.40236715029631487,-0.5948063372685376,0.2991154898456435,0.01951434160678478,0.5005702218817816,-0.9090650318969538,0.9812643067776499,-0.45229074955033166,True,1.65,1.6468603771096428,0.00462592604441034,0.9124699814016445,0.6200000000000001,0.0,0.10976446966358772,True,0.11106244539759236,0.11106244539759236,0.39965784088801803,0.49489495893315927,0.6748950622748571,0.030318119887712713
2,4,3506522236,0.10372585168676304,0.534803695043448,-0.47676169653791184,-0.14473216864458371,0.1792955926133113,0.6745545784508316,-0.042510823277071674,-0.06787826637310634,True,1.65,1.2789328390829058,0.003339819559732447,0.5507741139624786,0.62,0.0,0.10481890556069501,True,0.16446558143472922,0.16446558143472922,0.08502602092742137,0.6036486425002332,0.02296113917954945,0.12813697683465677
2,5,1879174751,-0.07593105321607257,-0.0332678515092132,-0.12419937705332491,-0.1998190836372411,-0.3527494300094378,0.0369540928822627,0.2547566146766582,0.0658565806650826,False,1.65,1.7548244007740412,0.013149035454532608,1.001061785986685,0.6200000000000001,0.0,0.12061357933282367,True,0.2603629284434913,0.2603629284434913,0.19073499946426528,0.00992720494770229,0.19396062461652028,0.21134680081934396
2,6,1493580579,0.14428666816829772,-0.6020858857040453,0.6121139247906116,-0.5307546931909257,-0.11671619716185311,-0.7097514811375816,0.7805102544499265,-0.7272886312415405,True,1.65,1.4361678365057962,0.00713469891027092,0.660194263117511,0.6200000000000001,0.0,0.14883887447801425,True,0.13864576483407098,0.13864576483407098,0.4361771649551631,0.46286694872199435,0.43841176517980157,0.1662772102235689
2,7,5300969,-0.10513841576711663,0.07094978926805412,-0.3630766822656283,0.08222530620730027,0.35329322028155774,0.1349217809396186,0.4299039677459149,0.0022186048206831455,False,1.65,1.7237548558901894,0.008325624000906287,0.9654573878912014,0.6200000000000001,0.0,0.12997184399808145,True,0.12691391578425984,0.12691391578425984,0.7255145003998532,1.7163982458316094,0.66558819022068,0.041973022944889
2,8,325330976,0.5007391351123655,0.28539966300732866,0.2950180003054348,0.37752288937521306,0.8976134268222751,0.3783397299511093,0.5102406851388759,0.9434936421565798,True,1.65,1.3823155497522233,0.01008901659308366,0.6065255492301781,0.6200000000000001,0.0,0.14570098392896128,True,0.07495531223240737,0.07495531223240737,0.6327404553841662,0.3439779740788522,0.965489116166103,0.1906091258914333
2,9,1463264476,-0.0019488395162340633,-0.33367650943967664,-0.23369300277571908,-0.029266150999213703,0.08143448821867749,-0.4924002114228294,-0.45832516530247003,-0.8113197201243412,False,1.65,1.843504218543866,0.0046712015480292685,1.1189036502493126,0.6200000000000001,0.0,0.09992936674652408,True,0.2224403756101961,0.2224403756101961,0.11157222246739304,0.5295038758064289,0.07040345316293453,0.11450393290595293
2,10,1440527531,-0.40944255564516374,0.06130569720570073,-0.38019056368473825,-0.12871549578285124,-0.28135473101743713,0.3564083274632961,-0.46332793405279626,-0.11259134533093129,False,1.65,1.7035875230956816,0.004110276271863238,0.9714189886624486,0.6200000000000001,0.0,0.10805825816136971,True,0.09982470272195365,0.09982470272195365,0.1864962976362109,0.32720027080348535,0.3747605470523873,0.026322629612779203
2,11,2984478985,0.025268029264352565,0.13293267839967543,0.5068562375380838,0.2168037057722147,0.4081704490883289,0.42410855622329224,0.3717787570164486,-0.5613496788361891,False,1.65,1.834579711889907,0.005512932759572808,1.0996602363873327,0.6200000000000001,0.0,0.10940654274300132,True,0.05317798040713295,0.05317798040713295,0.1917041259726867,0.44645880845532593,0.35750056249797013,0.018391918661370577
2,12,2361903278,0.37501959935083146,0.2654823473012353,-0.09332606635532881,0.30951323032372574,0.17423631874945067,0.6996749832548599,-0.8262270631757407,-0.5826793956611824,True,1.65,1.6181387521109158,0.006228028193679303,0.883449240147522,0.6200000000000001,0.0,0.10846148376971439,True,0.11799219350524126,0.11799219350524126,0.2632345157573639,0.7164687665072087,0.3409726275675824,0.09355359405827901
2,13,1122841523,0.3230383091657726,0.025113072584111884,-0.4087846261728034,0.04854991689366317,0.4782930936600669,0.1568325132687396,-0.9323075315617333,0.28277753307449105,True,1.65,1.615024641475556,0.0016228607098818367,0.8975583055446805,0.6200000000000001,0.0,0.09584347522099367,True,0.12585918935142293,0.12585918935142293,0.21220955176810602,0.5221752401063506,0.15537374252486463,0.19640323516217212
2,14,2509741781,-0.14540752191751288,-0.519757666952676,0.24900432311149334,-0.23330191290796554,0.010433449805297146,-0.3852252901618882,0.6161499179188039,0.5722570767772692,False,1.65,1.7831795746642303,0.002683382412071693,1.057681354091397,0.6200000000000001,0.0,0.10281483816076144,True,0.0436255973029768,0.0436255973029768,0.23576434944406918,0.658715021370092,0.13186993900082655,0.1395639961281721
2,15,10853627,0.2933756981988944,-0.11109892154762838,0.29614703458197295,0.016388665775373276,0.2854496590402005,-0.5496406493432187,0.9532955848617255,0.11488483637333946,False,1.65,1.941741775970167,0.009635420965336866,1.1764402834340413,0.6200000000000001,0.0,0.13566607157078867,True,0.32844090429670425,0.32844090429670425,0.6571992179883539,0.33705911982738,0.9481249616214142,0.2413548479486991
2,16,3698784866,-0.19149303339353643,-0.02311225557876095,-0.034644522165518,-0.24934927882106905,-0.20344864074969116,-0.18653470473540423,0.2693596255695323,-0.16625644103247517,True,1.65,1.375099731563937,0.007098618687879341,0.6358337776774269,0.6200000000000001,0.0,0.1121673351986308,True,0.059367143641632786,0.059367143641632786,0.10614952922995649,0.008062933064902689,0.17138710119874354,0.14345065188983597
2,17,1522521666,-0.23193502268302735,-0.2610829316398178,-0.2688838473337203,-0.08601652010587424,0.12990432587222722,-0.4089190103747835,-0.7184918223800898,-0.5338776841801374,False,1.65,1.859632240689464,0.006962046882485034,1.1233833732830156,0.6200000000000001,0.0,0.10928682052396323,True,0.07519584231632248,0.07519584231632248,0.20961284805525315,0.5445395604378193,0.016728559026269796,0.15577940176757388
2,18,2875806686,-0.1636221740980763,0.09017131263424147,-0.23897364712965463,0.0077383516229929325,-0.3129004045358703,-0.4600396644288136,0.35643124671431803,0.5316347008535476,False,1.65,2.2587214024687214,0.0033399567606756412,1.5337662740982285,0.6200000000000001,0.0,0.10161517160981735,True,0.006154005498425458,0.006154005498425458,0.08823267603719201,0.15011549322015993,0.058583892032019955,0.03334093238497693
2,19,2377463166,-0.2936628225123884,-0.02363102135657285,-0.6154778944533125,0.1324256129288899,-0.17484052331911792,-0.0781833623876016,-0.7635231043759818,0.15948841563840688,True,1.65,1.1046527327967657,0.01323331885231073,0.3531241241997283,0.62,0.0,0.11829528974472667,True,0.1408832871197958,0.1408832871197958,0.01597553958750031,0.011278194012786735,0.04823758652057997,0.10155052196692504
2,20,2397262066,0.12204622977184906,0.16794429534517247,0.2366200153945982,0.16482964638910397,0.3639537712475076,-0.15258734653757666,0.8485238209659542,-0.46638738338607344,False,1.65,1.8029697652085381,0.0032378163673390243,1.0770366917262346,0.6200000000000001,0.0,0.10269525711496445,True,0.1494805747975272,0.1494805747975272,0.13922725257595825,0.8016775834207,0.5672734527589394,0.16882526236688222
2,21,2969032628,-0.07846124729674975,0.15487786967823858,-0.17055413388849913,0.214583544947397,0.01035823047486173,0.09559130555166884,0.08550275590601819,0.4181343253489238,True,1.65,1.5202536932860842,0.0037014993907333567,0.7857743863654567,0.6200000000000001,0.0,0.110777807529894,True,0.18762808490780217,0.18762808490780217,0.1947299436540071,0.30508465646786054,0.06229221246726853,0.10891225062546524
2,22,841855112,-0.03681604113950189,-0.4335297351616097,-0.11606373396381837,0.12143647899908483,-0.41884250890168895,-0.42072322504186666,0.1749440087395704,0.7432684741024276,False,1.65,1.9855843280042829,0.004589705906982629,1.2476251788968267,0.6200000000000001,0.0,0.11336944320047349,True,0.03496531857463203,0.03496531857463203,0.19225543457695748,0.19498036699551585,0.26903569519827636,0.08679450891820822
2,23,2942878210,0.2227792408231779,-0.13334563817391376,0.08329752776059154,0.029420756270035514,0.13724071448073483,-0.21223261400426296,0.6523283708956689,-0.8253790059986197,False,1.65,1.6748070287966839,0.005789010608528957,0.9401814705870414,0.6200000000000001,0.0,0.10883654760111335,True,0.22963635522662634,0.22963635522662634,0.019479096058807044,0.19973754839239277,0.1844758810600023,0.2160433437789837
2,24,300139858,-0.08626436249685199,-0.39942782522197834,0.2928312281987241,-0.0797493038540123,0.013478349917506183,-0.8481479389534934,-0.6034121515507131,0.5195609264600654,False,1.65,1.8526796810792314,0.0024373856688876365,1.1256563898317034,0.6200000000000001,0.0,0.10458590557864016,True,0.25787964111134287,0.25787964111134287,0.4679336670805194,1.2234054757887396,0.2867625294090338,0.17324807102588727
2,25,764277967,0.19321765447932798,-0.27468888352138016,-0.25243561974751694,0.18471922524234347,0.27136537651275194,-0.4788685583797281,0.8370629135840386,0.11333015537966129,False,1.65,1.7629047533029358,0.06488770034458047,0.9165703426833018,0.6200000000000001,0.0,0.1614467102750533,True,0.30352989843234235,0.30352989843234235,0.02342188740194462,1.1649024059706523,0.2741194154579753,0.1811707526074922
2,26,1914556486,-0.5097744070971004,0.14788470613703802,-0.17747039097160588,0.07791863898534723,-0.5606179404196054,0.033451257099349485,-0.8260082160355324,-0.967900740596892,False,1.65,1.9728034106166383,0.0036861398673121064,1.2380272011381015,0.6200000000000001,0.0,0.11109006961122472,True,0.18249625996094293,0.18249625996094293,0.41488921769595793,0.970135650547167,0.12155003102544742,0.1664450398490706
2,27,3892273787,-0.06626830498199357,0.2917471788474105,0.00723805732820762,-0.04842279486375281,-0.19807501566790764,0.45805360905692893,0.3714836399912276,-0.4912102355260606,True,1.65,1.529938045961344,0.006912167495556806,0.7983129176418114,0.6200000000000001,0.0,0.10471296082397566,True,0.1153493854870192,0.1153493854870192,0.17317116190256898,0.23107591598399724,0.3118677143584332,0.18376419399988028
2,28,1677782168,0.05128254288212302,0.3546499270489859,-0.10510813681778129,-0.3768009812269118,0.6109416318265066,0.4042204643457248,0.34836891547349946,0.0768908702948472,False,1.65,2.0879360669391733,0.001935268783433387,1.3644598646100803,0.6200000000000001,0.0,0.10154093354565977,True,0.24212768697009007,0.24212768697009007,0.2580938040683409,1.1950121146416466,0.45582410994797407,0.2771257173966298
2,29,432935632,-0.17631999038294283,0.44925288286936804,-0.07261504485376791,-0.06799451800163211,-0.4057929591894931,0.045248205013196374,0.9016866216123112,-0.8127340805634697,False,1.65,1.691342270757694,0.005081951906955309,0.956598849977846,0.6200000000000001,0.0,0.10966146887289242,True,0.2249094669263174,0.2249094669263174,0.11871032004240993,0.13885887764731877,0.15887404130450666,0.15559179163394063
2,30,625368677,-0.08881049459485135,0.14174087083852333,0.030467433410440947,0.1580461587306568,0.11675517951801018,-0.05115524916987324,0.05092573722466698,-0.19882596086173177,True,1.65,1.5512855130063472,0.005519971614322765,0.8154220195686745,0.6200000000000001,0.0,0.11034352182334971,True,0.04527784914433436,0.04527784914433436,0.12322444715117664,0.08669697143223626,0.07883592711464388,0.036971072688356754
2,31,1108712926,-0.3558581799314186,-0.1107148729211757,0.26544855204058654,-0.4617831716614497,-0.3298377488827746,0.306615827653425,-0.05342030601118042,-0.6321379323798741,True,1.65,1.3802095890902966,0.004184517522309224,0.6526796637563285,0.6200000000000001,0.0,0.10334540781165884,True,0.05268840687812016,0.05268840687812016,0.22249228838246504,0.05149087322318158,0.17287520994714933,0.0028502338451441567
2,32,887533333,0.0003064870525139596,0.054530269995038336,-0.5742556697692159,0.17267799436497702,-0.45673747745786164,0.06838848024296795,-0.7382820997743114,-0.3747092055699839,False,1.65,1.739582272578338,0.01393853853546815,0.9796772234959753,0.6200000000000001,0.0,0.1259665105468946,True,0.18086819462779347,0.18086819462779347,0.10764443143239366,0.6412870533659457,0.08229574061400985,0.12849795769744315
2,33,2977102933,-0.25561994946740935,0.06772356465663637,0.4048748616106469,0.3020674663686796,-0.3263452929272521,0.10428135243343717,0.057056312874662396,-0.9527483893310185,True,1.65,1.5610140540552961,0.008146485017174167,0.7985288193380667,0.6200000000000001,0.0,0.13433874970005527,True,0.04864505763884969,0.04864505763884969,0.7352232645384185,0.8350277939397858,0.5623065841294475,0.02828891507582737
2,34,2136914990,-0.3087590387865922,0.39662250673324473,0.13403428567978093,0.5209003226700728,-0.2310443548730483,0.4660983138359809,-0.503675760071685,-0.581685260766057,True,1.65,1.6156836484529153,0.006465378426216669,0.8724352067798097,0.6200000000000001,0.0,0.11678306324688895,True,0.018394539070937355,0.018394539070937355,0.263071098220491,0.42119617961558614,0.06361568263735809,0.08031148570292583
2,35,513957600,-0.10730272345764627,0.21346026392809372,-0.1260520342992732,0.03509818245630587,-0.3155474013832078,0.3220952372782435,-0.4983958078971116,0.28022265344647757,False,1.65,1.9716162487188011,0.0267105481291737,1.1945419946217102,0.6200000000000001,0.0,0.13036370596791716,True,0.036093993394040944,0.036093993394040944,0.2009499251480799,0.591513244371915,0.24792011107589987,0.017048629292056694
2,36,3499075097,0.23765339806828817,0.4655940380922464,0.39241984476944836,-0.39991004629013366,0.20193519323341702,0.6154994675603247,0.6429178550254702,-0.8958601330724989,True,1.65,1.6004706639124044,0.0076670390641607414,0.8608060978733467,0.6200000000000001,0.0,0.11199752697489693,True,0.16048766674446568,0.16048766674446568,0.027101358594834757,0.05221527352488353,0.2932222602742023,0.2590457154887076
2,37,3466456411,-0.0020767577688337036,0.14758623215625002,0.348254370695536,0.3885653479668304,0.0019087729409605902,-0.010421098116460303,0.2026649361161046,0.5264860634968875,True,1.65,1.4740849228933592,0.0033742394265709186,0.7421811557768675,0.6200000000000001,0.0,0.10852952768992084,True,0.07449491201709457,0.07449491201709457,0.13832473080212326,0.1577225570573722,0.24899015732734747,0.07497095496461026
2,38,2655475303,-0.01897845781475163,0.3773096928242847,-0.27234318078180253,0.0148541341160887,0.19852289630605457,0.9098481671404557,-0.9587430521273992,-0.7070547605591309,False,1.65,1.93859744542583,0.0027288954870621075,1.2094382727672655,0.6200000000000001,0.0,0.10643027717150222,True,0.28859478406907335,0.28859478406907335,0.19971228001941885,0.3111448541550448,0.25184778171172534,0.19387627679589048
2,39,3046233601,0.05682372420105946,-0.012554511272041852,0.19757015114710308,-0.6072602014769656,-0.10593003532610279,0.130495280162513,0.7621608452152033,-0.9248690468766909,True,1.65,1.4202541385969014,0.030198907520172475,0.6386923942712606,0.6200000000000001,0.0,0.13136283680546823,True,0.14970598298405913,0.14970598298405913,0.0693016593851401,0.35093325861791924,0.3326481104170236,0.09421803993810135
2,40,265694104,0.2829645323765271,0.11211602399805824,0.18124244480970686,0.29933339148929006,0.19401086202274986,0.1533634753919475,-0.25081659960912295,0.5834516568495902,True,1.65,1.4108005996232422,0.004322839550989287,0.6790894196356189,0.6200000000000001,0.0,0.10738834043663385,True,0.17868138729158578,0.17868138729158578,0.3393294204820979,0.7090006017787183,0.10565264111688122,0.12649068703625488
2,41,1032867126,-0.2781261197046806,0.6881247833721587,0.3245297146522972,0.22177776454633016,-0.5023606078215099,0.7565128775145524,-0.13178760245068988,-0.4504779202315419,True,1.65,1.36082753845189,0.023907143928561768,0.5675255964737074,0.6200000000000001,0.0,0.14939479804962089,True,0.06275618841750086,0.06275618841750086,0.16334244970376344,0.7364469287663918,0.16246905881993545,0.05422357905989117
2,42,2314582637,0.0951735709909311,0.1750531121227891,0.15756744571860087,0.463359958163197,0.3754766675393231,0.11619572199032135,0.22316108300737403,0.02344021381819128,True,1.65,1.4841124130149244,0.010026233311350632,0.7426481190677329,0.6200000000000001,0.0,0.11143806063584076,True,0.016276844358167897,0.016276844358167897,0.3183654165845986,0.5143542398358794,0.2924338876481297,0.016246881706269645
2,43,2002703607,-0.2421278985225026,0.06404442281956144,0.23817270830556966,-0.07252966966762334,-0.35408929693260704,0.4117968543763866,0.04359886361766052,-0.3292982460906191,False,1.65,1.7746537760971492,0.010116836006854875,1.0357905218993908,0.6200000000000001,0.0,0.10874641819090355,True,0.27264311730734336,0.27264311730734336,0.1373802619826585,0.28634469882847813,0.13355397417959525,0.261315685674454
2,44,3793153926,-0.011518769884878141,0.3643032526453559,0.243316031993012,0.21653008977704136,0.06506910152407408,0.8996688642187316,0.09131752496148304,-0.29864829987276686,False,1.65,2.1888281163113676,0.0021017462931966573,1.4625196403782992,0.6200000000000001,0.0,0.1042067296398717,True,0.04136304191430484,0.04136304191430484,0.06345076243793957,0.42137179311883144,0.32464652411577594,0.14353989069316309
2,45,1578107313,0.12006056443950909,-0.04193624502029327,-0.03795950964647944,-0.13723394821124654,0.055152151077682454,-0.2092607273568532,0.2330305891052351,0.20646771745078318,True,1.65,1.5886974930104047,0.008034484227847897,0.8450256875298854,0.6200000000000001,0.0,0.1156373212526713,True,0.2803315342550675,0.2803315342550675,0.07418859359340702,0.14052533328386158,0.16251247810825203,0.20136726819075235
2,46,2701573439,-0.23079367012608634,-0.07692026851082823,-0.20922581378998448,0.3793506788397276,-0.4306409674310647,-0.06992223056214586,-0.44366536692956626,0.19611025957423678,False,1.65,1.695739988294881,0.001871188789419338,0.9715741621712904,0.6200000000000001,0.0,0.10229463733417107,True,0.13821358779197968,0.13821358779197968,0.03273014685557174,0.3536757760595889,0.06111973490803313,0.11489943694912519
2,47,1371462007,0.615831462420504,0.5003916192186993,-0.10135454599642794,-0.26098485024719176,0.7433975647476574,0.7833710848753626,0.11622471739371254,-0.5819313452582833,True,1.65,1.489195778261833,0.029031139079788822,0.6991153223964675,0.6200000000000001,0.0,0.14104931678557664,True,0.33374042859546904,0.33374042859546904,0.5332298568546964,0.47657474882015904,1.0214697506586359,0.16902534049075368
2,48,64393963,-0.47872669767818554,-0.15548596676890575,0.05689066191697714,-0.23486591499915513,-0.3927791404990413,-0.16718695420786944,-0.4673995861569975,0.7940334529914101,True,1.65,1.5563070380474635,0.003907396053587807,0.8311537165901534,0.6200000000000001,0.0,0.10124592540372232,True,0.10192301440917673,0.10192301440917673,0.2511147620227163,0.5298007846801418,0.08166573669780297,0.10274157071978463
2,49,2408138124,0.5615459709897109,-0.33821541306467573,-0.13061971355845847,0.4504470797535186,0.8044069576567685,-0.48142222908203824,-0.029486225118411813,0.81648756306579,False,1.65,1.8357496080865143,0.007768781021175434,1.0759935889677588,0.6200000000000001,0.0,0.13198723809757987,True,0.3459600296996138,0.3459600296996138,0.15841436512142926,0.16260638286361773,0.32848161390857317,0.2622921670218744
2,50,1650670835,0.24222407970270848,0.0963429389326404,0.29043779794692504,-0.06084756809870588,0.046833320145278856,-0.4222954261098084,-0.003866013703456961,-0.8714116175921365,False,1.65,1.9829197427427272,0.0038258664920237046,1.2500154410083242,0.6200000000000001,0.0,0.10907843524237937,True,0.18332370516467178,0.18332370516467178,0.6894261776794259,1.344322448271286,0.7850652398079906,0.1429264388421504
2,51,310092111,0.17772513603648304,-0.13509366602547104,-0.18806051876135654,0.22785989152142622,-0.20176147512634346,0.21189185619028095,-0.8905673530909686,0.6989314442663397,False,1.65,1.7635309424929884,0.00477796216301331,1.0244213194384781,0.6200000000000001,0.0,0.1143316608914969,True,0.008627644564176168,0.008627644564176168,0.3616127323263174,1.217888417540071,0.3470807598192349,0.10001184115940617
2,52,2559637982,-0.19045457644078553,-0.44244674944082873,-0.01673831345812904,0.49433119925322605,-0.10049416710378467,-0.26723244598143525,-0.8771267696428116,0.9495354407472114,False,1.65,1.751195261293156,0.002833731862603035,1.0221674419411126,0.6200000000000001,0.0,0.10619408748944019,True,0.09931597634671202,0.09931597634671202,0.03598896169727328,0.935840013387876,0.3502727757774704,0.07670312893516706
2,53,3904079885,0.024725498302831217,-0.39074520341261504,-0.14650203098840497,0.34532323475296284,-0.06715660882205232,-0.6894437746819249,0.5296348520057099,0.33260329892272744,False,1.65,1.7108167673836725,0.004784421497643618,0.9730180361943951,0.6200000000000001,0.0,0.11301430969163384,True,0.1384367265691338,0.1384367265691338,0.03077165598356288,0.4395360206392957,0.08121162256523035,0.07374565083389806
2,54,2227106626,0.09146222602728796,-0.6006640364290552,-0.5115464300372918,0.25677769617212026,-0.17246373338244236,-0.5990400052272844,-0.8354329918825265,-0.7321227239316614,False,1.65,1.7085300235565661,0.010099125516923747,0.9584008926393416,0.6200000000000001,0.0,0.12003000540030069,True,0.12270121599618555,0.12270121599618555,0.35341355473966063,0.7998898783415048,0.2679197253334873,0.1942735060151709
2,55,4132029760,-0.18599575845901953,-0.4830427774860214,0.23578878187353755,-0.09156838496434057,0.08315771560456597,-0.7659749306552586,0.4150046877120206,-0.9752033535492202,False,1.65,1.870094990633978,0.006512906960184447,1.1228380143742023,0.6200000000000001,0.0,0.1207440692995913,True,0.13549809875851518,0.13549809875851518,0.09018148842985507,0.195407061185675,0.03510673385359492,0.2154062269325245
2,56,307672331,0.22042567954708608,-0.04460566194601273,0.3529262373805746,0.053856905387940086,0.31306798338131836,-0.2547597949045539,0.525590519890621,-0.33735800295077145,True,1.65,1.5657582388083477,0.005442979800899279,0.8365694466344079,0.6200000000000001,0.0,0.10374581237304052,True,0.22295075308428847,0.22295075308428847,0.15660513076522664,0.21000499858615473,0.3894263640264415,0.14345631226150524
2,57,3872925288,0.5578647772916954,-0.007667953565009655,0.007738202672324258,-0.16447287801055083,-0.011444456026411531,-0.2879743407656514,0.34047183456130603,-0.11643279101539439,True,1.65,1.6108066630403983,0.006005381386308093,0.8596553164514367,0.6200000000000001,0.0,0.12514596520265353,True,0.13586031502133045,0.13586031502133045,0.3490375816750011,0.3525556017176933,0.5212843491336137,0.16530987998940316
2,58,1664068372,0.0805952563407496,0.03952097940712947,0.20840731026163678,0.3229133163460294,0.09190834426119321,0.34841970200624606,-0.05962821070733204,0.40952424895962314,True,1.65,1.55814257956616,0.005696737296474365,0.8218654290589797,0.6200000000000001,0.0,0.11058041321070569,True,0.05034288924993968,0.05034288924993968,0.043336971189237294,0.08330021725312348,0.029120746399943886,0.027786167259204908
2,59,1387852227,-0.060290471619097064,0.0852034243678149,-0.048725460241041185,-0.018713345823908767,-0.21751238968913778,0.3354951020846333,0.09985566157478987,0.8661943467134796,False,1.65,2.128202295336784,0.003182927419252783,1.404374371245953,0.6200000000000001,0.0,0.10064499667157788,True,0.11393969255065357,0.11393969255065357,0.008954546328130364,0.3397528687440402,0.10505537858084912,0.16343247458005605
2,60,1728699501,-0.29496681274378367,0.15652804467690914,0.14878001103918936,0.06770516132818474,-0.7779996026657794,0.39305557589037066,0.9161364208817082,0.469918797131071,False,1.65,2.2160546946317767,0.0024222140930096037,1.4940396002878606,0.6200000000000001,0.0,0.0995928802509063,True,0.27800055138537005,0.27800055138537005,0.3586948149001889,0.08349223127451472,0.37907882554662753,0.29698344871888294
2,61,2475970209,0.4648052965820202,-0.3863139438619638,-0.1025286629346196,-0.2682131482727216,0.3690166905545924,-0.6239640178075005,-0.46623185098546527,-0.020155580997397227,True,1.65,1.3445917257068432,0.018661163262153942,0.5353553469233543,0.6200000000000001,0.0,0.17057521552133464,True,0.047512094562602136,0.047512094562602136,0.5233106134591134,0.746300022604227,0.707575622266069,0.003816146848904245
2,62,1162753171,-0.04498042503024441,-0.2949807088350491,-0.07417317576157853,0.2468385490602466,0.268839435350944,-0.029585914449954842,0.9144729289438929,-0.226940483284384,False,1.65,1.9601748037313917,0.00425167508290386,1.219673400560815,0.6200000000000001,0.0,0.11624972808767284,True,0.05075112621952538,0.05075112621952538,0.27446516750475664,1.8504765795197131,0.15084474273470727,0.10506783897672234
2,63,3104714856,0.3912503500953175,0.2293398869537647,0.1741542909657415,-0.28599008653682884,0.6598292510723995,0.654597943878503,0.989624418872169,-0.09916933282326235,False,1.65,1.9113366190665806,0.004878354059752748,1.1694501467962295,0.6200000000000001,0.0,0.11700811821059817,True,0.03319034941435395,0.03319034941435395,0.3458296309054013,1.6728440362895836,0.8006722437832134,0.07744806224983458
2,64,2618735691,0.1303156754306727,-0.32668522195131966,0.18313331935951593,0.32694649900475703,0.015382950916887017,-0.3476063774999347,0.073234236642995,0.7151457408236002,True,1.65,1.5735184146660177,0.002968707385190612,0.8460759397802826,0.6200000000000001,0.0,0.10447376750054435,True,0.0985211184914338,0.0985211184914338,0.39679940138528846,0.40690501799901446,0.31809455844147494,0.09510714498479306
2,65,1973889737,-0.0706117342851254,-0.42863014790817877,0.29827339490438604,-0.18242419774724933,-0.3109158556820497,-0.7967170698002142,0.10945295258924248,-0.9088116419991512,True,1.65,1.3065142972550607,0.01493480378867611,0.5359093137434897,0.6200000000000001,0.0,0.13567017972289477,True,0.07835766691776337,0.07835766691776337,0.3941254770418201,1.2070728891317861,0.23679884064802628,0.16398555616616345
2,66,4219789649,-0.06360698129976045,-0.050572761260371614,-0.0042863197452712165,0.03403239907412097,-0.4041739274378382,-0.2525945787142947,-0.3849127867936515,-0.2091527445680268,False,1.65,2.0659704914584864,0.0032654124771772782,1.3410127043618962,0.6200000000000001,0.0,0.10169237461941277,True,0.15442353342942655,0.15442353342942655,0.38488529250957565,0.8425032374487047,0.2573713299057794,0.22747931081437023
2,67,2832787040,-0.20344132987391364,0.18834770045227087,-0.19263627797408892,0.00750405400346324,-0.0036340934628518173,0.6052920474488463,-0.38596397689051476,-0.713963813565984,False,1.65,1.7132384231660722,0.004049470012270028,0.9787252162422351,0.6200000000000001,0.0,0.11046373691156679,True,0.06640363103940505,0.06640363103940505,0.3770156464923532,0.19197484502630802,0.4581590818347937,0.09597661930283954
2,68,2825767244,0.09350682601240763,-0.47745935398525546,0.43805390845625475,0.056880739790474595,-0.15964392816870054,-0.6022036836221516,0.4209817772166742,-0.023868060698333693,True,1.65,1.4998415729217212,0.008773605540016723,0.7545227982091847,0.6200000000000001,0.0,0.11654516917251964,True,0.19955917093434639,0.19955917093434639,0.18217200154065766,0.5203965032005988,0.16974912363966932,0.12354999242397074
2,69,1229024460,0.21636847481856109,0.5911489419352697,0.2600006489121976,0.1759794845778095,0.4207752657069772,0.9377766054847989,0.092794491317296,-0.4676263253499968,False,1.65,1.8006322229996883,0.004716685394104882,1.054454145550402,0.6200000000000001,0.0,0.12146139205518132,True,0.05342187642869023,0.05342187642869023,0.2868061609092706,0.2213203134227264,0.5999572989371517,0.2173213640932823
2,70,3434329831,-0.0749286228784869,-0.4676466786846225,0.1981233643569658,0.2448301057139063,-0.21569706410455614,-0.5063456772431336,0.8710043874169859,0.28026484465269763,True,1.65,1.509950357460986,0.0039623693289621426,0.7770688505076792,0.6200000000000001,0.0,0.10891913762434446,True,0.0028586564729455033,0.0028586564729455033,0.0762211447859571,0.4568579062621385,0.20913602966927053,0.07892866939680279
2,71,334935748,0.2849060927386391,0.14004824918660339,-0.5202362274107246,0.23976182703439164,-0.03945389746743855,-0.16929075655039072,-0.2367705627783825,-0.8023772051324387,False,1.65,1.8385915552870256,0.01473550878846578,1.0739741480946112,0.6200000000000001,0.0,0.12988189840394848,True,0.34596148398525506,0.34596148398525506,0.2620310554680865,0.25506303368421035,0.3246347208594733,0.2719125489003837
2,72,3064222727,0.1073142869369759,-0.09692438871600498,-0.3246488649632804,0.47096868563842353,-0.12568897562771286,-0.23535681795672447,0.45839024098578607,0.18486561075563368,False,1.65,1.7701433216596307,0.0049449479914179416,1.0457179747743919,0.6200000000000001,0.0,0.09948039889382086,True,0.044261768899807374,0.044261768899807374,0.025226228722165178,0.46199320598231947,0.07911200961498738,0.15334737361331907
2,73,1324942529,0.02484101281166412,-0.2959220531935836,-0.2869985438824678,0.028634290118832936,0.32699688737699084,-0.3489381145268282,-0.6568256760108546,-0.03441472132765977,True,1.65,1.6349759369887682,0.0034950066735664805,0.9052138259012454,0.6200000000000001,0.0,0.10626710441395602,True,0.14221253261873046,0.14221253261873046,0.11349109572859734,0.2931494298678385,0.24475183764502653,0.01330726203561683
2,74,2114119578,0.059986574049709626,-0.21067792695009524,-0.09242335133849426,-0.027365049305855874,-0.1135093006942769,-0.24148918478482684,0.4977200002531055,-0.9423742830474156,False,1.65,1.7906677022918225,0.010069070911013429,1.0414866828623182,0.6200000000000001,0.0,0.11911194851849088,True,0.3249726173313673,0.3249726173313673,0.21100642257811714,0.07170516182833644,0.25416864475136447,0.2720173544858891
2,75,2866590990,0.5558150638000989,-0.10618467685264796,-0.0895661178251074,-0.019228744836780554,0.883243812188246,-0.24455339919183205,-0.38804278535251857,0.8598980159617724,False,1.65,2.164905742622878,0.0017151906779006854,1.4427630781099243,0.6200000000000001,0.0,0.10042747383505281,True,0.2028115023663739,0.2028115023663739,0.3856600520539178,0.5336698722002017,0.3814877745549759,0.32276396761671844
2,76,1327485051,0.030160203629941484,-0.5353911393848472,-0.19804858254012095,0.10069284180143077,0.2914074377084823,-0.638798594791226,-0.5977481859875142,0.04771048275688572,False,1.65,1.941354628585101,0.015517982814170673,1.175731368773413,0.6200000000000001,0.0,0.13010527699751723,True,0.23777510927560608,0.23777510927560608,0.16142256028097157,0.3734972254075579,0.0032023659544992422,0.2463297790786788
2,77,2123461285,0.6057131521195342,0.025859896222683698,-0.5262675056563954,-0.13428502369439932,0.75939607407287,0.22546493642892762,0.8107733983991776,0.6299826707737632,False,1.65,1.8444138969379251,0.0050701771274009235,1.1051187747347921,0.6200000000000001,0.0,0.11422494507573204,True,0.11151747664279515,0.11151747664279515,0.5259038848429881,2.0485539401965744,0.20256731563801977,0.18285885742987681
2,78,3398638782,0.26511310092218354,0.15454560750911422,0.1294429039791949,-0.2015451026737448,0.42346722988146457,0.0840270009864883,0.10796942359386374,0.8307483007582321,False,1.65,2.0355790639396747,0.0026040693497120567,1.312018741341885,0.6200000000000001,0.0,0.10095625324807762,True,0.2205137462314275,0.2205137462314275,0.14786891179152872,0.2358149297161508,0.18887421862766263,0.22331546528679236
2,79,3249039213,-0.04424011490723169,0.2751180900083967,0.21341233907883675,0.23739318141070076,0.018581241538445648,0.5392095784040607,0.6391270270903913,0.9023405232537451,False,1.65,2.1366280623656744,0.0034368987048238485,1.4090170915136557,0.6200000000000001,0.0,0.10417407214719446,True,0.19612753517320858,0.19612753517320858,0.4473627911965641,0.41670519061203704,0.5563017967001546,0.16511274815694543
2,80,211719570,0.028126970979210457,-0.14645673249488983,-0.20791429392420702,-0.12441460493479647,0.1339616122421572,-0.09157100253295902,-0.5068498052008588,0.14755121469296406,True,1.65,1.6338298546898633,0.01122389349981472,0.8896148495031374,0.6200000000000001,0.0,0.11299111168691113,True,0.2857763200864958,0.2857763200864958,0.11216485833536888,0.12819347870664982,0.04402216261860878,0.1717284532498889
2,81,2297646267,-0.22647831595202253,-0.1899896586497172,-0.3769772316525316,-0.1243275407701743,-0.5107921219025358,-0.40918076705831075,-0.527372485161038,-0.7248770737556336,False,1.65,1.8638816832149503,0.004484585794935566,1.126898563481388,0.6200000000000001,0.0,0.11249853393862667,True,0.2894187334058247,0.2894187334058247,0.6365259616031165,0.9382770297865013,0.526871899939634,0.2686754663033982
2,82,2378817051,-0.1819548360527617,0.2671391724115102,0.08704114458972333,0.010153164450206996,-0.20032881519148193,0.7542324982336752,-0.3889984756161362,-0.5370160810531339,True,1.65,1.6483027891276705,0.007043334294468056,0.8879172036761482,0.6200000000000001,0.0,0.13334225115705423,True,0.1650129516225946,0.1650129516225946,0.31325973963504095,0.31620354459134115,0.20996439338479977,0.09530670669894883
2,83,2182124599,0.1108962227990931,-0.01920344380544879,-0.3293240114637508,-0.4044522821277128,0.08138574027537815,0.08603048872788399,-0.6203177808927971,-0.8017746266345973,True,1.65,1.5903511580513383,0.0075282803140744835,0.8474670859741859,0.6200000000000001,0.0,0.11535579176307785,True,0.06012282581438225,0.06012282581438225,0.14831718411301417,0.5934851253418977,0.0035536830595875313,0.1155041531885283
2,84,3947259583,-0.5140812409905302,-0.0651360815993953,0.2841087655954584,0.03433452503359488,-0.658473330798087,0.05565456324298235,0.6648530290010239,0.10709150643185295,False,1.65,1.7140712378088965,0.008277809501413365,0.974753712008842,0.6200000000000001,0.0,0.11103971629864097,True,0.30132101030706016,0.30132101030706016,0.25948558864297444,0.15434448588503472,0.25090112880373994,0.29337705097586264
2,85,726930826,-0.1736875240011065,0.05187012065450719,-0.08588528836235132,0.4331570668795222,-0.21087609045642797,0.15722516088400118,-0.1289226045458507,0.27920178442809096,True,1.65,1.5944241725786221,0.004056375180364634,0.8662589831101963,0.6200000000000001,0.0,0.10410881428806118,True,0.06174934190676709,0.06174934190676709,0.160348910746906,0.18061743167548244,0.048243699927654204,0.07083870850865878
2,86,569538171,-0.5527183552331386,-0.10179700527120614,-0.2637675755217482,-0.23361896481811045,-0.5374838980282932,-0.4292043727652788,-0.21982549122520756,-0.6709632121252906,False,1.65,1.7625255207212376,0.006388499769658484,1.0212278869024245,0.6200000000000001,0.0,0.11490913404915463,True,0.08525373180438434,0.08525373180438434,0.10786577479619963,0.401059395091778,0.28614526279973374,0.08760106778392363
2,87,3217980897,0.17511016281531835,0.24320661985261188,0.28062833480977417,0.2825743165736943,0.12867472645364697,0.13881745973186144,-0.7402816693392327,-0.05298849531650829,True,1.65,1.5058163055184928,0.003374513555999905,0.7816738402809577,0.6200000000000001,0.0,0.10076795168153493,True,0.06282646242615808,0.06282646242615808,0.5047453795929867,1.1550969971070628,0.13120826064227797,0.10383688236445199
2,88,3623010838,0.2928907119510177,-0.15309428279919896,-0.13994553638842935,0.21192407160205334,0.4208052230624417,-0.08671363167521262,0.9436477014378006,-0.3497813847277218,False,1.65,1.6526868936166033,0.0063904990318966225,0.9045456372366005,0.62,0.0,0.1217507573481063,True,0.14370176786203898,0.14370176786203898,0.6514053607550042,1.595245001440826,0.5402898011690714,0.1613307523000419
2,89,2206785189,0.14590854964010197,-0.055963075432375525,-0.2116888175229443,0.46133919674148766,0.1884319268802186,0.20185510053861422,-0.3464519458709303,0.9502502701854612,False,1.65,1.8485215129772279,0.001628982613664271,1.1260670186263462,0.6200000000000001,0.0,0.10082551173721739,True,0.22784881342194377,0.22784881342194377,0.19248270714348426,0.1865261645936065,0.16615397122368594,0.15946689020184554
2,90,3049209463,-0.09973729464509475,-0.1679305899599151,-0.24997632910513717,-0.22667235700915064,-0.5481713389884413,0.13613730454290884,-0.9064526977075762,0.058383330151650537,False,1.65,1.9151072732747225,0.003626401566513874,1.1848636402689425,0.6200000000000001,0.0,0.10661723143926585,True,0.1745057817495097,0.1745057817495097,0.16735443066424843,0.6737730627311174,0.07940487050002365,0.1649338737585176
2,91,1867144532,0.3604056391498013,0.4877770830543639,-0.19971899902306248,-0.15557647106634126,0.5587945092688418,0.35902608343179354,0.931182936625307,0.20415334503171434,False,1.65,1.7719874280461847,0.007362939435377787,1.0169358287257566,0.6200000000000001,0.0,0.12768865988505015,True,0.29740125133914663,0.29740125133914663,0.20833274927197254,1.4212473750307788,0.08148029638570009,0.20166019747947772
2,92,2060920386,-0.07115269705504766,0.12287543584115096,-0.2633497801035879,-0.054154183393710725,-0.43709393567539023,0.3002495669845673,-0.9999352848002849,-0.7422155147571838,False,1.65,1.976474467952411,0.002088744855552246,1.2545984588101375,0.6200000000000001,0.0,0.09978726428672123,True,0.09023966936487945,0.09023966936487945,0.33295390528579377,1.2030685273673347,0.12773534743264234,0.08663970458824821
2,93,2234174663,0.1412409202696569,0.07471270766736754,0.07273909895321168,-0.41926330925505206,0.27814282821797076,0.040386587312071676,0.32575603411371357,0.5162297506239968,False,1.65,1.9658363120111,0.005740124633537375,1.2234614356877975,0.6200000000000001,0.0,0.11663475168976492,True,0.12206578168785776,0.12206578168785776,0.08411507503739535,0.561418295567351,0.24638545386376226,0.12619617744067813
2,94,3052991439,0.13850324936989716,0.17317692461613443,-0.1857787904978223,-0.6506264466621478,-0.14308865875284305,-0.08259316775005865,0.07580014741773033,0.7984555843183834,False,1.65,1.8358874725752758,0.016641293720187075,1.037135156461921,0.6200000000000001,0.0,0.16211102239316796,True,0.20702705331398358,0.20702705331398358,0.3054326523076746,0.08927638983620895,0.25253355040570546,0.2140565429829599
2,95,1057785953,0.17944575187258224,0.07471765497375982,-0.24963472084212807,-0.4707377759637125,0.2585622190008552,0.11825346908270662,0.6898754221355001,-0.13724383909446014,True,1.65,1.5053743542712879,0.005725088283585208,0.7652391258547119,0.6200000000000001,0.0,0.11441014013299064,True,0.06357171132333009,0.06357171132333009,0.49898715400895033,1.3016510282531104,0.1481276045699634,0.036714867125022366
2,96,1804152264,0.1229340650423401,0.1472882182446183,0.04903145695538774,0.21709236149583855,0.12360990624789614,0.06866111364516536,-0.049184705131050555,0.659538417211982,True,1.65,1.6035327753359936,0.005131593755185621,0.8716575703673861,0.6200000000000001,0.0,0.10674361121342188,True,0.10942803269435947,0.10942803269435947,0.006261761088387829,0.27307114782363523,0.4352865624461326,0.05644303481415419
2,97,1816563765,-0.20967948725083696,0.2854550844958128,0.27784249521180604,-0.3499680474887365,-0.4269091527721427,-0.04377375410394957,-0.2639217925416477,0.886986309854241,False,1.65,1.8419049294648888,0.004664686127557744,1.1036027560918646,0.6200000000000001,0.0,0.11363748724546645,True,0.16137342572518554,0.16137342572518554,0.30650823651146664,1.4657713766206975,0.019588192931714266,0.09253450528309576
2,98,1111750250,-0.06209182672890801,0.024262927688450238,-0.28593944343229016,-0.06990671694180693,0.04384007000972212,-0.03444595734774425,-0.7296071364687371,0.17295241914793924,True,1.65,1.4333578232583888,0.0017999101726338684,0.7138395354512748,0.6200000000000001,0.0,0.09771837763447982,True,0.09225453647671455,0.09225453647671455,0.10644500375980251,0.2785778454643593,0.07187983296813916,0.049856002548730016
2,99,241856697,-0.059940502842381824,-0.35093135920530066,-0.36449101420338204,-0.13889804959071536,-0.315395828904371,-0.24281309318233157,-0.5621969063910623,0.06400384034470608,True,1.65,1.6142553895309129,0.004280919184007606,0.8772527482939309,0.6200000000000001,0.0,0.11272172205297437,True,0.01189816703617852,0.01189816703617852,0.20531812999668697,0.25446244579458743,0.46123380122030483,0.02257644090830524
