seed_batch,replicate,split_seed,target_object_id,pc1,pc2,heldout_local_contrast,reconstructed_contrast,absolute_reconstruction_error,accepted,certificate_radius,support_component,statistical_component,interval_width
0,0,1260926274,local_001,1.0555685058516724,5.821691499600044,1.725786379496256,1.4411129826886655,0.2846733968075905,False,3.4947510338838215,0.7528943505315646,2.741856683352257,6.989502067767643
0,0,1260926274,local_004,0.7123925093361396,-0.7929560795628144,3.22451144482467,3.812061452006885,0.5875500071822151,True,2.6032812472100937,0.43672493382794997,2.1665563133821437,5.2065624944201865
0,0,1260926274,local_005,-0.7524079162088602,-0.38968192252498,0.7343614374671263,0.5874141580516518,0.14694727941547459,True,2.6417997853922044,0.9475356529489846,1.6942641324432197,5.283599570784409
0,0,1260926274,local_010,-1.448002228692716,-0.0840485524073864,0.4895771132022282,0.7991974399564405,0.30962032675421236,True,2.0017958673852565,0.5441486313304028,1.4576472360548538,4.003591734770513
0,0,1260926274,local_015,3.895434214215513,-0.6593435483587626,2.732424938964845,2.764077337732855,0.03165239876800996,False,3.3196344037123957,1.4318047008244381,1.8878297028879574,6.639268807424791
0,0,1260926274,local_019,2.9364700958382253,0.6624286491104329,-0.01264156401752281,0.6547800694673138,0.6674216334848366,False,3.3230750529889828,1.450246820607223,1.8728282323817598,6.6461501059779655
0,0,1260926274,local_026,-0.18051877989420922,-0.2841225698274764,3.3589079998016356,2.83515147667568,0.5237565231259556,True,3.0021473608004667,1.061442107554253,1.9407052532462135,6.0042947216009335
0,0,1260926274,local_027,1.9615630284503007,-1.3563548592985808,6.076206580528844,5.612192439210083,0.46401414131876084,True,2.770823332355307,0.6169924881400244,2.1538308442152823,5.541646664710614
0,0,1260926274,local_034,0.6417728838529045,-1.7044975811549088,5.389327648608717,4.979692468165202,0.409635180443515,False,3.8257826582925705,0.7267354195909079,3.0990472387016625,7.65156531658514
0,0,1260926274,local_035,0.30157384123670355,-0.49554903991391147,3.174158549672741,2.7965593393649186,0.3775992103078223,True,2.646154291850996,0.8191657104665038,1.826988581384492,5.292308583701992
0,0,1260926274,local_038,-0.28971736716460933,5.781242873063978,0.999887837146578,1.3953477918458042,0.3954599546992261,True,3.273471846103936,0.6877793433616507,2.5856925027422855,6.546943692207872
0,0,1260926274,local_040,-2.303494734445533,-0.05511785118429728,1.2805820576985676,0.5018301599714613,0.7787518977271063,True,2.376569614278876,0.8021690901162899,1.5744005241625862,4.753139228557752
0,0,1260926274,local_048,0.9064989405371513,-0.5536564331283553,1.4627749467232762,2.4736020480157834,1.0108271012925072,True,2.794637671413946,0.8086612602990016,1.9859764111149445,5.589275342827892
0,0,1260926274,local_054,1.1428365987285232,-1.4209607812896992,6.346695914633365,6.089095572939426,0.257600341693939,True,3.2825467497076763,0.586131249088383,2.696415500619293,6.565093499415352
0,0,1260926274,local_058,1.540468881622365,-0.4587381707549099,2.037608550976484,3.091128997674926,1.053520446698442,True,3.13664981945211,0.6142225572723863,2.5224272621797237,6.27329963890422
0,0,1260926274,local_060,1.9363029983659203,-1.2233517315013342,6.356271346400899,4.878270108913642,1.4780012374872564,True,2.5631637823867077,0.7386546667425848,1.824509115644123,5.1263275647734154
0,0,1260926274,local_061,-0.8773584744031749,0.9457095134242471,0.5634527334314603,1.428991165351773,0.8655384319203128,True,2.55007330218117,0.7871181897130661,1.762955112468104,5.10014660436234
0,0,1260926274,local_064,0.9897807201449788,-0.17096028795406223,1.0780569239524018,-1.232391703323902,2.310448627276304,True,2.2964188897077964,0.5464098845364065,1.7500090051713901,4.592837779415593
0,0,1260926274,local_068,-1.7575747015191168,-0.20039173493656942,1.153900891534212,0.7688449883852873,0.3850559031489247,True,1.655524358768555,0.40160678233566255,1.2539175764328925,3.31104871753711
0,0,1260926274,local_069,0.20342179077095635,-0.4679378688420322,1.1223452203876905,0.05865214247814188,1.0636930779095486,True,2.9122390595806738,0.7064460319208394,2.2057930276598343,5.8244781191613475
0,0,1260926274,local_070,-2.8945109126893396,-0.016464980429442246,2.1991294680640814,0.6492806571273788,1.5498488109367026,True,2.5172539681794532,0.7406704114579297,1.7765835567215238,5.0345079363589065
0,0,1260926274,local_091,0.5468080006823893,-0.6441214219069032,2.9606815474444153,3.065355524244856,0.10467397680044055,True,2.819974242277109,0.7307338312987436,2.0892404109783653,5.639948484554218
0,0,1260926274,local_095,0.5518387651792833,-0.197765499937733,-0.6319926675649787,-0.7597979850250842,0.12780531746010548,True,2.146803833317369,0.4559674415669111,1.6908363917504579,4.293607666634738
0,0,1260926274,local_096,-0.969563804472342,0.9185705315751015,3.861732006597601,1.9114638552284033,1.9502681513691977,True,2.111716489276185,0.4073234866662146,1.7043930026099703,4.22343297855237
0,0,1260926274,local_097,2.0222156176579307,-0.2873212748900855,-0.5363148702646239,-2.2136785719195515,1.6773637016549277,False,4.065318139642457,0.6647151628375227,3.400602976804935,8.130636279284914
0,0,1260926274,local_103,0.1651033041200809,-0.3750748868098575,2.151451302490235,1.9955295695385917,0.15592173295164313,True,2.4754751033644933,0.33440940730827456,2.1410656960562187,4.950950206728987
0,0,1260926274,local_108,0.9604770654395144,-1.5469973742509093,6.578980262744062,6.0529456636444126,0.5260345990996491,False,3.561823771938446,0.43367157511112114,3.1281521968273247,7.123647543876891
0,0,1260926274,local_111,0.391438721884527,-0.5187723499295654,3.890250156784058,2.5722581794310586,1.3179919773529996,True,3.100717376848885,0.626347988609836,2.474369388239049,6.20143475369777
0,1,4160066401,local_011,1.4097025193829202,-1.0037363140595954,3.1613948953701905,5.430984212902927,2.2695893175327364,True,2.9495966355435037,0.7021102075243475,2.247486428019156,5.899193271087008
0,1,4160066401,local_012,0.1925404293443072,-0.7261814797309618,1.4269447016473267,2.8158758878767056,1.388931186229379,True,3.0530895638656683,0.6906842363009349,2.3624053275647334,6.1061791277313375
0,1,4160066401,local_015,3.895434214215513,-0.6593435483587626,2.732424938964845,2.8288054050574862,0.09638046609264128,True,3.1916326483655375,1.414013127807617,1.7776195205579206,6.383265296731075
0,1,4160066401,local_022,2.5289767772317915,-0.3525405293673251,2.3066353384254437,2.341155891384462,0.034520552959018236,True,2.9416007720498625,0.7172973199671827,2.2243034520826797,5.883201544099725
0,1,4160066401,local_028,2.366668426751495,-0.1276485658129692,1.6739008553116417,4.201595041033514,2.527694185721872,True,3.21500020013852,1.109213862835946,2.1057863373025736,6.43000040027704
0,1,4160066401,local_032,-0.6500650411809074,-0.27715409744620856,0.6554998568021326,0.12219704864926967,0.533302808152863,True,1.984408391368715,0.5613828223678107,1.4230255690009042,3.96881678273743
0,1,4160066401,local_038,-0.28971736716460933,5.781242873063978,0.999887837146578,1.3337789292230555,0.3338910920764775,False,3.533700823067398,0.8974594469265063,2.6362413761408914,7.067401646134796
0,1,4160066401,local_039,1.6717249290903744,0.11215877951332728,-1.122246264648438,-1.5390404234662354,0.41679415881779747,False,3.511537393153631,1.1994802054933604,2.3120571876602707,7.023074786307262
0,1,4160066401,local_043,1.210095849090365,-0.009559285629922776,2.162841306612088,3.0530445664405876,0.8902032598284997,False,3.421128204275189,0.5972475822525002,2.823880622022689,6.842256408550378
0,1,4160066401,local_048,0.9064989405371513,-0.5536564331283553,1.4627749467232762,2.89254968861905,1.4297747418957738,True,2.32396793061368,0.5998521848071807,1.7241157458064993,4.64793586122736
0,1,4160066401,local_049,0.6287277097023648,-0.4641050633042861,0.40147541748046756,-0.347545724619994,0.7490211421004616,True,2.951697763249271,0.6840623814284954,2.2676353818207757,5.903395526498542
0,1,4160066401,local_050,1.760674782698319,5.476924146492508,1.2550455169936798,1.2782847136934568,0.02323919669977692,False,3.4570446737251155,1.0147094950783957,2.44233517864672,6.914089347450231
0,1,4160066401,local_051,-0.7587778380295319,-0.3365246425038785,-1.4815165072547063,0.13183970395359074,1.613356211208297,True,2.1922709077111984,0.6563120609130414,1.535958846798157,4.384541815422397
0,1,4160066401,local_054,1.1428365987285232,-1.4209607812896992,6.346695914633365,6.155711275311713,0.19098463932165188,True,2.6061757130193026,0.5383551223624832,2.0678205906568192,5.212351426038605
0,1,4160066401,local_061,-0.8773584744031749,0.9457095134242471,0.5634527334314603,1.2764264166056312,0.7129736831741709,True,2.6144004615691547,0.8687540406543237,1.745646420914831,5.2288009231383095
0,1,4160066401,local_064,0.9897807201449788,-0.17096028795406223,1.0780569239524018,-1.0584339204467492,2.136490844399151,True,2.5775573525640727,0.6419233194335354,1.9356340331305375,5.155114705128145
0,1,4160066401,local_068,-1.7575747015191168,-0.20039173493656942,1.153900891534212,0.7823138258399189,0.371587065694293,True,1.6774285441274253,0.4122338643721193,1.265194679755306,3.3548570882548505
0,1,4160066401,local_069,0.20342179077095635,-0.4679378688420322,1.1223452203876905,0.39892592378917013,0.7234192965985203,True,2.7155548990536205,0.6979799076129339,2.0175749914406866,5.431109798107241
0,1,4160066401,local_071,0.14989191574478114,5.863523796772882,1.6104133850546454,1.5023260214339504,0.10808736362069493,False,3.4639170230798157,0.8672325854809474,2.5966844375988685,6.9278340461596315
0,1,4160066401,local_080,-0.6659324516941341,-0.020071403745315682,1.3884928186035155,0.43315589466836724,0.9553369239351482,True,2.243465924144113,0.879374283846855,1.3640916402972578,4.486931848288226
0,1,4160066401,local_085,-0.5055954646049663,0.8783966215136226,1.8805812698958766,1.5426810782344738,0.33790019166140284,True,2.1040654969627113,0.6675992762047955,1.4364662207579155,4.208130993925423
0,1,4160066401,local_090,-0.564803951377932,-0.09243354603543363,-0.004471062320401842,-0.08871562196702264,0.0842445596466208,True,1.6776171535925772,0.47192835798970095,1.2056887956028763,3.3552343071851545
0,1,4160066401,local_096,-0.969563804472342,0.9185705315751015,3.861732006597601,1.911193416502487,1.950538590095114,True,2.099893618111421,0.3700792131371195,1.7298144049743014,4.199787236222842
0,1,4160066401,local_098,1.34386354731387,-0.6672217875389314,4.573517989147881,2.461387574777488,2.1121304143703927,True,2.6534003135290094,0.4205111921682436,2.232889121360766,5.306800627058019
0,1,4160066401,local_100,-1.5767446882047362,-0.7003605127292428,-1.7801574299070566,0.9532782746663848,2.7334357045734414,True,2.727651288997174,0.58664870403897,2.141002584958204,5.455302577994348
0,1,4160066401,local_105,-1.2512087995314978,-0.7427184341516534,2.4518820236124466,1.5931689678992684,0.8587130557131781,True,2.9335065656300294,0.48036549584691857,2.453141069783111,5.867013131260059
0,1,4160066401,local_106,-1.3239915478793631,-0.5292951908402975,-0.24636592992146777,0.6268858367838275,0.8732517667052953,True,2.447207496476706,0.5671064109387509,1.8801010855379552,4.894414992953412
0,1,4160066401,local_110,-2.5350017144439247,-0.08821317424906,-0.9447126583523211,0.396083532260745,1.340796190613066,True,1.7952918667592102,0.52673184394435,1.2685600228148601,3.5905837335184203
0,2,3518846384,local_001,1.0555685058516724,5.821691499600044,1.725786379496256,1.4410772248311374,0.2847091546651186,False,3.4946878883180705,0.7528992703498618,2.7417886179682087,6.989375776636141
0,2,3518846384,local_002,3.2497920769421724,0.29443475884283377,0.22199857905345688,2.4825869765622226,2.2605883975087657,False,3.416620537332429,1.40873034102632,2.0078901963061093,6.833241074664858
0,2,3518846384,local_008,1.98668403966542,-0.20733989514796386,-2.311528537700702,-0.79007609207396,1.5214524456267422,False,4.889134439629175,0.5711797760709433,4.317954663558232,9.77826887925835
0,2,3518846384,local_018,3.4457542071455705,-0.6060611208389725,0.030611106676933453,1.2376810043749318,1.2070698976979983,False,4.965016878923789,1.5543437639798943,3.4106731149438954,9.930033757847578
0,2,3518846384,local_019,2.9364700958382253,0.6624286491104329,-0.01264156401752281,1.131300699010024,1.1439422630275469,False,4.931750779758863,1.9293656053394732,3.00238517441939,9.863501559517726
0,2,3518846384,local_022,2.5289767772317915,-0.3525405293673251,2.3066353384254437,2.596691510026631,0.29005617160118735,True,3.260976995414068,0.9100636530521279,2.35091334236194,6.521953990828136
0,2,3518846384,local_023,-0.038250131935015926,-0.24061894351625362,2.1357396777226367,1.9461182507451729,0.18962142697746387,True,2.7024353722443295,0.41008079591182817,2.2923545763325013,5.404870744488659
0,2,3518846384,local_025,-2.955827040953235,0.2416017270959956,-1.493498512759774,-1.2144676977085975,0.27903081505117644,False,3.7997263854746888,1.3516347150830992,2.4480916703915896,7.599452770949377
0,2,3518846384,local_026,-0.18051877989420922,-0.2841225698274764,3.3589079998016356,2.7919515506664268,0.5669564491352088,True,2.6539845322993694,0.9462015056679175,1.707783026631452,5.307969064598739
0,2,3518846384,local_037,-0.9078244340747956,0.8588819294739267,1.3433813583374024,0.9114210891554787,0.43196026918192365,True,2.0532664010240556,0.41097306715667187,1.6422933338673835,4.106532802048111
0,2,3518846384,local_038,-0.28971736716460933,5.781242873063978,0.999887837146578,1.4740709438993094,0.47418310675273134,False,4.276567660617271,0.987538344874259,3.2890293157430124,8.553135321234542
0,2,3518846384,local_040,-2.303494734445533,-0.05511785118429728,1.2805820576985676,0.5019170981275908,0.7786649595709768,True,2.3762866632595587,0.8021411179345501,1.5741455453250086,4.7525733265191175
0,2,3518846384,local_044,3.5146718675810993,0.058255648824165986,2.4753185280143444,1.7484595135002847,0.7268590145140597,False,3.508311017554308,0.9690556129558516,2.5392554045984563,7.016622035108616
0,2,3518846384,local_051,-0.7587778380295319,-0.3365246425038785,-1.4815165072547063,-0.19239872528339658,1.2891177819713098,True,2.2171486957095414,0.5233076153691771,1.6938410803403645,4.434297391419083
0,2,3518846384,local_052,-0.023531183145550187,5.998584528116516,1.2522175806439106,1.4824118446853638,0.23019426404145316,False,4.8515859777469705,1.5564800524550433,3.2951059252919275,9.703171955493941
0,2,3518846384,local_054,1.1428365987285232,-1.4209607812896992,6.346695914633365,6.155711275960158,0.19098463867320703,True,2.606175710692783,0.538355122242274,2.0678205884505094,5.212351421385566
0,2,3518846384,local_055,1.6383809321440104,-1.0726060175695855,5.689955578486124,4.04421153602235,1.6457440424637744,True,2.3833587669567278,0.45628389685804116,1.9270748700986866,4.7667175339134555
0,2,3518846384,local_059,-0.719554608619687,-0.19205772655531425,-0.41983662442111847,-0.13126626920285062,0.28857035521826785,True,1.7665679717061777,0.4802405310789361,1.2863274406272416,3.5331359434123555
0,2,3518846384,local_070,-2.8945109126893396,-0.016464980429442246,2.1991294680640814,0.6517636534889055,1.5473658145751759,True,2.5107096295631264,0.7409677109108301,1.7697419186522965,5.021419259126253
0,2,3518846384,local_076,-1.293898297110151,-0.27765386800014663,2.421905947816138,-0.029115720410646084,2.4510216682267845,True,1.4677908622828832,0.4951726816367099,0.9726181806461732,2.9355817245657665
0,2,3518846384,local_080,-0.6659324516941341,-0.020071403745315682,1.3884928186035155,0.34972574180158733,1.0387670768019281,True,2.37899245503461,0.8370851722431063,1.5419072827915037,4.75798491006922
0,2,3518846384,local_088,1.7561590985223667,-0.1731114805702994,2.8589108825256133,2.0766905556612882,0.7822203268643251,False,3.450478635269795,1.070149089723968,2.380329545545827,6.90095727053959
0,2,3518846384,local_090,-0.564803951377932,-0.09243354603543363,-0.004471062320401842,0.06281513482506162,0.06728619714546347,True,1.4759635019708277,0.4761735376117098,0.9997899643591178,2.9519270039416554
0,2,3518846384,local_095,0.5518387651792833,-0.197765499937733,-0.6319926675649787,-0.7402320355821156,0.10823936801713685,True,2.115425411869382,0.4694332792628032,1.6459921326065785,4.230850823738764
0,2,3518846384,local_099,-2.7991976070301092,-0.03771030219619101,0.9317134751092819,-0.44674244953185527,1.3784559246411372,True,1.7317050279499033,0.36423425208858634,1.367470775861317,3.463410055899806
0,2,3518846384,local_104,1.0458354553515201,-0.3360919135789393,3.653826071602956,3.9198974892280556,0.26607141762509956,True,2.6089768327513094,0.3848652788107007,2.2241115539406087,5.217953665502619
0,2,3518846384,local_105,-1.2512087995314978,-0.7427184341516534,2.4518820236124466,1.801187216299104,0.6506948073133425,True,3.2911905521129508,0.4388736584631218,2.852316893649829,6.5823811042259015
0,2,3518846384,local_111,0.391438721884527,-0.5187723499295654,3.890250156784058,2.498650214467297,1.3915999423167613,True,2.3098765931033753,0.5166622318971347,1.7932143612062406,4.619753186206751
0,3,1039629802,local_002,3.2497920769421724,0.29443475884283377,0.22199857905345688,1.0564767354042481,0.8344781563507913,True,3.0714543911616965,1.1232870394380245,1.948167351723672,6.142908782323393
0,3,1039629802,local_004,0.7123925093361396,-0.7929560795628144,3.22451144482467,3.801201738202751,0.5766902933780811,True,2.4058240154632724,0.4173525994312455,1.988471416032027,4.811648030926545
0,3,1039629802,local_007,1.5608012769808957,-1.2002359527976414,3.4813968680245533,3.0475289877677,0.4338678802568534,True,2.822721973766694,0.702160107230637,2.120561866536057,5.645443947533388
0,3,1039629802,local_011,1.4097025193829202,-1.0037363140595954,3.1613948953701905,5.496832170862677,2.335437275492487,False,3.5015257737279653,0.7074245354511723,2.794101238276793,7.0030515474559305
0,3,1039629802,local_023,-0.038250131935015926,-0.24061894351625362,2.1357396777226367,1.8040418777487643,0.3316977999738724,True,3.2254040237701447,1.0116875025072893,2.2137165212628553,6.450808047540289
0,3,1039629802,local_026,-0.18051877989420922,-0.2841225698274764,3.3589079998016356,3.282377214181137,0.07653078562049842,True,2.7197996173657817,0.83820541144487,1.8815942059209116,5.439599234731563
0,3,1039629802,local_027,1.9615630284503007,-1.3563548592985808,6.076206580528844,6.163191957741601,0.08698537721275734,True,2.716674274999093,0.3838565018104678,2.3328177731886255,5.433348549998186
0,3,1039629802,local_033,-0.5424368719445116,0.8959084823244202,2.6824910593668623,2.7021041224177793,0.019613063050917035,True,2.447759963775511,0.5011658616355343,1.9465941021399766,4.895519927551021
0,3,1039629802,local_034,0.6417728838529045,-1.7044975811549088,5.389327648608717,5.159791240179426,0.2295364084292908,False,3.383114227756881,0.6476938068298285,2.7354204209270523,6.766228455513763
0,3,1039629802,local_036,-2.0421420476106977,-0.09492193313614562,0.5736582618550501,0.4226937263342913,0.15096453552075878,True,1.79366939769914,0.46354615306325836,1.3301232446358817,3.58733879539828
0,3,1039629802,local_043,1.210095849090365,-0.009559285629922776,2.162841306612088,3.8599532246511847,1.6971119180390968,True,3.1576195930388993,0.837697477461478,2.3199221155774215,6.3152391860777985
0,3,1039629802,local_044,3.5146718675810993,0.058255648824165986,2.4753185280143444,1.8478299517389543,0.6274885762753901,True,3.1659966160726793,0.7448221136504536,2.4211745024222258,6.33199323214536
0,3,1039629802,local_049,0.6287277097023648,-0.4641050633042861,0.40147541748046756,-0.2745656524198053,0.6760410699002728,True,2.8077175356733943,0.7134867507025843,2.09423078497081,5.615435071346789
0,3,1039629802,local_050,1.760674782698319,5.476924146492508,1.2550455169936798,1.2785446343130746,0.023499117319394802,False,3.454096359749865,1.015197894939801,2.438898464810064,6.90819271949973
0,3,1039629802,local_052,-0.023531183145550187,5.998584528116516,1.2522175806439106,0.999887837146578,0.2523297434973326,False,4.754189363006832,0.8046092407423879,3.9495801222644435,9.508378726013664
0,3,1039629802,local_061,-0.8773584744031749,0.9457095134242471,0.5634527334314603,1.3926113607634767,0.8291586273320164,True,2.45658818099732,0.7627489691991249,1.6938392117981949,4.91317636199464
0,3,1039629802,local_063,-2.6670541407552095,-0.12277580798098542,-1.3297262114025306,-0.13882469903665115,1.1909015123658795,True,1.8917022260502898,0.422751839782084,1.4689503862682058,3.7834044521005796
0,3,1039629802,local_071,0.14989191574478114,5.863523796772882,1.6104133850546454,1.310580856299785,0.29983252875486044,True,3.2548519683265584,0.545878841653041,2.7089731266735173,6.509703936653117
0,3,1039629802,local_076,-1.293898297110151,-0.27765386800014663,2.421905947816138,0.0036148160846366864,2.4182911317315017,True,1.570049294114568,0.5253588396323512,1.0446904544822169,3.140098588229136
0,3,1039629802,local_080,-0.6659324516941341,-0.020071403745315682,1.3884928186035155,0.2133078399027763,1.1751849787007391,True,2.6638610821323083,0.8292537247807478,1.8346073573515604,5.327722164264617
0,3,1039629802,local_082,-1.2012931476708681,-0.0501126281066171,1.2303015876183143,0.4978335656271225,0.7324680219911919,True,2.183088943416361,0.6371577680696462,1.545931175346715,4.366177886832722
0,3,1039629802,local_086,-0.5185858308727754,-0.2005063301888428,-1.1420851462190953,0.36928221481283274,1.511367361031928,True,1.9342834395964483,0.6281001360507136,1.3061833035457346,3.8685668791928967
0,3,1039629802,local_088,1.7561590985223667,-0.1731114805702994,2.8589108825256133,2.244551418727619,0.6143594637979941,False,3.3350595153077536,1.0759733465356645,2.259086168772089,6.670119030615506
0,3,1039629802,local_092,-0.7421234022779064,-0.7123199860947216,-0.8974462428457253,1.2185031073174113,2.1159493501631363,True,3.118897846532936,0.4165035260005125,2.7023943205324232,6.237795693065872
0,3,1039629802,local_099,-2.7991976070301092,-0.03771030219619101,0.9317134751092819,0.09729082205250378,0.8344226530567782,True,2.2142487110806903,0.4586931144576946,1.7555555966229959,4.428497422161381
0,3,1039629802,local_102,-1.4997920610953346,-0.7446341657666257,-0.08665273386637384,0.6818768801393358,0.7685296140057096,True,3.261544964993336,0.6710229350012873,2.590522029992049,6.523089929986672
0,3,1039629802,local_103,0.1651033041200809,-0.3750748868098575,2.151451302490235,1.768970322732319,0.38248097975791584,True,2.7955211615605666,0.9713258186343099,1.8241953429262565,5.591042323121133
0,3,1039629802,local_104,1.0458354553515201,-0.3360919135789393,3.653826071602956,4.380490989791447,0.726664918188491,False,3.371797329379585,0.5021072717655498,2.869690057614035,6.74359465875917
0,4,2447285369,local_002,3.2497920769421724,0.29443475884283377,0.22199857905345688,0.9669483370406653,0.7449497579872084,False,3.444415090486313,1.2305719217216795,2.213843168764633,6.888830180972626
0,4,2447285369,local_006,1.1371008353109753,-1.4199982071033685,6.879289266540233,5.713480855668266,1.1658084108719677,True,3.0041705429430996,0.7067273610033609,2.2974431819397387,6.0083410858862
0,4,2447285369,local_013,-1.3801894575152416,1.000555173078204,1.20465650201613,2.3623443719480033,1.1576878699318733,True,2.3953744637802794,0.7344100243336793,1.6609644394465999,4.790748927560559
0,4,2447285369,local_015,3.895434214215513,-0.6593435483587626,2.732424938964845,3.1895661411449345,0.4571412021800896,False,3.5539700751550183,1.523387861405677,2.0305822137493412,7.107940150310037
0,4,2447285369,local_018,3.4457542071455705,-0.6060611208389725,0.030611106676933453,0.33700969504162337,0.3063985883646899,False,5.076390869679013,1.6211561099685068,3.4552347597105064,10.152781739358026
0,4,2447285369,local_022,2.5289767772317915,-0.3525405293673251,2.3066353384254437,3.4719582886856744,1.1653229502602307,False,3.9348919562951936,0.6948301108291928,3.240061845466001,7.869783912590387
0,4,2447285369,local_023,-0.038250131935015926,-0.24061894351625362,2.1357396777226367,1.9566966065232734,0.17904307119936336,True,2.6955256997994246,0.41051128955244764,2.2850144102469767,5.391051399598849
0,4,2447285369,local_026,-0.18051877989420922,-0.2841225698274764,3.3589079998016356,3.029876610465804,0.32903138933583165,True,2.7972452623368547,0.8790572440040286,1.9181880183328262,5.594490524673709
0,4,2447285369,local_037,-0.9078244340747956,0.8588819294739267,1.3433813583374024,1.549996724025402,0.20661536568799965,True,2.3602918181470565,0.685337604719578,1.6749542134274784,4.720583636294113
0,4,2447285369,local_040,-2.303494734445533,-0.05511785118429728,1.2805820576985676,1.371146189837321,0.09056413213875336,True,2.2622042999343535,0.6231950755092421,1.639009224425111,4.524408599868707
0,4,2447285369,local_043,1.210095849090365,-0.009559285629922776,2.162841306612088,3.0774895020838082,0.9146481954717203,False,3.330427759298211,0.6050780286466362,2.725349730651575,6.660855518596422
0,4,2447285369,local_047,-2.268356790936038,-0.23723674738198064,-0.7585864227082997,0.03397607131656078,0.7925624940248605,True,1.6549618921256497,0.45214472092965147,1.2028171711959983,3.3099237842512994
0,4,2447285369,local_049,0.6287277097023648,-0.4641050633042861,0.40147541748046756,-0.2763442583231184,0.6778196758035859,True,2.811918355604757,0.7133159495231651,2.098602406081592,5.623836711209514
0,4,2447285369,local_050,1.760674782698319,5.476924146492508,1.2550455169936798,1.2780530420831269,0.023007525089447034,False,3.460088614166083,1.014187452505927,2.445901161660156,6.920177228332166
0,4,2447285369,local_055,1.6383809321440104,-1.0726060175695855,5.689955578486124,3.79767577809403,1.8922798003920942,True,2.378779484123921,0.525110761482928,1.853668722640993,4.757558968247842
0,4,2447285369,local_057,0.9339695618223558,-0.6146023292114023,2.579870385869344,3.6399148342257757,1.0600444483564315,True,2.580117797581834,0.582188143455589,1.9979296541262448,5.160235595163668
0,4,2447285369,local_058,1.540468881622365,-0.4587381707549099,2.037608550976484,3.620205039638409,1.5825964886619248,False,3.5584194255889647,0.7379046552067167,2.820514770382248,7.1168388511779295
0,4,2447285369,local_060,1.9363029983659203,-1.2233517315013342,6.356271346400899,5.041336405552406,1.3149349408484925,True,3.2288423768938777,0.48624377170549726,2.7425986051883804,6.457684753787754
0,4,2447285369,local_061,-0.8773584744031749,0.9457095134242471,0.5634527334314603,1.5262823023729237,0.9628295689414634,True,2.84792587076489,0.8900905599888577,1.9578353107760322,5.69585174152978
0,4,2447285369,local_064,0.9897807201449788,-0.17096028795406223,1.0780569239524018,-0.9173920341202577,1.9954489580726595,True,2.130502694461959,0.5050500745954264,1.6254526198665327,4.261005388923918
0,4,2447285369,local_065,-1.6848416489281408,-0.4725726632186117,1.9529419112666955,0.5819563628962077,1.3709855483704878,True,1.8176592080973921,0.4922701695280367,1.3253890385693554,3.6353184161947842
0,4,2447285369,local_078,0.4242161442736185,-0.7321754487660358,4.369789645512899,2.9810688853388787,1.3887207601740204,True,2.6635230621895656,0.45040852983324886,2.213114532356317,5.327046124379131
0,4,2447285369,local_081,1.6393305439393169,-1.4781635232978165,3.3972131688044627,4.024619354075224,0.6274061852707611,True,2.856352851002748,0.5345898164575497,2.3217630345451985,5.712705702005497
0,4,2447285369,local_090,-0.564803951377932,-0.09243354603543363,-0.004471062320401842,0.1237588695243753,0.12822993184477716,True,1.3660519940631115,0.46238178856586415,0.9036702054972474,2.732103988126223
0,4,2447285369,local_092,-0.7421234022779064,-0.7123199860947216,-0.8974462428457253,1.2184765030772844,2.11592274592301,True,3.1189126590374396,0.4165029408226352,2.7024097182148044,6.237825318074879
0,4,2447285369,local_093,-2.177327765131337,-0.5513069535987809,0.8240073865594715,0.7697456325997237,0.05426175395974775,True,2.348823582735441,0.5797281190710685,1.7690954636643725,4.697647165470882
0,4,2447285369,local_094,-0.16964130627183818,0.9132649099129715,1.51784085591634,1.2896649850082125,0.22817587090812763,True,2.5694985845858893,0.3768745611063964,2.192624023479493,5.138997169171779
0,4,2447285369,local_110,-2.5350017144439247,-0.08821317424906,-0.9447126583523211,0.5216995984620845,1.4664122568144056,True,1.8460990068558496,0.536666238128312,1.3094327687275376,3.692198013711699
0,5,4238089366,local_007,1.5608012769808957,-1.2002359527976414,3.4813968680245533,3.2334652836682127,0.24793158435634055,True,2.8482268347415314,0.6969681703511255,2.1512586643904057,5.696453669483063
0,5,4238089366,local_009,0.25583466746046163,1.0164698255997393,0.2851447825113933,1.3946078985888533,1.10946311607746,False,3.5631492147321655,0.6593307482317835,2.903818466500382,7.126298429464331
0,5,4238089366,local_012,0.1925404293443072,-0.7261814797309618,1.4269447016473267,2.8153438522525747,1.388399150605248,True,3.0567615958330894,0.6905833902574532,2.366178205575636,6.113523191666179
0,5,4238089366,local_013,-1.3801894575152416,1.000555173078204,1.20465650201613,1.359497207709534,0.15484070569340402,True,2.5208668941093446,0.7274803707352598,1.7933865233740847,5.041733788218689
0,5,4238089366,local_017,0.8447455270304304,0.5804330004879303,4.12669131365913,1.961501173656469,2.165190140002661,True,2.7671119760373326,1.361697686490209,1.4054142895471238,5.534223952074665
0,5,4238089366,local_019,2.9364700958382253,0.6624286491104329,-0.01264156401752281,0.6624782274173792,0.675119791434902,False,3.430807311789828,1.479032133225922,1.951775178563906,6.861614623579655
0,5,4238089366,local_027,1.9615630284503007,-1.3563548592985808,6.076206580528844,5.594828126971263,0.48137845355758024,True,2.7176403921223002,0.6236207569117963,2.094019635210504,5.4352807842446005
0,5,4238089366,local_030,-1.6027807681826893,-0.7620646394364815,4.664717645328949,2.549809197757019,2.11490844757193,False,3.5208292327619684,0.43544781320788983,3.0853814195540785,7.041658465523937
0,5,4238089366,local_034,0.6417728838529045,-1.7044975811549088,5.389327648608717,5.159926545723232,0.22940110288548432,False,3.3810944770230376,0.647928439648214,2.7331660373748234,6.762188954046074
0,5,4238089366,local_035,0.30157384123670355,-0.49554903991391147,3.174158549672741,2.8751743902301667,0.29898415944257417,True,2.2874933133521322,0.6037117610532707,1.6837815522988615,4.5749866267042645
0,5,4238089366,local_038,-0.28971736716460933,5.781242873063978,0.999887837146578,1.3799844424904537,0.3800966053438757,False,3.3451641846161992,0.6933869058094544,2.651777278806745,6.6903283692323985
0,5,4238089366,local_043,1.210095849090365,-0.009559285629922776,2.162841306612088,3.9633023093448085,1.8004610027327206,False,3.3965776002404144,0.8860115766626854,2.510566023577729,6.793155200480829
0,5,4238089366,local_047,-2.268356790936038,-0.23723674738198064,-0.7585864227082997,0.12125396401133351,0.8798403867196332,True,1.7994945637684723,0.4815786801506223,1.31791588361785,3.5989891275369446
0,5,4238089366,local_051,-0.7587778380295319,-0.3365246425038785,-1.4815165072547063,-0.10851259186205012,1.373003915392656,True,2.0212152593779362,0.5851539799029938,1.4360612794749423,4.0424305187558724
0,5,4238089366,local_056,-3.694210086577135,0.5168510020409929,0.36404961917274914,1.4389773517240432,1.074927732551294,False,3.9985295849402975,1.7412099741161837,2.257319610824114,7.997059169880595
0,5,4238089366,local_060,1.9363029983659203,-1.2233517315013342,6.356271346400899,4.953027062002407,1.4032442843984914,True,2.5401067616673125,0.7493372837039852,1.7907694779633272,5.080213523334624
0,5,4238089366,local_063,-2.6670541407552095,-0.12277580798098542,-1.3297262114025306,0.07460332309346471,1.4043295344959952,True,1.9056859113328808,0.40607405256104717,1.4996118587718337,3.8113718226657616
0,5,4238089366,local_074,-1.7515999553522472,0.13597084090370462,1.1800834039597277,0.7132153720568651,0.4668680319028625,True,2.4515377590513197,0.9158498238415018,1.5356879352098176,4.903075518102639
0,5,4238089366,local_080,-0.6659324516941341,-0.020071403745315682,1.3884928186035155,0.4291306820969513,0.9593621365065641,True,2.3312276497728,0.8357193976683388,1.4955082521044616,4.6624552995456
0,5,4238089366,local_085,-0.5055954646049663,0.8783966215136226,1.8805812698958766,1.1868250211037885,0.6937562487920881,True,2.0265614247571837,0.42640367481581604,1.6001577499413675,4.053122849514367
0,5,4238089366,local_090,-0.564803951377932,-0.09243354603543363,-0.004471062320401842,-0.005228170633479308,0.0007571083130774661,True,1.4550557320480466,0.47031397727455987,0.9847417547734868,2.9101114640960932
0,5,4238089366,local_095,0.5518387651792833,-0.197765499937733,-0.6319926675649787,-0.7458785849497672,0.11388591738478848,True,2.1350835348627366,0.46862441465873506,1.6664591202040016,4.270167069725473
0,5,4238089366,local_096,-0.969563804472342,0.9185705315751015,3.861732006597601,2.0343367560289876,1.8273952505686135,True,2.268721173318662,0.4974585393467879,1.7712626339718738,4.537442346637324
0,5,4238089366,local_100,-1.5767446882047362,-0.7003605127292428,-1.7801574299070566,0.8088962797570123,2.5890537096640687,True,2.4174416294106815,0.4436633907419566,1.9737782386687248,4.834883258821363
0,5,4238089366,local_102,-1.4997920610953346,-0.7446341657666257,-0.08665273386637384,0.7872070456248561,0.87385977949123,False,3.7412744152057344,0.7556257979372417,2.9856486172684926,7.482548830411469
0,5,4238089366,local_104,1.0458354553515201,-0.3360919135789393,3.653826071602956,4.704261400615254,1.0504353290122976,False,3.438243807941248,0.5263797616915918,2.911864046249656,6.876487615882496
0,5,4238089366,local_109,1.3181211774554507,-0.08498166714027108,3.049920091820087,3.6963819885294433,0.6464618967093565,True,3.1882267615240694,0.9912410951141015,2.196985666409968,6.376453523048139
0,5,4238089366,local_111,0.391438721884527,-0.5187723499295654,3.890250156784058,2.7997216733146137,1.0905284834694444,True,2.1963642150676495,0.3079054589591283,1.8884587561085213,4.392728430135298
0,6,2122289600,local_000,-2.6687217177088325,-0.3313820190843231,0.9487077651250928,-0.018485552014948683,0.9671933171400415,True,2.2227760093073003,0.6067582661062685,1.6160177432010319,4.445552018614601
0,6,2122289600,local_007,1.5608012769808957,-1.2002359527976414,3.4813968680245533,3.0816366123378494,0.3997602556867039,True,2.762861631389679,0.6740777768996632,2.088783854490016,5.525723262779358
0,6,2122289600,local_011,1.4097025193829202,-1.0037363140595954,3.1613948953701905,5.510363941023964,2.348969045653774,False,3.3868251615065685,0.710235905160288,2.6765892563462805,6.773650323013136
0,6,2122289600,local_014,-0.9007942378325358,0.523496526540537,1.153590305484764,0.25590177179738594,0.8976885336873781,True,2.878266925242563,1.1494991286261809,1.7287677966163821,5.756533850485126
0,6,2122289600,local_016,1.258105134599882,-0.4736043644783636,4.984591654361349,4.114433481062456,0.8701581732988934,True,2.8627627353076868,0.4999006119029288,2.3628621234047578,5.7255254706153735
0,6,2122289600,local_017,0.8447455270304304,0.5804330004879303,4.12669131365913,2.1466076583719627,1.9800836552871672,True,3.0045452776899277,1.2955374973018197,1.709007780388108,6.009090555379856
0,6,2122289600,local_023,-0.038250131935015926,-0.24061894351625362,2.1357396777226367,1.956609382460574,0.1791302952620628,True,2.6951081282849487,0.4107017070946955,2.284406421190253,5.3902162565698974
0,6,2122289600,local_026,-0.18051877989420922,-0.2841225698274764,3.3589079998016356,3.2203709393675837,0.1385370604340519,True,2.979637483185029,0.8380181360344816,2.141619347150548,5.959274966370058
0,6,2122289600,local_039,1.6717249290903744,0.11215877951332728,-1.122246264648438,-0.8749795781063348,0.24726668654210315,False,3.605468456537375,1.1286560755420953,2.47681238099528,7.21093691307475
0,6,2122289600,local_040,-2.303494734445533,-0.05511785118429728,1.2805820576985676,1.5142189214796697,0.23363686378110216,True,2.2638641861655886,0.5814841946068917,1.682379991558697,4.527728372331177
0,6,2122289600,local_046,-0.8271523445342699,-0.8291581260132956,1.0081273739306953,0.9861918254869655,0.021935548443729802,False,4.073477367966439,0.7965443547317668,3.2769330132346726,8.146954735932878
0,6,2122289600,local_048,0.9064989405371513,-0.5536564331283553,1.4627749467232762,2.7151082112660316,1.2523332645427554,True,2.2776779819882584,0.6800013763142165,1.597676605674042,4.555355963976517
0,6,2122289600,local_049,0.6287277097023648,-0.4641050633042861,0.40147541748046756,-0.36751438511822176,0.7689898025986893,True,2.8725789771124615,0.7523625752964983,2.1202164018159633,5.745157954224923
0,6,2122289600,local_053,-1.6417611874050637,-0.07566986350920644,-1.1486642040449873,-0.030436214427627395,1.11822798961736,True,2.392322557222983,0.5985952776994284,1.7937272795235546,4.784645114445966
0,6,2122289600,local_054,1.1428365987285232,-1.4209607812896992,6.346695914633365,6.080676772541123,0.266019142092242,True,3.0368276803440413,0.5537089864970843,2.483118693846957,6.0736553606880825
0,6,2122289600,local_061,-0.8773584744031749,0.9457095134242471,0.5634527334314603,1.3913539415498073,0.827901208118347,True,2.4528208516397645,0.7631129129137834,1.689707938725981,4.905641703279529
0,6,2122289600,local_062,-0.6145241317077517,-0.8010966474961415,1.2106035189410012,0.695579444103041,0.5150240748379602,True,2.9060946268627714,0.5847366120415979,2.3213580148211737,5.812189253725543
0,6,2122289600,local_066,-1.984198281909879,-0.7270582512433014,2.300409389285055,1.3827485423674075,0.9176608469176475,True,3.0639174108345313,0.46283845195567574,2.6010789588788557,6.127834821669063
0,6,2122289600,local_077,-2.081040686945717,-0.5564691827344194,3.4387797773024618,0.8515942005712253,2.5871855767312364,True,2.4006883637173444,0.5481187260361521,1.8525696376811924,4.801376727434689
0,6,2122289600,local_079,-1.8328065818392545,-0.2700102607673158,0.24657180963046255,0.562121710128269,0.3155499004978064,True,2.040167459116468,0.4924972785897942,1.5476701805266737,4.080334918232936
0,6,2122289600,local_083,-1.628111746918159,-0.7325324076119535,3.192841780011454,1.1802517904641383,2.012589989547316,True,2.9522059456781795,0.4092247303359631,2.542981215342216,5.904411891356359
0,6,2122289600,local_086,-0.5185858308727754,-0.2005063301888428,-1.1420851462190953,0.28999440114262093,1.4320795473617163,True,1.959320437390151,0.6117780201976992,1.3475424171924517,3.9186408747803014
0,6,2122289600,local_091,0.5468080006823893,-0.6441214219069032,2.9606815474444153,2.862937775901378,0.09774377154303737,True,2.2401084797168282,0.48040669175559103,1.7597017879612373,4.4802169594336565
0,6,2122289600,local_094,-0.16964130627183818,0.9132649099129715,1.51784085591634,1.1872710050995898,0.3305698508167503,True,2.555581782450356,0.3798141606382391,2.175767621812117,5.111163564900712
0,6,2122289600,local_097,2.0222156176579307,-0.2873212748900855,-0.5363148702646239,-1.9295582461900342,1.3932433759254104,False,3.8430236617349447,0.6032643873711108,3.2397592743638337,7.686047323469889
0,6,2122289600,local_104,1.0458354553515201,-0.3360919135789393,3.653826071602956,3.5678261957876036,0.0859998758153524,True,2.845820050309528,0.5025966941864122,2.3432233561231155,5.691640100619056
0,6,2122289600,local_107,-0.5590376450883418,-0.3237305325415634,-1.117637334187826,0.7234704898949098,1.8411078240827359,True,1.5594421524851765,0.29624177852016204,1.2632003739650144,3.1188843049703534
0,6,2122289600,local_108,0.9604770654395144,-1.5469973742509093,6.578980262744062,5.952464732576748,0.626515530167314,True,3.0522613415016715,0.3998752434753488,2.6523860980263225,6.104522683003344
0,7,1724807437,local_000,-2.6687217177088325,-0.3313820190843231,0.9487077651250928,0.03866953784912229,0.9100382272759705,True,2.4292185414778293,0.6640901111978463,1.7651284302799832,4.858437082955659
0,7,1724807437,local_006,1.1371008353109753,-1.4199982071033685,6.879289266540233,5.681725188657071,1.197564077883162,True,3.118661003749079,0.7924223422890565,2.326238661460023,6.237322007498159
0,7,1724807437,local_009,0.25583466746046163,1.0164698255997393,0.2851447825113933,1.9362341486814447,1.6510893661700514,True,2.9549355000786135,0.9903809199141446,1.964554580164469,5.909871000157228
0,7,1724807437,local_016,1.258105134599882,-0.4736043644783636,4.984591654361349,3.944343259989328,1.0402483943720209,False,3.650324135996371,0.47780051091865317,3.1725236250777176,7.300648271992742
0,7,1724807437,local_018,3.4457542071455705,-0.6060611208389725,0.030611106676933453,0.3329352581331876,0.30232415145625413,False,3.6955267929186664,1.6203660785144547,2.0751607144042117,7.391053585837332
0,7,1724807437,local_020,-0.27214910314418356,-0.9297071772582916,2.7806031550089534,0.4164900418975509,2.3641131131114026,True,3.1145633600679528,0.8213147699809169,2.293248590087036,6.2291267201359055
0,7,1724807437,local_023,-0.038250131935015926,-0.24061894351625362,2.1357396777226367,1.9566093817698367,0.17913029595280006,True,2.6951081274303794,0.4107017075750832,2.284406419855296,5.390216254860759
0,7,1724807437,local_035,0.30157384123670355,-0.49554903991391147,3.174158549672741,3.123778746147344,0.05037980352539684,True,2.488921252304644,0.6894325183899813,1.7994887339146626,4.977842504609288
0,7,1724807437,local_040,-2.303494734445533,-0.05511785118429728,1.2805820576985676,1.2492937895816927,0.03128826811687491,True,2.1281263055098805,0.642932080783031,1.4851942247268495,4.256252611019761
0,7,1724807437,local_043,1.210095849090365,-0.009559285629922776,2.162841306612088,3.011335104825264,0.8484937982131759,False,3.597740664150009,0.5894610393944114,3.008279624755598,7.195481328300019
0,7,1724807437,local_046,-0.8271523445342699,-0.8291581260132956,1.0081273739306953,0.41296740781056385,0.5951599661201314,False,3.963380909131181,0.7538205890260647,3.2095603201051164,7.926761818262362
0,7,1724807437,local_048,0.9064989405371513,-0.5536564331283553,1.4627749467232762,2.8824242707351875,1.4196493240119112,True,2.485751429405598,0.681336372566312,1.8044150568392858,4.971502858811196
0,7,1724807437,local_050,1.760674782698319,5.476924146492508,1.2550455169936798,1.2783486630134182,0.023303146019738374,False,3.45671885540449,1.0147351373166031,2.4419837180878865,6.91343771080898
0,7,1724807437,local_051,-0.7587778380295319,-0.3365246425038785,-1.4815165072547063,-0.5102534407154216,0.9712630665392847,True,2.106682225498833,0.6266202841862967,1.4800619413125367,4.213364450997666
0,7,1724807437,local_057,0.9339695618223558,-0.6146023292114023,2.579870385869344,3.842960491227222,1.263090105357878,True,2.571281309575709,0.5736661770686652,1.997615132507044,5.142562619151418
0,7,1724807437,local_059,-0.719554608619687,-0.19205772655531425,-0.41983662442111847,-0.14745101290549473,0.27238561151562374,True,1.7586867467043155,0.47280059538001407,1.2858861513243014,3.517373493408631
0,7,1724807437,local_063,-2.6670541407552095,-0.12277580798098542,-1.3297262114025306,-0.3795613734185601,0.9501648379839704,True,1.9483885897190203,0.44064711140936663,1.5077414783096537,3.8967771794380406
0,7,1724807437,local_066,-1.984198281909879,-0.7270582512433014,2.300409389285055,1.5703669023615352,0.7300424869235198,True,2.7581533615179934,0.4362172268542601,2.321936134663733,5.516306723035987
0,7,1724807437,local_071,0.14989191574478114,5.863523796772882,1.6104133850546454,1.3217520328407437,0.28866135221390166,True,3.1554783369674895,0.5610418080797633,2.594436528887726,6.310956673934979
0,7,1724807437,local_075,1.4914246148630037,-0.541251399832422,5.2446770648925,4.259164906680607,0.9855121582118924,True,3.220206594730172,0.798461377590884,2.421745217139288,6.440413189460344
0,7,1724807437,local_077,-2.081040686945717,-0.5564691827344194,3.4387797773024618,0.8979811839097362,2.5407985933927257,True,2.273233059402158,0.5229938207719885,1.7502392386301695,4.546466118804316
0,7,1724807437,local_082,-1.2012931476708681,-0.0501126281066171,1.2303015876183143,0.9031471721863229,0.3271544154319914,True,1.9008027453428373,0.5580086216717058,1.3427941236711316,3.8016054906856747
0,7,1724807437,local_091,0.5468080006823893,-0.6441214219069032,2.9606815474444153,3.0895977188501185,0.12891617140570322,True,2.185631531143895,0.5927612366208364,1.5928702945230586,4.37126306228779
0,7,1724807437,local_094,-0.16964130627183818,0.9132649099129715,1.51784085591634,2.092403267352124,0.5745624114357839,True,3.129022724018869,0.8800846013903432,2.248938122628526,6.258045448037738
0,7,1724807437,local_096,-0.969563804472342,0.9185705315751015,3.861732006597601,2.1380817522220306,1.7236502543755705,True,2.3717012489847633,0.3859960947317907,1.9857051542529727,4.743402497969527
0,7,1724807437,local_097,2.0222156176579307,-0.2873212748900855,-0.5363148702646239,-1.9298995034499908,1.393584633185367,False,3.843129118793391,0.6031838939401264,3.2399452248532645,7.686258237586783
0,7,1724807437,local_106,-1.3239915478793631,-0.5292951908402975,-0.24636592992146777,-0.3855024225519785,0.1391364926305107,True,2.1952132775246738,0.48344855518614277,1.7117647223385308,4.3904265550493475
0,7,1724807437,local_109,1.3181211774554507,-0.08498166714027108,3.049920091820087,2.8851725977605067,0.1647474940595801,False,3.4673778852157358,0.9982371521283299,2.469140733087406,6.934755770431472
0,8,859945133,local_003,4.373068855030794,0.20074650244502454,1.5581075503338564,2.4753185280143444,0.917210977680488,False,5.007680136357219,1.3263853882466734,3.6812947481105462,10.015360272714439
0,8,859945133,local_004,0.7123925093361396,-0.7929560795628144,3.22451144482467,3.803847687002134,0.5793362421774639,True,2.4130332247339634,0.41659123906604995,1.9964419856679134,4.826066449467927
0,8,859945133,local_008,1.98668403966542,-0.20733989514796386,-2.311528537700702,-0.28406873369302577,2.0274598040076763,False,4.721160656022557,1.2698803641572631,3.4512802918652943,9.442321312045115
0,8,859945133,local_012,0.1925404293443072,-0.7261814797309618,1.4269447016473267,2.5664407805113783,1.1394960788640516,True,3.018738974969214,0.8438892328104823,2.174849742158732,6.0374779499384275
0,8,859945133,local_017,0.8447455270304304,0.5804330004879303,4.12669131365913,2.3071835212635645,1.8195077923955654,True,2.8614759996591586,1.3183937028719648,1.5430822967871938,5.722951999318317
0,8,859945133,local_020,-0.27214910314418356,-0.9297071772582916,2.7806031550089534,2.5913778683818363,0.18922528662711713,False,3.572333099452399,0.901911352846981,2.670421746605418,7.144666198904799
0,8,859945133,local_023,-0.038250131935015926,-0.24061894351625362,2.1357396777226367,1.9568822760485516,0.17885740167408515,True,2.696435122542438,0.41010330434155684,2.2863318182008814,5.392870245084876
0,8,859945133,local_024,-0.09116417831474274,-0.2917064245809222,0.6244122394659586,-0.0066170046995293955,0.631029244165488,True,2.39261365641819,0.5938607537150086,1.7987529027031812,4.78522731283638
0,8,859945133,local_036,-2.0421420476106977,-0.09492193313614562,0.5736582618550501,0.6476415851877385,0.07398332333268842,True,1.8315528593441792,0.5093193588673358,1.3222335004768433,3.6631057186883584
0,8,859945133,local_039,1.6717249290903744,0.11215877951332728,-1.122246264648438,-0.2324424722225198,0.8898037924259181,False,4.589133607340523,1.063882551194826,3.5252510561456973,9.178267214681046
0,8,859945133,local_043,1.210095849090365,-0.009559285629922776,2.162841306612088,3.1205347391608,0.9576934325487119,True,3.2932087446557716,0.6153672202298794,2.677841524425892,6.586417489311543
0,8,859945133,local_050,1.760674782698319,5.476924146492508,1.2550455169936798,1.278281778062839,0.023236261069159214,False,3.4570671997700764,1.0147065729599445,2.4423606268101317,6.914134399540153
0,8,859945133,local_052,-0.023531183145550187,5.998584528116516,1.2522175806439106,0.999887837146578,0.2523297434973326,False,4.754189363006832,0.8046092407423879,3.9495801222644435,9.508378726013664
0,8,859945133,local_054,1.1428365987285232,-1.4209607812896992,6.346695914633365,6.213035501017666,0.13366041361569891,True,2.5966172724302616,0.5335088197374234,2.063108452692838,5.193234544860523
0,8,859945133,local_058,1.540468881622365,-0.4587381707549099,2.037608550976484,3.009215909601823,0.9716073586253389,True,2.78922603129725,0.5651830575612339,2.224042973736016,5.5784520625945
0,8,859945133,local_060,1.9363029983659203,-1.2233517315013342,6.356271346400899,5.274660523796265,1.0816108226046337,True,2.9727547965049013,0.46971392331812556,2.5030408731867757,5.945509593009802
0,8,859945133,local_063,-2.6670541407552095,-0.12277580798098542,-1.3297262114025306,-0.14850913932733098,1.1812170720751995,True,1.8228060313412096,0.40357830983497955,1.4192277215062299,3.645612062682419
0,8,859945133,local_069,0.20342179077095635,-0.4679378688420322,1.1223452203876905,0.8758238783673344,0.24652134202035603,False,4.15660746567519,0.8561522589624282,3.3004552067127624,8.31321493135038
0,8,859945133,local_073,1.7612502746702892,-1.364461686143103,6.216447191482935,5.102401392605989,1.1140457988769459,True,2.746595643454494,0.4809128026976618,2.265682840756832,5.4931912869089885
0,8,859945133,local_077,-2.081040686945717,-0.5564691827344194,3.4387797773024618,1.2159782878821601,2.2228014894203016,True,2.17804881174504,0.378797336307834,1.799251475437206,4.35609762349008
0,8,859945133,local_081,1.6393305439393169,-1.4781635232978165,3.3972131688044627,3.6940613661756916,0.2968481973712289,True,2.6638920555293613,0.6502778063610457,2.0136142491683158,5.3277841110587225
0,8,859945133,local_082,-1.2012931476708681,-0.0501126281066171,1.2303015876183143,1.1201409850432242,0.11016060257509008,True,2.010309030178627,0.5580229674931817,1.4522860626854455,4.020618060357254
0,8,859945133,local_085,-0.5055954646049663,0.8783966215136226,1.8805812698958766,1.1939287645084704,0.6866525053874062,True,2.007825887071897,0.4360757494674289,1.571750137604468,4.015651774143794
0,8,859945133,local_092,-0.7421234022779064,-0.7123199860947216,-0.8974462428457253,1.279781088948456,2.1772273317941813,False,3.548966893040992,0.4790344570945367,3.069932435946455,7.097933786081984
0,8,859945133,local_096,-0.969563804472342,0.9185705315751015,3.861732006597601,1.8984021681256056,1.9633298384719955,True,2.078792334961393,0.3809261396481318,1.6978661953132612,4.157584669922786
0,8,859945133,local_097,2.0222156176579307,-0.2873212748900855,-0.5363148702646239,0.5133882288775248,1.0497030991421488,False,6.327419322302479,1.3760227475005875,4.951396574801891,12.654838644604958
0,8,859945133,local_109,1.3181211774554507,-0.08498166714027108,3.049920091820087,3.4369825607729063,0.3870624689528195,True,2.820755974147559,0.9328393992557082,1.887916574891851,5.641511948295118
0,8,859945133,local_110,-2.5350017144439247,-0.08821317424906,-0.9447126583523211,0.42449623685594406,1.3692088952082653,True,2.250575442808541,0.5822225109256051,1.6683529318829358,4.501150885617082
0,9,820128927,local_005,-0.7524079162088602,-0.38968192252498,0.7343614374671263,1.3100823126369052,0.5757208751697789,True,3.034337358973154,0.9937068076735645,2.0406305512995897,6.068674717946308
0,9,820128927,local_007,1.5608012769808957,-1.2002359527976414,3.4813968680245533,3.2082238024325287,0.2731730655920246,True,2.79641806528059,0.7172983645235491,2.079119700757041,5.59283613056118
0,9,820128927,local_009,0.25583466746046163,1.0164698255997393,0.2851447825113933,2.0803328647129,1.7951880822015065,True,2.923163366008729,1.0431423697535425,1.8800209962551864,5.846326732017458
0,9,820128927,local_018,3.4457542071455705,-0.6060611208389725,0.030611106676933453,0.8604254273929701,0.8298143207160367,False,4.324687046967392,1.5696617329055174,2.7550253140618746,8.649374093934783
0,9,820128927,local_019,2.9364700958382253,0.6624286491104329,-0.01264156401752281,0.04891862311629108,0.06156018713381389,False,3.462104290829818,1.4998949958796173,1.962209294950201,6.924208581659636
0,9,820128927,local_026,-0.18051877989420922,-0.2841225698274764,3.3589079998016356,3.345913443219687,0.01299455658194848,True,2.755001170667941,0.811844653434227,1.9431565172337144,5.510002341335882
0,9,820128927,local_027,1.9615630284503007,-1.3563548592985808,6.076206580528844,6.176477970981111,0.10027139045226718,True,2.744874672911889,0.381042427999214,2.363832244912675,5.489749345823778
0,9,820128927,local_030,-1.6027807681826893,-0.7620646394364815,4.664717645328949,1.9695805606950656,2.6951370846338834,True,3.102466868180842,0.5129312105922064,2.5895356575886357,6.204933736361684
0,9,820128927,local_040,-2.303494734445533,-0.05511785118429728,1.2805820576985676,1.4487979353486877,0.16821587765012014,True,2.7211478868968633,0.738205637363932,1.9829422495329314,5.4422957737937265
0,9,820128927,local_044,3.5146718675810993,0.058255648824165986,2.4753185280143444,1.8477709048922553,0.6275476231220891,True,3.1660146761127024,0.7463012720056819,2.4197134041070205,6.332029352225405
0,9,820128927,local_052,-0.023531183145550187,5.998584528116516,1.2522175806439106,0.999887837146578,0.2523297434973326,False,4.754189363006832,0.8046092407423879,3.9495801222644435,9.508378726013664
0,9,820128927,local_054,1.1428365987285232,-1.4209607812896992,6.346695914633365,6.0385288618504225,0.30816705278294254,True,3.249353749751687,0.557473713409164,2.691880036342523,6.498707499503373
0,9,820128927,local_056,-3.694210086577135,0.5168510020409929,0.36404961917274914,0.7078321241539417,0.34378250498119256,False,3.834237571868029,1.807526895890064,2.0267106759779647,7.668475143736058
0,9,820128927,local_058,1.540468881622365,-0.4587381707549099,2.037608550976484,2.9903043752182255,0.9526958242417414,True,2.7275508434807603,0.5855269578206377,2.1420238856601226,5.455101686961521
0,9,820128927,local_059,-0.719554608619687,-0.19205772655531425,-0.41983662442111847,-0.028581529373031878,0.3912550950480866,True,1.6290456654680803,0.5158073247468881,1.113238340721192,3.2580913309361605
0,9,820128927,local_064,0.9897807201449788,-0.17096028795406223,1.0780569239524018,-1.0492513369092058,2.1273082608616076,True,2.2023623686753737,0.5306974210312494,1.6716649476441245,4.404724737350747
0,9,820128927,local_069,0.20342179077095635,-0.4679378688420322,1.1223452203876905,-0.08852286501423737,1.2108680854019278,True,2.713558663310292,0.6861630544908774,2.0273956088194143,5.427117326620584
0,9,820128927,local_074,-1.7515999553522472,0.13597084090370462,1.1800834039597277,1.1353168228486183,0.044766581111109316,True,3.0280546290554087,1.0791402147325941,1.9489144143228148,6.056109258110817
0,9,820128927,local_075,1.4914246148630037,-0.541251399832422,5.2446770648925,4.649715998722993,0.5949610661695068,True,2.887425921605081,0.617894780755078,2.269531140850003,5.774851843210161
0,9,820128927,local_077,-2.081040686945717,-0.5564691827344194,3.4387797773024618,0.9508283662487117,2.48795141105375,True,2.2545871718141846,0.3938784348743185,1.860708736939866,4.509174343628369
0,9,820128927,local_082,-1.2012931476708681,-0.0501126281066171,1.2303015876183143,0.9019199478393978,0.32838163977891655,True,1.8972123182603493,0.5582449183664746,1.3389673998938747,3.7944246365206986
0,9,820128927,local_084,1.1679639592263458,5.8921249747384365,1.2955399081796255,1.2273413765700807,0.06819853160954481,True,3.185328984588276,0.6626283282811178,2.522700656307158,6.370657969176552
0,9,820128927,local_092,-0.7421234022779064,-0.7123199860947216,-0.8974462428457253,1.2989618108675183,2.1964080537132435,False,3.503824694038119,0.5110972320928288,2.99272746194529,7.007649388076237
0,9,820128927,local_094,-0.16964130627183818,0.9132649099129715,1.51784085591634,2.4073322827483663,0.8894914268320262,False,3.448294008781255,0.8504670385852062,2.597826970196049,6.896588017562509
0,9,820128927,local_099,-2.7991976070301092,-0.03771030219619101,0.9317134751092819,-0.16208141413426724,1.0937948892435492,True,2.349287496119776,0.34726666777722515,2.002020828342551,4.698574992239552
0,9,820128927,local_104,1.0458354553515201,-0.3360919135789393,3.653826071602956,3.9136885460042277,0.25986247440127164,True,2.7870027660030585,0.36518686984407084,2.4218158961589875,5.574005532006117
0,9,820128927,local_108,0.9604770654395144,-1.5469973742509093,6.578980262744062,5.9527174091284145,0.6262628536156472,True,3.052624583622817,0.3997888893279381,2.652835694294879,6.105249167245635
0,9,820128927,local_110,-2.5350017144439247,-0.08821317424906,-0.9447126583523211,0.47514062479425634,1.4198532831465775,True,1.9090403980029051,0.5162805441794847,1.3927598538234205,3.8180807960058103
0,10,1443891981,local_001,1.0555685058516724,5.821691499600044,1.725786379496256,1.441257711893299,0.28452866760295703,False,3.4950081744410175,0.7528748916272836,2.7421332828137337,6.990016348882035
0,10,1443891981,local_004,0.7123925093361396,-0.7929560795628144,3.22451144482467,3.7953528043981257,0.5708413595734556,True,2.3900474904067868,0.4190883170001303,1.9709591734066565,4.7800949808135735
0,10,1443891981,local_009,0.25583466746046163,1.0164698255997393,0.2851447825113933,2.20652392655061,1.9213791440392165,True,2.7634663828008286,1.1052841062411578,1.658182276559671,5.526932765601657
0,10,1443891981,local_010,-1.448002228692716,-0.0840485524073864,0.4895771132022282,0.018518854174952387,0.4710582590272758,True,2.722424589518715,0.8638517371974118,1.858572852321303,5.44484917903743
0,10,1443891981,local_016,1.258105134599882,-0.4736043644783636,4.984591654361349,4.114424856384121,0.8701667979772285,True,2.8635429851811867,0.49972980524672733,2.3638131799344593,5.727085970362374
0,10,1443891981,local_023,-0.038250131935015926,-0.24061894351625362,2.1357396777226367,1.978141969639018,0.15759770808361884,True,2.8258393248223563,0.45728174906795316,2.3685575757544033,5.651678649644714
0,10,1443891981,local_024,-0.09116417831474274,-0.2917064245809222,0.6244122394659586,-0.608060385540907,1.2324726250068656,True,2.8811717372872803,0.6499329245497223,2.231238812737558,5.7623434745745605
0,10,1443891981,local_031,0.18411157962703373,0.8377263345377207,1.2309529786759805,1.4280796353010294,0.1971266566250489,True,2.7843641714228933,1.116938290614295,1.6674258808085982,5.5687283428457865
0,10,1443891981,local_032,-0.6500650411809074,-0.27715409744620856,0.6554998568021326,-0.024096061263122213,0.6795959180652549,True,2.5015798508493114,0.6801805073501666,1.821399343499145,5.003159701698623
0,10,1443891981,local_033,-0.5424368719445116,0.8959084823244202,2.6824910593668623,3.7546690148311264,1.072177955464264,False,3.5388534431636174,0.6166255084540623,2.922227934709555,7.077706886327235
0,10,1443891981,local_041,-1.798392900964244,-0.464521117443664,-0.7189533198861513,0.10911696926555453,0.8280702891517058,True,2.716828985234139,0.550616814349495,2.166212170884644,5.433657970468278
0,10,1443891981,local_044,3.5146718675810993,0.058255648824165986,2.4753185280143444,1.847671953707119,0.6276465743072255,True,3.165868608318235,0.7449223421574124,2.4209462661608225,6.33173721663647
0,10,1443891981,local_069,0.20342179077095635,-0.4679378688420322,1.1223452203876905,0.6352933235992793,0.4870518967884112,True,2.8172644197059826,0.6633979307110441,2.1538664889949386,5.634528839411965
0,10,1443891981,local_072,1.1264406989267994,-0.223240391649185,-1.481148929614375,-0.9515424828584117,0.5296064467559632,True,2.48734250550784,0.42831029146034966,2.05903221404749,4.97468501101568
0,10,1443891981,local_077,-2.081040686945717,-0.5564691827344194,3.4387797773024618,1.7237856723177456,1.7149941049847162,True,2.4583749371658232,0.3776894209661359,2.0806855161996873,4.9167498743316465
0,10,1443891981,local_080,-0.6659324516941341,-0.020071403745315682,1.3884928186035155,0.09417587755124861,1.2943169410522668,True,2.8034567757983018,1.2001363163314762,1.6033204594668258,5.6069135515966035
0,10,1443891981,local_082,-1.2012931476708681,-0.0501126281066171,1.2303015876183143,0.12041384679126282,1.1098877408270515,True,2.3423049780048473,0.814621175890534,1.527683802114313,4.6846099560096945
0,10,1443891981,local_084,1.1679639592263458,5.8921249747384365,1.2955399081796255,1.2612533242575124,0.034286583922113145,True,3.2312922633724908,0.6442028442404367,2.587089419132054,6.4625845267449815
0,10,1443891981,local_085,-0.5055954646049663,0.8783966215136226,1.8805812698958766,1.5659300077742042,0.3146512621216724,True,2.3877730345839288,0.586685512193779,1.8010875223901497,4.7755460691678575
0,10,1443891981,local_086,-0.5185858308727754,-0.2005063301888428,-1.1420851462190953,-0.09022734330602981,1.0518578029130654,True,2.332596264550238,0.756946173267287,1.5756500912829507,4.665192529100476
0,10,1443891981,local_087,-1.7032908164160323,-0.2017911341778647,-0.3145730268546387,0.39787062765048375,0.7124436545051225,True,1.824687877632274,0.5435311698551162,1.2811567077771577,3.649375755264548
0,10,1443891981,local_089,-1.225996736343755,-0.48676905411777177,1.5416776532259857,0.05068447091110162,1.490993182314884,True,2.835915485647269,0.8342502952687272,2.001665190378542,5.671830971294538
0,10,1443891981,local_090,-0.564803951377932,-0.09243354603543363,-0.004471062320401842,-0.11736413276919812,0.11289307044879628,True,1.7327685536110669,0.5475776662925526,1.1851908873185144,3.4655371072221337
0,10,1443891981,local_093,-2.177327765131337,-0.5513069535987809,0.8240073865594715,0.6581998205534404,0.16580756600603108,True,2.5090186998253694,0.5518845659370328,1.9571341338883366,5.018037399650739
0,10,1443891981,local_094,-0.16964130627183818,0.9132649099129715,1.51784085591634,2.7284513814630373,1.2106105255466972,True,3.1784683595633005,1.0743813942712557,2.104086965292045,6.356936719126601
0,10,1443891981,local_101,1.8305233435228436,-1.167104312310491,3.3243548706847355,2.6442067916867176,0.6801480789980179,True,2.916849544603538,0.6836760559748932,2.2331734886286445,5.833699089207075
0,10,1443891981,local_104,1.0458354553515201,-0.3360919135789393,3.653826071602956,3.4359571734358827,0.21786889816707333,True,2.9753231222587218,0.47629158924740644,2.499031533011315,5.9506462445174435
0,10,1443891981,local_110,-2.5350017144439247,-0.08821317424906,-0.9447126583523211,0.39504773695289747,1.3397603953052186,True,1.7971066100466873,0.5269930645742228,1.2701135454724646,3.5942132200933745
0,11,2237437866,local_000,-2.6687217177088325,-0.3313820190843231,0.9487077651250928,0.6693823294383645,0.2793254356867283,True,3.164231519774919,0.582501144904577,2.581730374870342,6.328463039549838
0,11,2237437866,local_002,3.2497920769421724,0.29443475884283377,0.22199857905345688,1.0564767326564164,0.8344781536029595,True,3.071454392379813,1.1232870395306997,1.9481673528491132,6.142908784759626
0,11,2237437866,local_004,0.7123925093361396,-0.7929560795628144,3.22451144482467,3.1400886287611,0.08442281606357005,True,2.2655812442883327,0.6018206682712546,1.663760576017078,4.5311624885766655
0,11,2237437866,local_005,-0.7524079162088602,-0.38968192252498,0.7343614374671263,0.5874141500010301,0.1469472874660962,True,2.6417997897240464,0.9475356525677903,1.6942641371562561,5.283599579448093
0,11,2237437866,local_006,1.1371008353109753,-1.4199982071033685,6.879289266540233,5.713394216355284,1.1658950501849494,True,3.0022343656871504,0.7068362892405331,2.295398076446617,6.004468731374301
0,11,2237437866,local_007,1.5608012769808957,-1.2002359527976414,3.4813968680245533,3.0475294276206943,0.43386744040385894,True,2.822722324783283,0.7021601034078366,2.1205622213754465,5.645444649566565
0,11,2237437866,local_021,0.11286537437837839,-0.27053990729743377,0.766750504069857,0.024460804298160114,0.7422896997716969,True,3.176043477341705,1.1189641071356726,2.0570793702060324,6.35208695468341
0,11,2237437866,local_026,-0.18051877989420922,-0.2841225698274764,3.3589079998016356,3.283183531405519,0.07572446839611668,True,2.721412533705424,0.83791187112981,1.8835006625756139,5.442825067410848
0,11,2237437866,local_031,0.18411157962703373,0.8377263345377207,1.2309529786759805,0.52652844443384,0.7044245342421406,True,2.589658795879713,0.9818378524414515,1.6078209434382613,5.179317591759426
0,11,2237437866,local_033,-0.5424368719445116,0.8959084823244202,2.6824910593668623,2.7086595068932855,0.026168447526423222,True,2.4554893302947596,0.4998197045139374,1.9556696257808224,4.910978660589519
0,11,2237437866,local_036,-2.0421420476106977,-0.09492193313614562,0.5736582618550501,0.7860735014395419,0.21241523958449182,True,2.027126180232332,0.5784708882599754,1.4486552919723568,4.054252360464664
0,11,2237437866,local_038,-0.28971736716460933,5.781242873063978,0.999887837146578,1.3332288422289567,0.3333410050823786,False,3.5254917223748485,0.8992112345389609,2.6262804878358876,7.050983444749697
0,11,2237437866,local_039,1.6717249290903744,0.11215877951332728,-1.122246264648438,-0.7895450128002037,0.3327012518482342,False,3.8460370918413456,1.0908939266698785,2.755143165171467,7.692074183682691
0,11,2237437866,local_041,-1.798392900964244,-0.464521117443664,-0.7189533198861513,0.10911698730349156,0.8280703071896429,True,2.716828979162266,0.550616814729726,2.16621216443254,5.433657958324532
0,11,2237437866,local_043,1.210095849090365,-0.009559285629922776,2.162841306612088,3.859953225109608,1.6971119184975199,True,3.1576195944866776,0.8376974772878477,2.31992211719883,6.315239188973355
0,11,2237437866,local_047,-2.268356790936038,-0.23723674738198064,-0.7585864227082997,0.09297277903418513,0.8515592017424848,True,1.9131937490852633,0.504071780065922,1.4091219690193413,3.8263874981705266
0,11,2237437866,local_059,-0.719554608619687,-0.19205772655531425,-0.41983662442111847,0.04408377918056876,0.46392040360168724,True,1.7058740461627475,0.5246877390659132,1.1811863070968345,3.411748092325495
0,11,2237437866,local_069,0.20342179077095635,-0.4679378688420322,1.1223452203876905,0.3835005944554545,0.738844625932236,True,2.688620176880964,0.6862897379277916,2.002330438953172,5.377240353761928
0,11,2237437866,local_071,0.14989191574478114,5.863523796772882,1.6104133850546454,1.502356436603743,0.10805694845090241,False,3.4642762306209782,0.867260186229334,2.597016044391644,6.9285524612419565
0,11,2237437866,local_074,-1.7515999553522472,0.13597084090370462,1.1800834039597277,0.20080586371521786,0.9792775402445097,True,2.338440258107605,0.7262830771692594,1.6121571809383453,4.67688051621521
0,11,2237437866,local_077,-2.081040686945717,-0.5564691827344194,3.4387797773024618,0.9519538879516138,2.4868258893508477,True,2.732234209338136,0.4517411406353562,2.2804930687027802,5.464468418676272
0,11,2237437866,local_078,0.4242161442736185,-0.7321754487660358,4.369789645512899,2.641486800989574,1.7283028445233253,True,2.5995184018162343,0.6208234162424393,1.9786949855737948,5.199036803632469
0,11,2237437866,local_079,-1.8328065818392545,-0.2700102607673158,0.24657180963046255,0.6254555909584594,0.3788837813279968,True,2.2972369982715524,0.5612838691217981,1.735953129149754,4.594473996543105
0,11,2237437866,local_087,-1.7032908164160323,-0.2017911341778647,-0.3145730268546387,0.5978398714431631,0.9124128982978018,True,1.8907065138225465,0.5650295405278242,1.3256769732947224,3.781413027645093
0,11,2237437866,local_093,-2.177327765131337,-0.5513069535987809,0.8240073865594715,0.6668997373975899,0.15710764916188158,True,2.688823719792072,0.5555328197130568,2.133290900079015,5.377647439584144
0,11,2237437866,local_095,0.5518387651792833,-0.197765499937733,-0.6319926675649787,-0.7220761028165466,0.09008343525156781,True,2.4956767351849045,0.41711841087114304,2.0785583243137613,4.991353470369809
0,11,2237437866,local_104,1.0458354553515201,-0.3360919135789393,3.653826071602956,4.383569527544846,0.7297434559418896,False,3.311136926903644,0.5072862956708026,2.8038506312328413,6.622273853807288
0,11,2237437866,local_110,-2.5350017144439247,-0.08821317424906,-0.9447126583523211,0.625794944438625,1.5705076027909461,True,2.3575205376610064,0.661186397979689,1.6963341396813172,4.715041075322013
0,12,2540866086,local_001,1.0555685058516724,5.821691499600044,1.725786379496256,1.4411697257335523,0.28461665376270373,False,3.4948515511444627,0.752886634638918,2.7419649165055446,6.989703102288925
0,12,2540866086,local_003,4.373068855030794,0.20074650244502454,1.5581075503338564,2.0518020352779245,0.4936944849440681,False,4.870036810540443,1.4998174316036408,3.3702193789368016,9.740073621080885
0,12,2540866086,local_006,1.1371008353109753,-1.4199982071033685,6.879289266540233,5.7298803570253884,1.149408909514845,True,3.115487983359196,0.700717438961425,2.414770544397771,6.230975966718393
0,12,2540866086,local_010,-1.448002228692716,-0.0840485524073864,0.4895771132022282,0.6952430513699334,0.20566593816770518,True,2.1106232287559905,0.5252319867453752,1.5853912420106153,4.221246457511981
0,12,2540866086,local_013,-1.3801894575152416,1.000555173078204,1.20465650201613,1.7427039652587912,0.5380474632426613,True,2.2114619640992057,0.6897005956076017,1.5217613684916038,4.422923928198411
0,12,2540866086,local_014,-0.9007942378325358,0.523496526540537,1.153590305484764,-0.13731616443545858,1.2909064699202226,True,3.2740618535503927,1.1031361797646608,2.1709256737857316,6.548123707100785
0,12,2540866086,local_016,1.258105134599882,-0.4736043644783636,4.984591654361349,3.9372517838379397,1.0473398705234094,False,3.536661351486606,0.47937037869829524,3.057290972788311,7.073322702973212
0,12,2540866086,local_021,0.11286537437837839,-0.27053990729743377,0.766750504069857,0.5336315319035927,0.23311897216626432,False,3.4736284129707657,1.1476280370472576,2.326000375923508,6.9472568259415315
0,12,2540866086,local_023,-0.038250131935015926,-0.24061894351625362,2.1357396777226367,2.0313583642914352,0.1043813134312015,True,2.7240246650516835,0.42903307350672915,2.2949915915449544,5.448049330103366
0,12,2540866086,local_025,-2.955827040953235,0.2416017270959956,-1.493498512759774,-0.166194664657867,1.327303848101907,False,3.3554630198255424,0.9831776264465415,2.372285393379001,6.710926039651085
0,12,2540866086,local_029,-2.3890129852474904,-0.29397447955787026,0.7981878952777652,0.9265541834951327,0.1283662882173675,True,2.062357243625047,0.735092170303508,1.3272650733215385,4.124714487250094
0,12,2540866086,local_031,0.18411157962703373,0.8377263345377207,1.2309529786759805,0.5264512866205625,0.704501692055418,True,2.588853122730886,0.981854533857772,1.6069985888731144,5.177706245461772
0,12,2540866086,local_032,-0.6500650411809074,-0.27715409744620856,0.6554998568021326,0.5468080233610627,0.10869183344106992,True,1.758766634659579,0.5096582622474894,1.2491083724120895,3.517533269319158
0,12,2540866086,local_036,-2.0421420476106977,-0.09492193313614562,0.5736582618550501,0.33005272446933465,0.24360553738571544,True,1.8232137644100495,0.4487734076879698,1.3744403567220798,3.646427528820099
0,12,2540866086,local_037,-0.9078244340747956,0.8588819294739267,1.3433813583374024,0.2674357405935786,1.0759456177438238,True,2.3976340871181416,0.6251055024753942,1.7725285846427474,4.795268174236283
0,12,2540866086,local_039,1.6717249290903744,0.11215877951332728,-1.122246264648438,-0.7895450128326623,0.3327012518157756,False,3.846037091796562,1.0908939266710087,2.755143165125553,7.692074183593123
0,12,2540866086,local_040,-2.303494734445533,-0.05511785118429728,1.2805820576985676,1.2461709515087107,0.03441110618985688,True,2.126728625462222,0.6435354896294988,1.483193135832723,4.253457250924444
0,12,2540866086,local_043,1.210095849090365,-0.009559285629922776,2.162841306612088,3.0209195214526736,0.8580782148405857,False,3.4834744632755936,0.5895427339795827,2.893931729296011,6.966948926551187
0,12,2540866086,local_045,0.4121763198396254,-0.23221723741969644,-1.380939162415344,-0.7925934183126164,0.5883457441027276,True,2.0411650782296986,0.5154439831137554,1.525721095115943,4.082330156459397
0,12,2540866086,local_047,-2.268356790936038,-0.23723674738198064,-0.7585864227082997,-0.24821898034332482,0.5103674423649749,True,1.7514264390824745,0.3723267495986604,1.3790996894838141,3.502852878164949
0,12,2540866086,local_048,0.9064989405371513,-0.5536564331283553,1.4627749467232762,2.889475799575175,1.4267008528518987,True,2.3206745021270954,0.6002230154702862,1.720451486656809,4.641349004254192
0,12,2540866086,local_059,-0.719554608619687,-0.19205772655531425,-0.41983662442111847,0.0516960176113566,0.4715326420324751,True,1.7540069749579947,0.5012173854502776,1.2527895895077172,3.5080139499159895
0,12,2540866086,local_066,-1.984198281909879,-0.7270582512433014,2.300409389285055,1.4782476638019044,0.8221617254831506,True,2.4202164973152125,0.41824223817415496,2.0019742591410576,4.840432994630425
0,12,2540866086,local_067,0.7381781696141017,-1.539545791200865,4.329723446600152,4.440510452599964,0.1107870059998124,False,3.340054139935765,0.6747680885023288,2.665286051433436,6.680108279871529
0,12,2540866086,local_075,1.4914246148630037,-0.541251399832422,5.2446770648925,4.157573025427328,1.0871040394651716,True,2.7934816568633276,0.7350520834578362,2.0584295734054914,5.586963313726654
0,12,2540866086,local_081,1.6393305439393169,-1.4781635232978165,3.3972131688044627,3.7849978497089527,0.38778468090449003,True,2.8646891178864697,0.6250376208655226,2.239651497020947,5.7293782357729395
0,12,2540866086,local_095,0.5518387651792833,-0.197765499937733,-0.6319926675649787,-0.7425460459291912,0.11055337836421242,True,2.4847370916955214,0.41422948643259017,2.0705076052629314,4.969474183391043
0,12,2540866086,local_098,1.34386354731387,-0.6672217875389314,4.573517989147881,2.538553021259708,2.0349649678881727,True,2.3239794281533346,0.4580157622828475,1.865963665870487,4.647958856306669
0,13,2171322865,local_000,-2.6687217177088325,-0.3313820190843231,0.9487077651250928,0.7101235304042719,0.2385842347208209,True,2.655944966319873,0.526798609862977,2.129146356456896,5.311889932639746
0,13,2171322865,local_001,1.0555685058516724,5.821691499600044,1.725786379496256,1.4410772249150843,0.28470915458117174,False,3.494687888466134,0.7528992703382595,2.7417886181278743,6.989375776932268
0,13,2171322865,local_003,4.373068855030794,0.20074650244502454,1.5581075503338564,2.0478588472484125,0.4897512969145561,False,4.868135271643322,1.5006619172710778,3.3674733543722444,9.736270543286643
0,13,2171322865,local_005,-0.7524079162088602,-0.38968192252498,0.7343614374671263,0.5874141663660346,0.14694727110109174,True,2.6417997807384532,0.9475356533872411,1.694264127351212,5.2835995614769065
0,13,2171322865,local_007,1.5608012769808957,-1.2002359527976414,3.4813968680245533,2.991776942676718,0.4896199253478355,True,2.819206212202031,0.698751723538403,2.120454488663628,5.638412424404061
0,13,2171322865,local_012,0.1925404293443072,-0.7261814797309618,1.4269447016473267,2.581846789108664,1.1549020874613372,False,3.5599926738206333,0.7692431629372174,2.790749510883416,7.119985347641267
0,13,2171322865,local_015,3.895434214215513,-0.6593435483587626,2.732424938964845,2.337021575351931,0.39540336361291395,False,3.392955518702884,1.4144125743013494,1.9785429444015348,6.785911037405768
0,13,2171322865,local_022,2.5289767772317915,-0.3525405293673251,2.3066353384254437,2.3417347479439696,0.03509940951852597,True,2.9399871231059866,0.7177723826871572,2.2222147404188295,5.879974246211974
0,13,2171322865,local_030,-1.6027807681826893,-0.7620646394364815,4.664717645328949,1.7090772939876309,2.955640351341318,True,3.0699435830853905,0.5093242871182485,2.560619295967142,6.139887166170781
0,13,2171322865,local_033,-0.5424368719445116,0.8959084823244202,2.6824910593668623,2.6955990265364607,0.013107967169598389,True,2.4402958634657423,0.5024928262848384,1.9378030371809039,4.880591726931485
0,13,2171322865,local_040,-2.303494734445533,-0.05511785118429728,1.2805820576985676,1.243160183257627,0.037421874440940694,True,2.125391307238501,0.6441163670992709,1.4812749401392298,4.250782614477002
0,13,2171322865,local_043,1.210095849090365,-0.009559285629922776,2.162841306612088,3.1195080589190227,0.9566667523069348,False,3.59473466690513,0.6081378222285179,2.9865968446766122,7.18946933381026
0,13,2171322865,local_045,0.4121763198396254,-0.23221723741969644,-1.380939162415344,-0.8267120572175735,0.5542271051977705,True,2.0609960997267196,0.5282646443960817,1.5327314553306381,4.121992199453439
0,13,2171322865,local_047,-2.268356790936038,-0.23723674738198064,-0.7585864227082997,-0.2558913980895007,0.502695024618799,True,1.6667950900587494,0.4112179492684542,1.2555771407902951,3.3335901801174987
0,13,2171322865,local_048,0.9064989405371513,-0.5536564331283553,1.4627749467232762,2.88684705897996,1.4240721122566837,True,2.3147062292995013,0.6009414681820178,1.7137647611174835,4.629412458599003
0,13,2171322865,local_055,1.6383809321440104,-1.0726060175695855,5.689955578486124,4.0215804238825585,1.6683751546035657,True,2.392239452657558,0.4537214665399731,1.9385179861175852,4.784478905315117
0,13,2171322865,local_059,-0.719554608619687,-0.19205772655531425,-0.41983662442111847,-0.11333387936027683,0.30650274506084163,True,1.8058637788639484,0.5707628096346472,1.2351009692293013,3.611727557727897
0,13,2171322865,local_064,0.9897807201449788,-0.17096028795406223,1.0780569239524018,-0.9288824656306583,2.00693938958306,True,2.297497723576786,0.5720586821030175,1.7254390414737684,4.594995447153572
0,13,2171322865,local_068,-1.7575747015191168,-0.20039173493656942,1.153900891534212,0.5468594097833881,0.6070414817508238,True,1.971225550519881,0.4463918626951582,1.5248336878247228,3.9424511010397616
0,13,2171322865,local_069,0.20342179077095635,-0.4679378688420322,1.1223452203876905,-0.19792613927787162,1.3202713596655622,True,2.5774510456069106,0.6917699596206363,1.8856810859862745,5.154902091213821
0,13,2171322865,local_072,1.1264406989267994,-0.223240391649185,-1.481148929614375,-0.9053215099881264,0.5758274196262485,True,2.2332334762108808,0.4678533636548352,1.7653801125560458,4.4664669524217615
0,13,2171322865,local_076,-1.293898297110151,-0.27765386800014663,2.421905947816138,-0.3458215461217116,2.76772749393785,True,1.5178370473573888,0.5264933873280286,0.9913436600293601,3.0356740947147776
0,13,2171322865,local_077,-2.081040686945717,-0.5564691827344194,3.4387797773024618,0.6529716793826685,2.7858080979197934,True,2.361372362022449,0.5045457389170362,1.856826623105413,4.722744724044898
0,13,2171322865,local_078,0.4242161442736185,-0.7321754487660358,4.369789645512899,3.062581837027864,1.307207808485035,True,2.9107196717899844,0.47410558327567065,2.4366140885143137,5.821439343579969
0,13,2171322865,local_082,-1.2012931476708681,-0.0501126281066171,1.2303015876183143,0.6947259925187839,0.5355755950995305,True,2.0748206314855793,0.5715031165497876,1.5033175149357918,4.1496412629711585
0,13,2171322865,local_084,1.1679639592263458,5.8921249747384365,1.2955399081796255,1.261979652589692,0.033560255589933474,True,3.2236125515251968,0.6444307657434645,2.5791817857817323,6.4472251030503935
0,13,2171322865,local_098,1.34386354731387,-0.6672217875389314,4.573517989147881,2.456706260987353,2.1168117281605277,True,2.661532943138804,0.42125853396281726,2.2402744091759867,5.3230658862776075
0,13,2171322865,local_103,0.1651033041200809,-0.3750748868098575,2.151451302490235,2.2357152474359845,0.08426394494574962,True,2.674530392610136,0.431255393415141,2.2432749991949947,5.3490607852202725
0,14,2048599845,local_004,0.7123925093361396,-0.7929560795628144,3.22451144482467,3.88206230785841,0.6575508630337401,True,2.7303985326887394,0.5338030868849349,2.1965954458038044,5.460797065377479
0,14,2048599845,local_008,1.98668403966542,-0.20733989514796386,-2.311528537700702,-0.7334751188917349,1.5780534188089672,False,3.5269289710463565,1.2943251234916389,2.2326038475547176,7.053857942092712
0,14,2048599845,local_017,0.8447455270304304,0.5804330004879303,4.12669131365913,2.0073267606826004,2.1193645529765295,True,2.8201256775760406,1.3054398652959085,1.5146858122801323,5.640251355152081
0,14,2048599845,local_018,3.4457542071455705,-0.6060611208389725,0.030611106676933453,2.3602475795470874,2.329636472870154,False,4.222857927322783,2.0159264696876114,2.2069314576351715,8.445715854645567
0,14,2048599845,local_026,-0.18051877989420922,-0.2841225698274764,3.3589079998016356,2.4506029071750186,0.908305092626617,True,2.825078387008928,1.0165474644478667,1.8085309225610613,5.650156774017857
0,14,2048599845,local_027,1.9615630284503007,-1.3563548592985808,6.076206580528844,6.156762890861285,0.08055631033244115,True,2.711436918869599,0.38522082306624017,2.326216095803359,5.422873837739198
0,14,2048599845,local_031,0.18411157962703373,0.8377263345377207,1.2309529786759805,0.526451287580858,0.7045016910951225,True,2.5888531239811283,0.9818545337904937,1.6069985901906347,5.177706247962257
0,14,2048599845,local_042,0.8715451765572353,-0.6345997284201466,2.659321951370733,2.4989203895767442,0.1604015617939889,True,2.4524532172006417,0.6535275460917064,1.7989256711089352,4.904906434401283
0,14,2048599845,local_043,1.210095849090365,-0.009559285629922776,2.162841306612088,3.6735396439442547,1.5106983373321667,True,3.0087292816290705,0.7991898379057703,2.2095394437233002,6.017458563258141
0,14,2048599845,local_047,-2.268356790936038,-0.23723674738198064,-0.7585864227082997,0.0877689825388788,0.8463554052471784,True,1.7123761621209672,0.4390891163861014,1.2732870457348657,3.4247523242419344
0,14,2048599845,local_051,-0.7587778380295319,-0.3365246425038785,-1.4815165072547063,-0.33465511105920026,1.146861396195506,True,2.472947816835674,0.5894144649556993,1.8835333518799748,4.945895633671348
0,14,2048599845,local_053,-1.6417611874050637,-0.07566986350920644,-1.1486642040449873,-0.03026922136904936,1.1183949826759378,True,2.4060215436756236,0.5978170645881956,1.8082044790874279,4.812043087351247
0,14,2048599845,local_055,1.6383809321440104,-1.0726060175695855,5.689955578486124,4.100177999500692,1.5897775789854318,True,2.5438937973472187,0.49699675225221096,2.0468970450950077,5.087787594694436
0,14,2048599845,local_057,0.9339695618223558,-0.6146023292114023,2.579870385869344,2.727298512704604,0.14742812683525974,True,2.8210071569482307,0.858747541376176,1.9622596155720546,5.642014313896461
0,14,2048599845,local_062,-0.6145241317077517,-0.8010966474961415,1.2106035189410012,0.7593591120788549,0.4512444068621463,True,2.8058719205829625,0.5632042403088875,2.2426676802740753,5.611743841165925
0,14,2048599845,local_066,-1.984198281909879,-0.7270582512433014,2.300409389285055,1.4811769088591866,0.8192324804258684,True,2.4232119211892584,0.41786266636162595,2.0053492548276326,4.846423842378517
0,14,2048599845,local_075,1.4914246148630037,-0.541251399832422,5.2446770648925,4.659927244847481,0.584749820045019,True,2.716486217714087,0.6139443055400474,2.1025419121740394,5.432972435428173
0,14,2048599845,local_086,-0.5185858308727754,-0.2005063301888428,-1.1420851462190953,0.31975255881588815,1.4618377050349833,True,2.1029029136844293,0.6562651775067211,1.446637736177708,4.2058058273688586
0,14,2048599845,local_088,1.7561590985223667,-0.1731114805702994,2.8589108825256133,1.7853052431151792,1.073605639410434,True,3.2302777084397274,1.0931355630925317,2.1371421453471955,6.460555416879455
0,14,2048599845,local_089,-1.225996736343755,-0.48676905411777177,1.5416776532259857,0.6435676389646072,0.8981100142613785,True,2.574483364403509,0.7423342162601516,1.8321491481433576,5.148966728807018
0,14,2048599845,local_095,0.5518387651792833,-0.197765499937733,-0.6319926675649787,-0.7601408404907672,0.1281481729257885,True,2.1653695935289203,0.4572837562345696,1.7080858372943506,4.330739187057841
0,14,2048599845,local_096,-0.969563804472342,0.9185705315751015,3.861732006597601,1.9474898716047748,1.9142421349928262,True,2.033715418409168,0.38840863750975313,1.6453067808994148,4.067430836818336
0,14,2048599845,local_097,2.0222156176579307,-0.2873212748900855,-0.5363148702646239,0.006265717030951967,0.5425805872955758,False,4.510979126185632,1.4957830434938026,3.015196082691829,9.021958252371263
0,14,2048599845,local_098,1.34386354731387,-0.6672217875389314,4.573517989147881,2.8053578984984484,1.7681600906494324,True,2.6837825522825027,0.5700437936315875,2.113738758650915,5.3675651045650055
0,14,2048599845,local_103,0.1651033041200809,-0.3750748868098575,2.151451302490235,1.9698524514538036,0.18159885103643125,True,2.50363671414729,0.3389931593702527,2.164643554777037,5.00727342829458
0,14,2048599845,local_104,1.0458354553515201,-0.3360919135789393,3.653826071602956,4.510363383791345,0.8565373121883892,False,3.320791340282489,0.4966895198015322,2.8241018204809567,6.641582680564978
0,14,2048599845,local_110,-2.5350017144439247,-0.08821317424906,-0.9447126583523211,0.520964654900797,1.465677313253118,True,1.8471926947530763,0.5369290526254962,1.3102636421275802,3.6943853895061527
0,14,2048599845,local_111,0.391438721884527,-0.5187723499295654,3.890250156784058,2.4534449830551615,1.4368051737288967,True,2.4269923017589177,0.7141972146842174,1.7127950870747004,4.853984603517835
0,15,1217571489,local_002,3.2497920769421724,0.29443475884283377,0.22199857905345688,1.7267324490408604,1.5047338699874035,True,3.28218716083986,1.3425565563612631,1.939630604478597,6.56437432167972
0,15,1217571489,local_007,1.5608012769808957,-1.2002359527976414,3.4813968680245533,2.955050421030363,0.5263464469941903,False,3.589336950744256,0.8184205661473947,2.7709163845968616,7.178673901488512
0,15,1217571489,local_011,1.4097025193829202,-1.0037363140595954,3.1613948953701905,5.447569739727306,2.2861748443571153,True,2.959255952172203,0.7010265216303442,2.2582294305418587,5.918511904344407
0,15,1217571489,local_014,-0.9007942378325358,0.523496526540537,1.153590305484764,0.3180745206818965,0.8355157848028676,True,2.9618448170790215,1.1518994408517536,1.8099453762272677,5.923689634158043
0,15,1217571489,local_019,2.9364700958382253,0.6624286491104329,-0.01264156401752281,1.028559939571917,1.0412015035894397,False,3.839784644372428,1.645992914887308,2.19379172948512,7.679569288744856
0,15,1217571489,local_021,0.11286537437837839,-0.27053990729743377,0.766750504069857,0.3557437490103787,0.4110067550594783,True,3.1098888827277964,0.9730008152912699,2.1368880674365265,6.219777765455593
0,15,1217571489,local_031,0.18411157962703373,0.8377263345377207,1.2309529786759805,0.7758124379672501,0.45514054070873045,True,2.4837392909641793,0.9475935274409765,1.536145763523203,4.967478581928359
0,15,1217571489,local_032,-0.6500650411809074,-0.27715409744620856,0.6554998568021326,0.32341575785963395,0.3320840989424987,True,1.7571145870167668,0.5175457611072405,1.2395688259095263,3.5142291740335336
0,15,1217571489,local_035,0.30157384123670355,-0.49554903991391147,3.174158549672741,2.8970364254014416,0.27712212427129934,True,2.24596675049656,0.6069472097287127,1.6390195407678474,4.49193350099312
0,15,1217571489,local_037,-0.9078244340747956,0.8588819294739267,1.3433813583374024,0.27071073142052215,1.0726706269168802,True,2.4182431010009964,0.583071768002743,1.8351713329982533,4.836486202001993
0,15,1217571489,local_040,-2.303494734445533,-0.05511785118429728,1.2805820576985676,0.7715682312580455,0.5090138264405221,True,2.28191414608291,0.7440687171821323,1.537845428900778,4.56382829216582
0,15,1217571489,local_045,0.4121763198396254,-0.23221723741969644,-1.380939162415344,-0.7151954051235291,0.6657437572918149,True,2.2023849259920336,0.5789601958159004,1.6234247301761333,4.404769851984067
0,15,1217571489,local_046,-0.8271523445342699,-0.8291581260132956,1.0081273739306953,0.7034844905934214,0.30464288333727385,False,3.993764567111196,0.7679030133854072,3.2258615537257884,7.987529134222392
0,15,1217571489,local_052,-0.023531183145550187,5.998584528116516,1.2522175806439106,1.0004573751230534,0.2517602055208572,False,4.762773092975969,0.8207952558141512,3.941977837161818,9.525546185951939
0,15,1217571489,local_059,-0.719554608619687,-0.19205772655531425,-0.41983662442111847,0.03649920240481237,0.4563358268259308,True,1.7279505981400276,0.538147099873734,1.1898034982662935,3.455901196280055
0,15,1217571489,local_065,-1.6848416489281408,-0.4725726632186117,1.9529419112666955,0.6392987399932835,1.313643171273412,True,1.7057292463186964,0.41566942516827643,1.29005982115042,3.4114584926373928
0,15,1217571489,local_074,-1.7515999553522472,0.13597084090370462,1.1800834039597277,0.007208925308797409,1.1728744786509302,True,2.5272921271491704,0.8120391819716208,1.7152529451775493,5.054584254298341
0,15,1217571489,local_079,-1.8328065818392545,-0.2700102607673158,0.24657180963046255,0.5070424538277445,0.26047064419728194,True,2.0552051964122984,0.45811203001162143,1.597093166400677,4.110410392824597
0,15,1217571489,local_081,1.6393305439393169,-1.4781635232978165,3.3972131688044627,3.5386959594689875,0.14148279066452485,True,3.1368191454542003,0.7291780863537172,2.407641059100483,6.2736382909084
0,15,1217571489,local_087,-1.7032908164160323,-0.2017911341778647,-0.3145730268546387,0.16098025800114812,0.47555328485578685,True,1.8234658125907095,0.5506306866418293,1.2728351259488802,3.646931625181419
0,15,1217571489,local_088,1.7561590985223667,-0.1731114805702994,2.8589108825256133,2.0923240743222196,0.7665868082033938,False,3.3126748698885735,1.0636987542582759,2.2489761156302976,6.625349739777147
0,15,1217571489,local_090,-0.564803951377932,-0.09243354603543363,-0.004471062320401842,0.2429328780901278,0.24740394041052965,True,1.494081102098831,0.49205766311447086,1.00202343898436,2.988162204197662
0,15,1217571489,local_096,-0.969563804472342,0.9185705315751015,3.861732006597601,1.9598605413888417,1.9018714652087594,True,2.0379639077168177,0.3896754114516136,1.648288496265204,4.075927815433635
0,15,1217571489,local_097,2.0222156176579307,-0.2873212748900855,-0.5363148702646239,-1.9295654756174967,1.3932506053528728,False,3.84302589331333,0.6032626813857582,3.239763211927572,7.68605178662666
0,15,1217571489,local_100,-1.5767446882047362,-0.7003605127292428,-1.7801574299070566,0.8025580377383063,2.5827154676453628,True,2.357308393171074,0.4472636772596458,1.9100447159114282,4.714616786342148
0,15,1217571489,local_101,1.8305233435228436,-1.167104312310491,3.3243548706847355,2.6157806802367474,0.7085741904479881,False,3.4690342719708727,0.7364781308048562,2.7325561411660164,6.938068543941745
0,15,1217571489,local_104,1.0458354553515201,-0.3360919135789393,3.653826071602956,3.919278651251807,0.26545257964885094,True,2.5993343813420506,0.3868201919817001,2.2125141893603506,5.198668762684101
0,15,1217571489,local_111,0.391438721884527,-0.5187723499295654,3.890250156784058,2.7806979655505795,1.1095521912334787,True,2.208523802842657,0.3014851209885117,1.9070386818541452,4.417047605685314
0,16,4199169899,local_000,-2.6687217177088325,-0.3313820190843231,0.9487077651250928,1.0210489912959453,0.07234122617085248,True,2.6575943030072784,0.5262892530277193,2.131305049979559,5.315188606014557
0,16,4199169899,local_002,3.2497920769421724,0.29443475884283377,0.22199857905345688,1.7266410588944598,1.504642479841003,True,3.2822427831376446,1.342558014185288,1.9396847689523569,6.564485566275289
0,16,4199169899,local_009,0.25583466746046163,1.0164698255997393,0.2851447825113933,1.6598175757467797,1.3746727932353864,True,3.2009456069875424,0.6467779160405768,2.5541676909469655,6.401891213975085
0,16,4199169899,local_011,1.4097025193829202,-1.0037363140595954,3.1613948953701905,5.424697603067494,2.2633027076973034,True,2.948812686170576,0.7020165500936684,2.2467961360769078,5.897625372341151
0,16,4199169899,local_019,2.9364700958382253,0.6624286491104329,-0.01264156401752281,1.3097937637379313,1.3224353277554541,False,3.878534146158573,1.6479089078192066,2.2306252383393663,7.757068292317146
0,16,4199169899,local_021,0.11286537437837839,-0.27053990729743377,0.766750504069857,-0.20031539131171197,0.967065895381569,False,3.570185461370472,1.176262442400074,2.3939230189703977,7.140370922740944
0,16,4199169899,local_024,-0.09116417831474274,-0.2917064245809222,0.6244122394659586,0.3150973829740932,0.3093148564918654,True,2.456087169798413,0.7665245712991822,1.6895625984992308,4.912174339596826
0,16,4199169899,local_025,-2.955827040953235,0.2416017270959956,-1.493498512759774,-0.17046649561094182,1.3230320171488321,False,3.3375056940872345,0.9846025158706442,2.3529031782165903,6.675011388174469
0,16,4199169899,local_037,-0.9078244340747956,0.8588819294739267,1.3433813583374024,1.336852204100501,0.006529154236901258,True,2.2161950794526764,0.6490685520063986,1.567126527446278,4.432390158905353
0,16,4199169899,local_039,1.6717249290903744,0.11215877951332728,-1.122246264648438,-0.7997226917083333,0.3225235729401046,False,3.833026290454741,1.0913350135959727,2.7416912768587682,7.666052580909481
0,16,4199169899,local_044,3.5146718675810993,0.058255648824165986,2.4753185280143444,1.875361314665369,0.5999572133489754,True,3.1893658007324674,0.7491193465938437,2.4402464541386237,6.378731601464935
0,16,4199169899,local_048,0.9064989405371513,-0.5536564331283553,1.4627749467232762,2.885811053012234,1.4230361062889578,True,2.312372601340652,0.6012229772967592,1.7111496240438926,4.624745202681304
0,16,4199169899,local_049,0.6287277097023648,-0.4641050633042861,0.40147541748046756,-0.6178734823971294,1.0193488998775968,False,3.6731559399093223,0.7121925515307486,2.9609633883785738,7.346311879818645
0,16,4199169899,local_052,-0.023531183145550187,5.998584528116516,1.2522175806439106,0.9999551928331787,0.25226238781073196,False,4.758787305388637,0.8101068943423657,3.9486804110462708,9.517574610777274
0,16,4199169899,local_061,-0.8773584744031749,0.9457095134242471,0.5634527334314603,1.3379416368216515,0.7744889033901912,True,2.5119056057644995,0.8913121462616591,1.6205934595028402,5.023811211528999
0,16,4199169899,local_066,-1.984198281909879,-0.7270582512433014,2.300409389285055,1.6612172071076394,0.6391921821774156,True,2.577420907021311,0.4072014304464707,2.1702194765748404,5.154841814042622
0,16,4199169899,local_067,0.7381781696141017,-1.539545791200865,4.329723446600152,4.383333335755495,0.05360988915534293,True,3.236055955028181,0.6777406012760946,2.558315353752086,6.472111910056363
0,16,4199169899,local_068,-1.7575747015191168,-0.20039173493656942,1.153900891534212,0.8274487573568521,0.32645213417735985,True,1.6596940324965965,0.3991465061710545,1.2605475263255421,3.319388064993193
0,16,4199169899,local_069,0.20342179077095635,-0.4679378688420322,1.1223452203876905,0.1398946216971358,0.9824505986905547,True,2.6684427003688986,0.7024450432467316,1.9659976571221671,5.336885400737797
0,16,4199169899,local_075,1.4914246148630037,-0.541251399832422,5.2446770648925,4.659927244896277,0.5847498199962224,True,2.716486216899784,0.6139443054844418,2.1025419114153423,5.432972433799568
0,16,4199169899,local_079,-1.8328065818392545,-0.2700102607673158,0.24657180963046255,0.581102899543712,0.3345310899132494,True,2.021125655274667,0.49401649701273426,1.5271091582619327,4.042251310549334
0,16,4199169899,local_086,-0.5185858308727754,-0.2005063301888428,-1.1420851462190953,0.27587959241297455,1.4179647386320697,True,2.172689015167733,0.6757173027122297,1.4969717124555033,4.345378030335466
0,16,4199169899,local_095,0.5518387651792833,-0.197765499937733,-0.6319926675649787,-0.8404525312220049,0.20845986365702618,True,2.9291001114289794,0.5072279605802906,2.4218721508486887,5.858200222857959
0,16,4199169899,local_102,-1.4997920610953346,-0.7446341657666257,-0.08665273386637384,0.09265221995105968,0.17930495381743353,True,3.019752801594614,0.6300660647233438,2.38968673687127,6.039505603189228
0,16,4199169899,local_104,1.0458354553515201,-0.3360919135789393,3.653826071602956,3.8580915447470847,0.20426547314412868,True,2.759962189298995,0.36549060835570285,2.394471580943292,5.51992437859799
0,16,4199169899,local_105,-1.2512087995314978,-0.7427184341516534,2.4518820236124466,1.5779036518022704,0.8739783718101761,True,2.9175595560461325,0.48298022012365954,2.4345793359224728,5.835119112092265
0,16,4199169899,local_107,-0.5590376450883418,-0.3237305325415634,-1.117637334187826,0.6283031612127005,1.7459404954005264,True,2.041861121902149,0.47198369126867457,1.5698774306334746,4.083722243804298
0,16,4199169899,local_108,0.9604770654395144,-1.5469973742509093,6.578980262744062,5.91089169299089,0.6680885697531718,True,2.690981476130604,0.4055474890435209,2.285433987087083,5.381962952261207
0,17,4157065068,local_001,1.0555685058516724,5.821691499600044,1.725786379496256,1.4412220827942361,0.2845642967020199,False,3.494944640027227,0.7528796144206895,2.7420650256065375,6.989889280054454
0,17,4157065068,local_002,3.2497920769421724,0.29443475884283377,0.22199857905345688,1.7266419123624188,1.504643333308962,True,3.2822423524161213,1.3425578677524315,1.9396844846636898,6.564484704832243
0,17,4157065068,local_005,-0.7524079162088602,-0.38968192252498,0.7343614374671263,1.3239887200824634,0.589627282615337,True,3.0793315514490627,0.9923815029137745,2.086950048535288,6.158663102898125
0,17,4157065068,local_008,1.98668403966542,-0.20733989514796386,-2.311528537700702,-0.8075479323705086,1.5039806053301936,False,5.122619020787247,0.5660244791637201,4.556594541623527,10.245238041574494
0,17,4157065068,local_009,0.25583466746046163,1.0164698255997393,0.2851447825113933,1.4787873798158548,1.1936425973044615,False,3.407442069242642,0.6453550219624528,2.7620870472801893,6.814884138485285
0,17,4157065068,local_011,1.4097025193829202,-1.0037363140595954,3.1613948953701905,5.232888742743678,2.0714938473734876,False,3.5095825113504855,0.69767488588446,2.8119076254660254,7.01916502270097
0,17,4157065068,local_014,-0.9007942378325358,0.523496526540537,1.153590305484764,0.461577573191874,0.6920127322928901,True,3.092682128545203,1.1696143284588172,1.9230678000863857,6.185364257090406
0,17,4157065068,local_017,0.8447455270304304,0.5804330004879303,4.12669131365913,2.072017749440855,2.054673564218275,True,2.86121126501807,1.309880038228551,1.5513312267895192,5.722422530036141
0,17,4157065068,local_019,2.9364700958382253,0.6624286491104329,-0.01264156401752281,1.308938940996485,1.3215805050140077,False,3.880492633023811,1.6478573722473517,2.2326352607764592,7.760985266047622
0,17,4157065068,local_022,2.5289767772317915,-0.3525405293673251,2.3066353384254437,2.3019758359500986,0.004659502475345079,True,2.909203529339919,0.7097273235419854,2.1994762057979336,5.818407058679838
0,17,4157065068,local_025,-2.955827040953235,0.2416017270959956,-1.493498512759774,-0.16980654663667927,1.3236919661230946,False,3.340206462106451,0.9843730847288175,2.3558333773776337,6.680412924212902
0,17,4157065068,local_029,-2.3890129852474904,-0.29397447955787026,0.7981878952777652,1.1979197771054886,0.39973188182772335,True,2.015956415934518,0.7549922315276524,1.2609641844068655,4.031912831869036
0,17,4157065068,local_030,-1.6027807681826893,-0.7620646394364815,4.664717645328949,2.3558890260369476,2.3088286192920013,True,3.256881204336356,0.4652525919898592,2.791628612346497,6.513762408672712
0,17,4157065068,local_037,-0.9078244340747956,0.8588819294739267,1.3433813583374024,0.635938248385884,0.7074431099515184,True,2.3680782603515316,0.6628677855829234,1.7052104747686083,4.736156520703063
0,17,4157065068,local_039,1.6717249290903744,0.11215877951332728,-1.122246264648438,-0.39715898257940196,0.7250872820690359,False,4.093257319732409,1.116385598686322,2.976871721046087,8.186514639464818
0,17,4157065068,local_046,-0.8271523445342699,-0.8291581260132956,1.0081273739306953,0.266256262593796,0.7418711113368993,False,4.0430615569655375,0.7579341286995332,3.2851274282660046,8.086123113931075
0,17,4157065068,local_051,-0.7587778380295319,-0.3365246425038785,-1.4815165072547063,-0.13244299335810103,1.3490735138966052,True,2.2439700631520663,0.5390074155022381,1.7049626476498283,4.4879401263041325
0,17,4157065068,local_067,0.7381781696141017,-1.539545791200865,4.329723446600152,4.4604400439297756,0.1307165973296236,False,3.3676179950998533,0.6805251229542439,2.6870928721456093,6.7352359901997065
0,17,4157065068,local_069,0.20342179077095635,-0.4679378688420322,1.1223452203876905,0.4953182235285924,0.627026996859098,True,3.2980259692321443,0.6565387706340773,2.641487198598067,6.596051938464289
0,17,4157065068,local_073,1.7612502746702892,-1.364461686143103,6.216447191482935,5.53507720714911,0.6813699843338252,True,2.6616436649689406,0.5439077113262863,2.1177359536426543,5.32328732993788
0,17,4157065068,local_075,1.4914246148630037,-0.541251399832422,5.2446770648925,4.660835494816393,0.5838415700761068,True,2.7185805885552705,0.6137147287634864,2.104865859791784,5.437161177110541
0,17,4157065068,local_081,1.6393305439393169,-1.4781635232978165,3.3972131688044627,3.7867808682507618,0.3895676994462991,True,2.870738511779882,0.6254170673523871,2.245321444427495,5.741477023559764
0,17,4157065068,local_082,-1.2012931476708681,-0.0501126281066171,1.2303015876183143,0.9008775191221327,0.32942406849618167,True,1.8941962534414398,0.5584456059493744,1.3357506474920653,3.7883925068828797
0,17,4157065068,local_088,1.7561590985223667,-0.1731114805702994,2.8589108825256133,2.2394770937833273,0.619433788742286,True,3.2354412427702055,1.070499442924555,2.1649417998456504,6.470882485540411
0,17,4157065068,local_092,-0.7421234022779064,-0.7123199860947216,-0.8974462428457253,1.295948205042344,2.1933944478880694,False,3.531122229633682,0.5073072480569492,3.023814981576733,7.062244459267363
0,17,4157065068,local_098,1.34386354731387,-0.6672217875389314,4.573517989147881,2.461436968651081,2.1120810204967997,True,2.652682130519708,0.4205650132628829,2.232117117256825,5.305364261039417
0,17,4157065068,local_099,-2.7991976070301092,-0.03771030219619101,0.9317134751092819,-0.4343842408348953,1.3660977159441772,True,1.7231162450644428,0.3635103803979958,1.359605864666447,3.446232490128886
0,17,4157065068,local_107,-0.5590376450883418,-0.3237305325415634,-1.117637334187826,0.7257258717070121,1.8433632058948382,True,1.5437916699946654,0.3017957424827426,1.2419959275119228,3.0875833399893313
0,18,4094627426,local_004,0.7123925093361396,-0.7929560795628144,3.22451144482467,3.760580234100616,0.5360687892759457,True,2.4449349412629546,0.44014616242482474,2.00478877883813,4.889869882525909
0,18,4094627426,local_006,1.1371008353109753,-1.4199982071033685,6.879289266540233,5.700036909699956,1.1792523568402773,True,3.0989090853753614,0.7130090780765412,2.38590000729882,6.197818170750724
0,18,4094627426,local_007,1.5608012769808957,-1.2002359527976414,3.4813968680245533,3.1864948864735725,0.2949019815509808,True,2.8121412611985965,0.6633251982942355,2.148816062904361,5.624282522397193
0,18,4094627426,local_008,1.98668403966542,-0.20733989514796386,-2.311528537700702,-0.7942495439307663,1.5172789937699358,False,4.861307878579044,0.5749914475991633,4.2863164309798805,9.722615757158088
0,18,4094627426,local_009,0.25583466746046163,1.0164698255997393,0.2851447825113933,1.8293855115594462,1.5442407290480529,True,2.9162092597842566,0.9846265130650551,1.9315827467192015,5.832418519568513
0,18,4094627426,local_010,-1.448002228692716,-0.0840485524073864,0.4895771132022282,0.6158572571318054,0.1262801439295772,True,2.1046837502287863,0.5403323563674729,1.5643513938613132,4.209367500457573
0,18,4094627426,local_012,0.1925404293443072,-0.7261814797309618,1.4269447016473267,2.8146353487384514,1.3876906470911248,True,3.0614676531034393,0.6904628014666528,2.3710048516367865,6.1229353062068785
0,18,4094627426,local_013,-1.3801894575152416,1.000555173078204,1.20465650201613,1.9065529078440413,0.7018964058279114,True,2.2923317534731855,0.6604793945715438,1.6318523589016416,4.58466350694637
0,18,4094627426,local_015,3.895434214215513,-0.6593435483587626,2.732424938964845,2.977263493676538,0.24483855471169313,False,3.4021479915878796,1.4260070788799781,1.9761409127079015,6.804295983175759
0,18,4094627426,local_018,3.4457542071455705,-0.6060611208389725,0.030611106676933453,0.31099701986791517,0.2803859131909817,False,5.500228569862421,1.6099904213382858,3.8902381485241353,11.000457139724842
0,18,4094627426,local_023,-0.038250131935015926,-0.24061894351625362,2.1357396777226367,2.031174818708299,0.10456485901433776,True,2.723612183800764,0.429237182258735,2.2943750015420292,5.447224367601528
0,18,4094627426,local_026,-0.18051877989420922,-0.2841225698274764,3.3589079998016356,3.314321009312908,0.04458699048872772,True,2.7416861529429934,0.8097112305072864,1.931974922435707,5.483372305885987
0,18,4094627426,local_027,1.9615630284503007,-1.3563548592985808,6.076206580528844,6.1378533849212715,0.06164680439242787,True,2.8279419095090024,0.3756990745668125,2.45224283494219,5.655883819018005
0,18,4094627426,local_031,0.18411157962703373,0.8377263345377207,1.2309529786759805,0.9207917060383402,0.3101612726376404,True,2.7852547706016098,1.0163321042089204,1.7689226663926894,5.5705095412032195
0,18,4094627426,local_032,-0.6500650411809074,-0.27715409744620856,0.6554998568021326,0.47381376991766505,0.18168608688446758,True,1.8008589943933773,0.5168439181782135,1.2840150762151636,3.6017179887867545
0,18,4094627426,local_034,0.6417728838529045,-1.7044975811549088,5.389327648608717,5.159926506052297,0.2294011425564193,False,3.3810945457229242,0.6479284322610118,2.7331661134619125,6.762189091445848
0,18,4094627426,local_038,-0.28971736716460933,5.781242873063978,0.999887837146578,1.381025121441649,0.3811372842950709,False,3.3466598467940356,0.6926432235952549,2.6540166231987805,6.693319693588071
0,18,4094627426,local_041,-1.798392900964244,-0.464521117443664,-0.7189533198861513,0.08635470981584487,0.8053080297019961,True,2.8559656933078426,0.5865514295308332,2.2694142637770094,5.711931386615685
0,18,4094627426,local_044,3.5146718675810993,0.058255648824165986,2.4753185280143444,1.8479237480010078,0.6273947800133366,True,3.1660728176524446,0.7447633099047173,2.4213095077477274,6.332145635304889
0,18,4094627426,local_045,0.4121763198396254,-0.23221723741969644,-1.380939162415344,-0.37083551357067895,1.010103648844665,True,2.747551575243505,0.5390747480514823,2.2084768271920225,5.49510315048701
0,18,4094627426,local_055,1.6383809321440104,-1.0726060175695855,5.689955578486124,4.078976648840537,1.6109789296455874,True,2.480645031446183,0.4547123440899302,2.025932687356253,4.961290062892365
0,18,4094627426,local_056,-3.694210086577135,0.5168510020409929,0.36404961917274914,1.4369162426781612,1.072866623505412,False,4.000782854009816,1.7410942370406979,2.2596886169691177,8.001565708019632
0,18,4094627426,local_063,-2.6670541407552095,-0.12277580798098542,-1.3297262114025306,-0.11532526327036517,1.2144009481321654,True,1.8026758889858354,0.36562656027176504,1.4370493287140704,3.605351777971671
0,18,4094627426,local_088,1.7561590985223667,-0.1731114805702994,2.8589108825256133,2.240233891312906,0.6186769912127073,False,3.34659173635508,1.0756456581879315,2.2709460781671487,6.69318347271016
0,18,4094627426,local_094,-0.16964130627183818,0.9132649099129715,1.51784085591634,2.0945365591170586,0.5766957032007185,True,3.1089320587928935,0.8928828005814801,2.2160492582114135,6.217864117585787
0,18,4094627426,local_098,1.34386354731387,-0.6672217875389314,4.573517989147881,2.5007349223547335,2.0727830667931473,True,2.379971811059721,0.48089008827109503,1.899081722788626,4.759943622119442
0,18,4094627426,local_104,1.0458354553515201,-0.3360919135789393,3.653826071602956,3.802008271977224,0.1481822003742681,True,2.7905454661232145,0.38474352513977295,2.4058019409834417,5.581090932246429
0,18,4094627426,local_105,-1.2512087995314978,-0.7427184341516534,2.4518820236124466,2.3916669890636006,0.060215034548845914,False,3.973316203918815,0.5646655872403924,3.4086506166784223,7.94663240783763
0,19,2419910733,local_006,1.1371008353109753,-1.4199982071033685,6.879289266540233,4.833394433233581,2.0458948333066527,False,3.550002490016933,1.1219444079134804,2.4280580821034525,7.100004980033866
0,19,2419910733,local_007,1.5608012769808957,-1.2002359527976414,3.4813968680245533,3.291733403261086,0.18966346476346718,True,3.1844588190016556,0.7127143780031568,2.4717444409984988,6.368917638003311
0,19,2419910733,local_014,-0.9007942378325358,0.523496526540537,1.153590305484764,0.26440696107660616,0.8891833444081578,True,2.8889779753026796,1.149732181994542,1.7392457933081376,5.777955950605359
0,19,2419910733,local_018,3.4457542071455705,-0.6060611208389725,0.030611106676933453,0.21941318496670914,0.1888020782897757,False,3.7446893427328494,1.626243562015883,2.118445780716966,7.489378685465699
0,19,2419910733,local_019,2.9364700958382253,0.6624286491104329,-0.01264156401752281,-0.0034325976090375243,0.009208966408485286,False,3.4831998784036013,1.5038593643056384,1.9793405140979632,6.966399756807203
0,19,2419910733,local_021,0.11286537437837839,-0.27053990729743377,0.766750504069857,0.35343165621767203,0.413318847852185,True,3.191031872410664,0.9826674384037255,2.2083644340069384,6.382063744821328
0,19,2419910733,local_028,2.366668426751495,-0.1276485658129692,1.6739008553116417,4.137633056441048,2.4637322011294067,False,3.3218713053330995,1.1145822435195938,2.2072890618135057,6.643742610666198
0,19,2419910733,local_031,0.18411157962703373,0.8377263345377207,1.2309529786759805,0.5165176321937742,0.7144353464822063,True,2.386460859241395,1.0421400866818467,1.3443207725595485,4.77292171848279
0,19,2419910733,local_033,-0.5424368719445116,0.8959084823244202,2.6824910593668623,2.7086789632564754,0.026187903889613118,True,2.7212294599129003,0.5520948821801376,2.1691345777327626,5.4424589198258015
0,19,2419910733,local_035,0.30157384123670355,-0.49554903991391147,3.174158549672741,3.100712110083034,0.07344643958970698,True,2.423161471909525,0.6771147927213079,1.7460466791882172,4.84632294381905
0,19,2419910733,local_038,-0.28971736716460933,5.781242873063978,0.999887837146578,1.3933779963061736,0.3934901591595956,True,3.2510739878536734,0.6919389319438983,2.559135055909775,6.502147975707347
0,19,2419910733,local_046,-0.8271523445342699,-0.8291581260132956,1.0081273739306953,0.5744410676349109,0.4336863062957844,False,4.083418829058481,0.7469394098899967,3.3364794191684846,8.166837658116963
0,19,2419910733,local_050,1.760674782698319,5.476924146492508,1.2550455169936798,1.246639510641168,0.008406006352511763,False,3.4529996194881267,1.0805373166020973,2.3724623028860297,6.9059992389762535
0,19,2419910733,local_054,1.1428365987285232,-1.4209607812896992,6.346695914633365,5.063253420195087,1.2834424944382778,True,3.161512654314862,0.9910551055379335,2.170457548776928,6.323025308629724
0,19,2419910733,local_059,-0.719554608619687,-0.19205772655531425,-0.41983662442111847,-0.09374939636860388,0.32608722805251456,True,1.839307742648319,0.4944960574165359,1.344811685231783,3.678615485296638
0,19,2419910733,local_075,1.4914246148630037,-0.541251399832422,5.2446770648925,4.647142232102107,0.5975348327903927,True,3.2518475827286624,0.6725713991675207,2.5792761835611415,6.503695165457325
0,19,2419910733,local_081,1.6393305439393169,-1.4781635232978165,3.3972131688044627,4.003185191601962,0.6059720227974994,True,3.2680692791075656,0.5986463169082651,2.6694229621993006,6.53613855821513
0,19,2419910733,local_085,-0.5055954646049663,0.8783966215136226,1.8805812698958766,1.0469121160164274,0.8336691538794492,True,2.0765230881078742,0.582673706419507,1.4938493816883673,4.1530461762157485
0,19,2419910733,local_086,-0.5185858308727754,-0.2005063301888428,-1.1420851462190953,0.3668521943672325,1.5089373405863278,True,1.9270000002625824,0.6285948828910702,1.298405117371512,3.854000000525165
0,19,2419910733,local_090,-0.564803951377932,-0.09243354603543363,-0.004471062320401842,0.06698835205055534,0.07145941437095718,True,1.4743743728389385,0.4752451301587681,0.9991292426801702,2.948748745677877
0,19,2419910733,local_091,0.5468080006823893,-0.6441214219069032,2.9606815474444153,2.986452232594379,0.025770685149963946,True,2.210153644054988,0.5740172802547873,1.6361363638002007,4.420307288109976
0,19,2419910733,local_094,-0.16964130627183818,0.9132649099129715,1.51784085591634,1.37599850741156,0.14184234850478017,True,2.789995044354926,0.40917530042287836,2.3808197439320478,5.579990088709852
0,19,2419910733,local_095,0.5518387651792833,-0.197765499937733,-0.6319926675649787,-0.5544635810363456,0.0775290865286331,True,2.1781748251653017,0.47455053746057296,1.703624287704729,4.356349650330603
0,19,2419910733,local_097,2.0222156176579307,-0.2873212748900855,-0.5363148702646239,-1.929565475598319,1.393250605333695,False,3.8430258933074097,0.6032626813902837,3.239763211917126,7.6860517866148195
0,19,2419910733,local_103,0.1651033041200809,-0.3750748868098575,2.151451302490235,1.9963900271377697,0.15506127535246517,True,2.472309188668113,0.33550019445206464,2.136808994216048,4.944618377336226
0,19,2419910733,local_105,-1.2512087995314978,-0.7427184341516534,2.4518820236124466,1.67789351712372,0.7739885064887266,True,3.1229369751647456,0.457608416814645,2.6653285583501005,6.245873950329491
0,19,2419910733,local_107,-0.5590376450883418,-0.3237305325415634,-1.117637334187826,0.7277408532990519,1.845378187486878,True,1.5922109223372185,0.3152430632067104,1.276967859130508,3.184421844674437
0,19,2419910733,local_108,0.9604770654395144,-1.5469973742509093,6.578980262744062,5.025787535317619,1.5531927274264428,False,3.3514963529586836,0.8293482171645759,2.5221481357941076,6.702992705917367
1,0,3704427927,local_000,-2.6687217177088325,-0.3313820190843231,0.9487077651250928,0.205165791832929,0.7435419732921638,True,2.352862352327178,0.58772146892209,1.7651408834050883,4.705724704654356
1,0,3704427927,local_003,4.373068855030794,0.20074650244502454,1.5581075503338564,-0.23188041886216038,1.7899879691960168,False,5.313315956692133,2.8114795263781702,2.5018364303139626,10.626631913384266
1,0,3704427927,local_010,-1.448002228692716,-0.0840485524073864,0.4895771132022282,0.8635661695995496,0.3739890563973214,True,2.0168537624927674,0.5432158435290338,1.4736379189637336,4.033707524985535
1,0,3704427927,local_015,3.895434214215513,-0.6593435483587626,2.732424938964845,1.0947232854187754,1.6377016535460696,False,3.54735739550662,1.3838772679981917,2.1634801275084286,7.09471479101324
1,0,3704427927,local_029,-2.3890129852474904,-0.29397447955787026,0.7981878952777652,1.1683860305777047,0.3701981352999395,True,2.132989572504286,0.7595017539027373,1.3734878186015484,4.265979145008572
1,0,3704427927,local_031,0.18411157962703373,0.8377263345377207,1.2309529786759805,0.5013148807996975,0.729638097876283,True,2.4830116537680094,0.9798148365949801,1.5031968171730292,4.966023307536019
1,0,3704427927,local_034,0.6417728838529045,-1.7044975811549088,5.389327648608717,5.171419972438008,0.21790767617070905,False,3.5018377702554426,0.6451685161143217,2.856669254141121,7.003675540510886
1,0,3704427927,local_039,1.6717249290903744,0.11215877951332728,-1.122246264648438,-1.5390606816198567,0.41681441697141874,False,3.511514960883604,1.1995119714197269,2.312002989463877,7.023029921767208
1,0,3704427927,local_044,3.5146718675810993,0.058255648824165986,2.4753185280143444,1.0448523096962132,1.4304662183181311,False,4.555353736382443,1.8441870553111415,2.711166681071302,9.110707472764886
1,0,3704427927,local_047,-2.268356790936038,-0.23723674738198064,-0.7585864227082997,-0.25527219562932846,0.5033142270789712,True,1.7222014939305348,0.3898013882455923,1.3324001056849424,3.4444029878610696
1,0,3704427927,local_048,0.9064989405371513,-0.5536564331283553,1.4627749467232762,2.8165848702092458,1.3538099234859695,True,2.3418469785767573,0.6142866990974177,1.7275602794793397,4.683693957153515
1,0,3704427927,local_052,-0.023531183145550187,5.998584528116516,1.2522175806439106,0.999887837146578,0.2523297434973326,False,4.754189363006832,0.8046092407423879,3.9495801222644435,9.508378726013664
1,0,3704427927,local_053,-1.6417611874050637,-0.07566986350920644,-1.1486642040449873,-0.030379297914345238,1.1182849061306421,True,2.397115887120089,0.5983054086324409,1.7988104784876482,4.794231774240178
1,0,3704427927,local_054,1.1428365987285232,-1.4209607812896992,6.346695914633365,6.202751752204589,0.1439441624287756,True,2.6851582599841515,0.5497880182115519,2.1353702417725997,5.370316519968302
1,0,3704427927,local_057,0.9339695618223558,-0.6146023292114023,2.579870385869344,3.8429604920421574,1.2630901061728133,True,2.571281310237159,0.5736661770060574,1.9976151332311016,5.142562620474318
1,0,3704427927,local_064,0.9897807201449788,-0.17096028795406223,1.0780569239524018,-1.221524779170155,2.2995817031225565,True,2.728137421013021,0.6549627029895206,2.0731747180235005,5.456274842026042
1,0,3704427927,local_065,-1.6848416489281408,-0.4725726632186117,1.9529419112666955,0.8199896447502514,1.132952266516444,True,1.7441164728093792,0.39106604126516037,1.353050431544219,3.4882329456187584
1,0,3704427927,local_066,-1.984198281909879,-0.7270582512433014,2.300409389285055,2.033750774982914,0.2666586143021412,True,2.993683934099529,0.4344949458085526,2.5591889882909764,5.987367868199058
1,0,3704427927,local_068,-1.7575747015191168,-0.20039173493656942,1.153900891534212,0.6319137407940563,0.5219871507401557,True,1.819509301758797,0.42054533332244265,1.3989639684363544,3.639018603517594
1,0,3704427927,local_069,0.20342179077095635,-0.4679378688420322,1.1223452203876905,-0.09014809452840716,1.2124933149160977,True,2.75827799060551,0.7111125603578758,2.047165430247634,5.51655598121102
1,0,3704427927,local_077,-2.081040686945717,-0.5564691827344194,3.4387797773024618,1.4400263625357579,1.9987534147667039,True,2.4372323438404755,0.5442142302484482,1.8930181135920274,4.874464687680951
1,0,3704427927,local_090,-0.564803951377932,-0.09243354603543363,-0.004471062320401842,-0.0018672411280451356,0.002603821192356706,True,1.5215827372112183,0.475081625968791,1.0465011112424274,3.0431654744224366
1,0,3704427927,local_096,-0.969563804472342,0.9185705315751015,3.861732006597601,1.9467248330528604,1.9150071735447407,True,2.0364730058787455,0.3873696473889312,1.6491033584898145,4.072946011757491
1,0,3704427927,local_097,2.0222156176579307,-0.2873212748900855,-0.5363148702646239,-1.961319455662928,1.4250045853983042,False,4.064039799732835,0.677008273499694,3.3870315262331405,8.12807959946567
1,0,3704427927,local_100,-1.5767446882047362,-0.7003605127292428,-1.7801574299070566,0.7311349265633622,2.5112923564704186,True,2.3634984686225216,0.43666622725159016,1.9268322413709316,4.726996937245043
1,0,3704427927,local_101,1.8305233435228436,-1.167104312310491,3.3243548706847355,2.6445914749101784,0.679763395774557,True,2.913261017593058,0.68351932895271,2.229741688640348,5.826522035186116
1,0,3704427927,local_107,-0.5590376450883418,-0.3237305325415634,-1.117637334187826,0.6046058470281003,1.7222431812159265,True,1.5675784831115254,0.3258148358713054,1.24176364724022,3.1351569662230507
1,0,3704427927,local_109,1.3181211774554507,-0.08498166714027108,3.049920091820087,3.3056546353477128,0.2557345435276259,True,2.9034373724224336,0.8899415400034969,2.0134958324189367,5.806874744844867
1,1,3777200567,local_001,1.0555685058516724,5.821691499600044,1.725786379496256,1.2945395503220296,0.4312468291742264,False,4.139997418860859,1.0947080760830108,3.0452893427778482,8.279994837721718
1,1,3777200567,local_012,0.1925404293443072,-0.7261814797309618,1.4269447016473267,2.3408947196427783,0.9139500179954516,True,2.903079623545519,0.9394019047240448,1.9636777188214742,5.806159247091038
1,1,3777200567,local_014,-0.9007942378325358,0.523496526540537,1.153590305484764,0.24694237319091417,0.9066479322938499,True,2.9904703930416927,1.172293926161489,1.8181764668802036,5.980940786083385
1,1,3777200567,local_020,-0.27214910314418356,-0.9297071772582916,2.7806031550089534,0.8839211603141229,1.8966819946948306,False,3.3639082727311647,0.7165184396481687,2.647389833082996,6.72781654546233
1,1,3777200567,local_021,0.11286537437837839,-0.27053990729743377,0.766750504069857,0.5046002569546504,0.2621502471152066,False,3.3586854154596564,1.0041113324089797,2.3545740830506765,6.717370830919313
1,1,3777200567,local_031,0.18411157962703373,0.8377263345377207,1.2309529786759805,0.5013123302964991,0.7296406483794814,True,2.483009981771654,0.9798148279832747,1.5031951537883794,4.966019963543308
1,1,3777200567,local_034,0.6417728838529045,-1.7044975811549088,5.389327648608717,3.9763008488040152,1.4130267998047015,False,3.694101220997081,1.3219609944347386,2.372140226562342,7.388202441994162
1,1,3777200567,local_041,-1.798392900964244,-0.464521117443664,-0.7189533198861513,-0.1739986142916199,0.5449547055945314,True,2.8454712459372464,0.5723838683646753,2.2730873775725713,5.690942491874493
1,1,3777200567,local_042,0.8715451765572353,-0.6345997284201466,2.659321951370733,3.195019985319564,0.5356980339488309,True,2.6018915065611887,0.7702107257275812,1.8316807808336077,5.2037830131223775
1,1,3777200567,local_048,0.9064989405371513,-0.5536564331283553,1.4627749467232762,2.4249626441682777,0.9621876974450014,True,2.557366597575781,0.7212205004316034,1.8361460971441776,5.114733195151562
1,1,3777200567,local_049,0.6287277097023648,-0.4641050633042861,0.40147541748046756,-0.28251054541653736,0.6839859628970049,True,2.942961927630835,0.7288203705260154,2.2141415571048197,5.88592385526167
1,1,3777200567,local_050,1.760674782698319,5.476924146492508,1.2550455169936798,1.159773831011805,0.09527168598187474,False,4.273654077440053,1.0262272295845656,3.247426847855488,8.547308154880106
1,1,3777200567,local_052,-0.023531183145550187,5.998584528116516,1.2522175806439106,1.000457375146322,0.2517602054975887,False,4.762773093002427,0.8207952561509455,3.9419778368514815,9.525546186004854
1,1,3777200567,local_054,1.1428365987285232,-1.4209607812896992,6.346695914633365,5.894463714266839,0.45223220036652645,False,3.6265065495970124,0.6995872701079698,2.9269192794890424,7.253013099194026
1,1,3777200567,local_058,1.540468881622365,-0.4587381707549099,2.037608550976484,3.0058922065261733,0.9682836555496892,True,2.7889214004754463,0.5693585130335705,2.219562887441876,5.577842800950894
1,1,3777200567,local_067,0.7381781696141017,-1.539545791200865,4.329723446600152,3.088051887858575,1.2416715587415768,False,3.942935715412828,1.0943422124490254,2.8485935029638023,7.885871430825656
1,1,3777200567,local_071,0.14989191574478114,5.863523796772882,1.6104133850546454,1.102916176977085,0.5074972080775604,False,3.5966279500241773,0.7597109140661691,2.8369170359580083,7.193255900048355
1,1,3777200567,local_073,1.7612502746702892,-1.364461686143103,6.216447191482935,5.047461381854494,1.168985809628441,True,2.870727730568133,0.523864170494579,2.346863560073554,5.741455461136267
1,1,3777200567,local_074,-1.7515999553522472,0.13597084090370462,1.1800834039597277,0.20002267505779292,0.9800607289019347,True,2.338994712392901,0.726206641432431,1.61278807096047,4.677989424785802
1,1,3777200567,local_075,1.4914246148630037,-0.541251399832422,5.2446770648925,4.866322971958651,0.3783540929338489,False,3.3322135071834396,0.6971645237721072,2.635048983411332,6.664427014366879
1,1,3777200567,local_077,-2.081040686945717,-0.5564691827344194,3.4387797773024618,1.4789815090077962,1.9597982682946655,True,2.5159983986288177,0.4200790116061206,2.095919387022697,5.031996797257635
1,1,3777200567,local_083,-1.628111746918159,-0.7325324076119535,3.192841780011454,1.5997507642547777,1.5930910157566764,True,3.28164405112812,0.5116141829920237,2.7700298681360964,6.56328810225624
1,1,3777200567,local_088,1.7561590985223667,-0.1731114805702994,2.8589108825256133,2.146605749347962,0.7123051331776513,False,3.5904086698208304,1.0727886312900075,2.517620038530823,7.180817339641661
1,1,3777200567,local_101,1.8305233435228436,-1.167104312310491,3.3243548706847355,2.642026241598285,0.6823286290864505,True,3.071984582814278,0.6822646537181589,2.3897199290961195,6.143969165628556
1,1,3777200567,local_103,0.1651033041200809,-0.3750748868098575,2.151451302490235,2.278984948957869,0.1275336464676342,True,2.7108616580766856,0.4732005930687536,2.237661065007932,5.42172331615337
1,1,3777200567,local_108,0.9604770654395144,-1.5469973742509093,6.578980262744062,5.648225436467701,0.9307548262763605,False,3.617084634423843,0.6161959680823643,3.0008886663414787,7.234169268847687
1,1,3777200567,local_109,1.3181211774554507,-0.08498166714027108,3.049920091820087,2.838716227893364,0.21120386392672286,True,2.9513528384606724,0.9970924877313094,1.9542603507293632,5.902705676921345
1,1,3777200567,local_111,0.391438721884527,-0.5187723499295654,3.890250156784058,2.876155516186639,1.0140946405974192,True,2.2950709067783635,0.3788012078003506,1.9162696989780128,4.590141813556727
1,2,3116018149,local_001,1.0555685058516724,5.821691499600044,1.725786379496256,1.1911699159502305,0.5346164635460255,True,3.2698568980509357,0.9726364299276746,2.2972204681232613,6.539713796101871
1,2,3116018149,local_002,3.2497920769421724,0.29443475884283377,0.22199857905345688,0.8081012495306741,0.5861026704772172,True,3.2908134155387434,1.1441326975537849,2.1466807179849585,6.581626831077486
1,2,3116018149,local_003,4.373068855030794,0.20074650244502454,1.5581075503338564,2.051482847471058,0.4933752971372014,False,4.869882821004935,1.4998858359239133,3.369996985081021,9.73976564200987
1,2,3116018149,local_004,0.7123925093361396,-0.7929560795628144,3.22451144482467,3.7607999294058105,0.5362884845811404,True,2.446929396520324,0.4398949109520842,2.00703448556824,4.893858793040648
1,2,3116018149,local_015,3.895434214215513,-0.6593435483587626,2.732424938964845,2.403574950803967,0.32884998816087796,False,3.5705191286617275,1.4868255527364849,2.0836935759252424,7.141038257323455
1,2,3116018149,local_016,1.258105134599882,-0.4736043644783636,4.984591654361349,4.2089751699949085,0.7756164843664406,True,2.6803310519172125,0.3715396808369673,2.3087913710802455,5.360662103834425
1,2,3116018149,local_017,0.8447455270304304,0.5804330004879303,4.12669131365913,2.0365287357497674,2.0901625779093624,True,2.7919269012379946,1.305753632761805,1.4861732684761897,5.583853802475989
1,2,3116018149,local_021,0.11286537437837839,-0.27053990729743377,0.766750504069857,0.5540720758299981,0.21267842823985894,False,3.431937369937864,1.0118089224396332,2.4201284474982305,6.863874739875728
1,2,3116018149,local_022,2.5289767772317915,-0.3525405293673251,2.3066353384254437,2.9039514537462674,0.5973161153208237,True,3.070087070631176,0.6665556618712309,2.403531408759945,6.140174141262351
1,2,3116018149,local_024,-0.09116417831474274,-0.2917064245809222,0.6244122394659586,0.05078026767455396,0.5736319717914047,True,2.485902835867657,0.6119332270968774,1.8739696087707796,4.971805671735314
1,2,3116018149,local_036,-2.0421420476106977,-0.09492193313614562,0.5736582618550501,0.41244216829499586,0.16121609356005423,True,1.7382114646106446,0.4654645261725632,1.2727469384380814,3.476422929221289
1,2,3116018149,local_040,-2.303494734445533,-0.05511785118429728,1.2805820576985676,1.5163949299730213,0.2358128722744537,True,2.2655517058376926,0.5810129002924844,1.684538805545208,4.531103411675385
1,2,3116018149,local_041,-1.798392900964244,-0.464521117443664,-0.7189533198861513,0.011284850394311652,0.730238170280463,True,2.7129668288525255,0.6010586603425504,2.111908168509975,5.425933657705051
1,2,3116018149,local_047,-2.268356790936038,-0.23723674738198064,-0.7585864227082997,-0.2189689241081148,0.5396174986001849,True,1.6243902791184375,0.41915944639778346,1.205230832720654,3.248780558236875
1,2,3116018149,local_049,0.6287277097023648,-0.4641050633042861,0.40147541748046756,-0.19676446137821269,0.5982398788586802,False,3.412091840768783,0.7940291250637652,2.6180627157050176,6.824183681537566
1,2,3116018149,local_052,-0.023531183145550187,5.998584528116516,1.2522175806439106,0.999887837146578,0.2523297434973326,False,4.754189363006832,0.8046092407423879,3.9495801222644435,9.508378726013664
1,2,3116018149,local_055,1.6383809321440104,-1.0726060175695855,5.689955578486124,4.186200095688582,1.5037554827975423,True,2.474219226760914,0.4498854953962157,2.0243337313646985,4.9484384535218275
1,2,3116018149,local_064,0.9897807201449788,-0.17096028795406223,1.0780569239524018,-1.0330250090076916,2.1110819329600936,True,2.333780791992954,0.546046523800105,1.7877342681928488,4.667561583985908
1,2,3116018149,local_069,0.20342179077095635,-0.4679378688420322,1.1223452203876905,0.2736277949363046,0.8487174254513858,True,2.7245066609674797,0.7065520533574536,2.017954607610026,5.4490133219349595
1,2,3116018149,local_071,0.14989191574478114,5.863523796772882,1.6104133850546454,1.0783054411680655,0.5321079438865799,False,3.6415387200964324,0.729868821134518,2.9116698989619145,7.283077440192865
1,2,3116018149,local_072,1.1264406989267994,-0.223240391649185,-1.481148929614375,-1.0499738484260959,0.4311750811882791,True,2.7027905927481175,0.47023835575997197,2.2325522369881456,5.405581185496235
1,2,3116018149,local_077,-2.081040686945717,-0.5564691827344194,3.4387797773024618,1.5666555336203491,1.8721242436821126,True,2.4707310170545616,0.4190651967196768,2.0516658203348848,4.941462034109123
1,2,3116018149,local_080,-0.6659324516941341,-0.020071403745315682,1.3884928186035155,0.4277508522127009,0.9607419663908146,True,2.333597419142392,0.8356450973471846,1.4979523217952073,4.667194838284784
1,2,3116018149,local_086,-0.5185858308727754,-0.2005063301888428,-1.1420851462190953,0.43458583885202684,1.576670985071122,True,2.158297564062142,0.7426539667907979,1.415643597271344,4.316595128124284
1,2,3116018149,local_099,-2.7991976070301092,-0.03771030219619101,0.9317134751092819,-0.3137771800684796,1.2454906551777616,True,1.8211878700993962,0.3844816920367478,1.4367061780626484,3.6423757401987924
1,2,3116018149,local_100,-1.5767446882047362,-0.7003605127292428,-1.7801574299070566,0.8348714063648466,2.615028836271903,True,2.3215866312787674,0.45571692763831184,1.8658697036404555,4.643173262557535
1,2,3116018149,local_103,0.1651033041200809,-0.3750748868098575,2.151451302490235,1.9960236816131525,0.1554276208770824,True,2.4736558141899767,0.33502905033540736,2.1386267638545693,4.947311628379953
1,2,3116018149,local_105,-1.2512087995314978,-0.7427184341516534,2.4518820236124466,2.031555921021266,0.42032610259118064,True,3.289276772145332,0.6249169357716605,2.664359836373672,6.578553544290664
1,3,2318322177,local_002,3.2497920769421724,0.29443475884283377,0.22199857905345688,0.9809577868576186,0.7589592078041617,True,3.1328319023598485,1.1214350460663371,2.0113968562935116,6.265663804719697
1,3,2318322177,local_004,0.7123925093361396,-0.7929560795628144,3.22451144482467,3.8863292787489994,0.6618178339243292,True,2.4689122170354776,0.414970853447111,2.0539413635883665,4.937824434070955
1,3,2318322177,local_022,2.5289767772317915,-0.3525405293673251,2.3066353384254437,2.8922668327480188,0.5856314943225751,True,3.0444898010732455,0.6648006404912838,2.3796891605819614,6.088979602146491
1,3,2318322177,local_023,-0.038250131935015926,-0.24061894351625362,2.1357396777226367,1.9567111905490213,0.1790284871736154,True,2.6955961049534953,0.4104793765088925,2.285116728444603,5.3911922099069916
1,3,2318322177,local_029,-2.3890129852474904,-0.29397447955787026,0.7981878952777652,0.9555189757698851,0.15733108049211986,True,2.082145098697088,0.8517931426331119,1.2303519560639762,4.164290197394176
1,3,2318322177,local_031,0.18411157962703373,0.8377263345377207,1.2309529786759805,0.11963018761831073,1.1113227910576697,True,2.7927829679460707,1.0441103010488317,1.7486726668972392,5.5855659358921415
1,3,2318322177,local_037,-0.9078244340747956,0.8588819294739267,1.3433813583374024,0.7364354550234463,0.606945903313956,True,2.142798971427961,0.4292582240910508,1.7135407473369104,4.285597942855922
1,3,2318322177,local_038,-0.28971736716460933,5.781242873063978,0.999887837146578,1.478651613373487,0.478763776226909,False,4.312211781094888,0.981999003271416,3.330212777823472,8.624423562189776
1,3,2318322177,local_039,1.6717249290903744,0.11215877951332728,-1.122246264648438,-1.3909556939533554,0.2687094293049175,False,3.929532295307183,1.3282722002965015,2.601260095010682,7.859064590614366
1,3,2318322177,local_042,0.8715451765572353,-0.6345997284201466,2.659321951370733,2.89244208337855,0.23312013200781667,True,2.6338394224794426,0.659184608891058,1.9746548135883846,5.267678844958885
1,3,2318322177,local_046,-0.8271523445342699,-0.8291581260132956,1.0081273739306953,0.7564661720182064,0.25166120191248886,False,4.026153036863223,0.7760715778477295,3.2500814590154934,8.052306073726445
1,3,2318322177,local_050,1.760674782698319,5.476924146492508,1.2550455169936798,1.2805745872421463,0.025529070248466512,False,3.462480659793811,1.0126430597598315,2.4498376000339794,6.924961319587622
1,3,2318322177,local_052,-0.023531183145550187,5.998584528116516,1.2522175806439106,1.4858652507601402,0.23364767011622956,False,4.878907201273816,1.5530329515473682,3.3258742497264477,9.757814402547632
1,3,2318322177,local_064,0.9897807201449788,-0.17096028795406223,1.0780569239524018,-0.8328301753926853,1.910887099345087,True,2.872647473378937,0.6607520945037623,2.211895378875175,5.745294946757874
1,3,2318322177,local_065,-1.6848416489281408,-0.4725726632186117,1.9529419112666955,0.8647739914388867,1.088167919827809,True,1.7589248974658311,0.4081167111960811,1.35080818626975,3.5178497949316623
1,3,2318322177,local_066,-1.984198281909879,-0.7270582512433014,2.300409389285055,2.0155416051810775,0.2848677841039775,True,2.668442173961222,0.4375213925807062,2.2309207813805156,5.336884347922444
1,3,2318322177,local_069,0.20342179077095635,-0.4679378688420322,1.1223452203876905,0.2804247823863121,0.8419204380013784,True,2.6957375325220956,0.6743376910450384,2.021399841477057,5.391475065044191
1,3,2318322177,local_070,-2.8945109126893396,-0.016464980429442246,2.1991294680640814,0.9059360305708665,1.293193437493215,True,2.2143622604233837,0.756263258681035,1.4580990017423485,4.428724520846767
1,3,2318322177,local_072,1.1264406989267994,-0.223240391649185,-1.481148929614375,-1.0281076192583098,0.4530413103560651,True,2.8327770400290384,0.500356122065908,2.3324209179631303,5.665554080058077
1,3,2318322177,local_079,-1.8328065818392545,-0.2700102607673158,0.24657180963046255,0.5066794091237955,0.26010759949333295,True,2.110851336381853,0.45129467630503095,1.659556660076822,4.221702672763706
1,3,2318322177,local_085,-0.5055954646049663,0.8783966215136226,1.8805812698958766,1.0460037876078707,0.8345774822880059,True,2.1402916328212647,0.5297272309136517,1.610564401907613,4.280583265642529
1,3,2318322177,local_086,-0.5185858308727754,-0.2005063301888428,-1.1420851462190953,0.4050162313427134,1.5471013775618088,True,2.059503696942564,0.6258025798896049,1.4337011170529592,4.119007393885128
1,3,2318322177,local_092,-0.7421234022779064,-0.7123199860947216,-0.8974462428457253,1.2205004998968603,2.1179467427425855,True,2.961409581057705,0.43680366769525714,2.5246059133624477,5.92281916211541
1,3,2318322177,local_100,-1.5767446882047362,-0.7003605127292428,-1.7801574299070566,0.7015773099581802,2.481734739865237,True,2.4482929528937754,0.48136594888438583,1.9669270040093894,4.896585905787551
1,3,2318322177,local_107,-0.5590376450883418,-0.3237305325415634,-1.117637334187826,0.7776983126507385,1.8953356468385647,True,1.4934329291223158,0.30666329811609316,1.1867696310062228,2.9868658582446317
1,3,2318322177,local_109,1.3181211774554507,-0.08498166714027108,3.049920091820087,3.5179565523161496,0.46803646049606273,True,3.029403638431313,0.891835058877458,2.137568579553855,6.058807276862626
1,3,2318322177,local_110,-2.5350017144439247,-0.08821317424906,-0.9447126583523211,0.4520560072912748,1.396768665643596,True,2.161821452788459,0.5393348538223963,1.6224865989660628,4.323642905576918
1,3,2318322177,local_111,0.391438721884527,-0.5187723499295654,3.890250156784058,2.8129733405306796,1.0772768162533786,True,2.225054690101635,0.3191125886077107,1.9059421014939244,4.450109380203271
1,4,620459930,local_007,1.5608012769808957,-1.2002359527976414,3.4813968680245533,3.0877974273069144,0.39359944071763886,True,3.210703037263185,0.7916495555022811,2.419053481760904,6.42140607452637
1,4,620459930,local_013,-1.3801894575152416,1.000555173078204,1.20465650201613,1.9065529587692482,0.7018964567531183,True,2.292331755040378,0.6604793844005299,1.6318523706398482,4.584663510080756
1,4,620459930,local_016,1.258105134599882,-0.4736043644783636,4.984591654361349,4.020923615699134,0.963668038662215,False,3.5728555285852037,0.45744172702140773,3.115413801563796,7.145711057170407
1,4,620459930,local_019,2.9364700958382253,0.6624286491104329,-0.01264156401752281,0.6535434921719269,0.6661850561894497,False,3.3696966779049937,1.4705511503126591,1.8991455275923348,6.739393355809987
1,4,620459930,local_020,-0.27214910314418356,-0.9297071772582916,2.7806031550089534,2.4511939582409266,0.3294091967680268,False,3.366698888692172,0.8459610684415078,2.5207378202506643,6.733397777384344
1,4,620459930,local_030,-1.6027807681826893,-0.7620646394364815,4.664717645328949,2.2041470281226503,2.4605706172062987,False,3.6778528288876027,0.4051551123648478,3.272697716522755,7.355705657775205
1,4,620459930,local_033,-0.5424368719445116,0.8959084823244202,2.6824910593668623,2.8173093425473406,0.13481828318047828,True,2.5343412055919816,0.48557325906753945,2.048767946524442,5.068682411183962
1,4,620459930,local_043,1.210095849090365,-0.009559285629922776,2.162841306612088,3.183484153894391,1.020642847282303,False,3.6723251417541127,0.6876515724068702,2.9846735693472426,7.3446502835082255
1,4,620459930,local_045,0.4121763198396254,-0.23221723741969644,-1.380939162415344,-0.9473025846925701,0.43363657772277386,True,2.0978408519483738,0.5705891162467311,1.5272517357016424,4.1956817038967475
1,4,620459930,local_050,1.760674782698319,5.476924146492508,1.2550455169936798,1.2465155037365503,0.008530013257129543,False,3.453519161343557,1.0804344426669334,2.373084718676624,6.907038322687114
1,4,620459930,local_053,-1.6417611874050637,-0.07566986350920644,-1.1486642040449873,-0.030436211437009808,1.1182279926079775,True,2.3923225594930364,0.5985952775629154,1.7937272819301209,4.784645118986073
1,4,620459930,local_056,-3.694210086577135,0.5168510020409929,0.36404961917274914,1.1831671867778144,0.8191175676050653,False,3.671762753673476,1.762381782473941,1.909380971199535,7.343525507346952
1,4,620459930,local_058,1.540468881622365,-0.4587381707549099,2.037608550976484,2.999358011066664,0.9617494600901799,True,2.7728170770975487,0.5673550831197594,2.205461993977789,5.545634154195097
1,4,620459930,local_059,-0.719554608619687,-0.19205772655531425,-0.41983662442111847,-0.11286023306602762,0.30697639135509086,True,1.8461280493167571,0.5994009517849357,1.2467270975318214,3.6922560986335142
1,4,620459930,local_064,0.9897807201449788,-0.17096028795406223,1.0780569239524018,-0.8822890211955602,1.960345945147962,True,2.1654880981833466,0.5334728359805689,1.6320152622027777,4.330976196366693
1,4,620459930,local_065,-1.6848416489281408,-0.4725726632186117,1.9529419112666955,0.7274394601155698,1.2255024511511257,True,2.099810309799996,0.4381253420854459,1.66168496771455,4.199620619599992
1,4,620459930,local_068,-1.7575747015191168,-0.20039173493656942,1.153900891534212,0.6850824765463589,0.46881841498785304,True,1.8006527123499008,0.4307559258034416,1.3698967865464593,3.6013054246998015
1,4,620459930,local_074,-1.7515999553522472,0.13597084090370462,1.1800834039597277,0.717445876606594,0.4626375273531337,True,2.4467314837453396,0.9164133451502793,1.5303181385950602,4.893462967490679
1,4,620459930,local_075,1.4914246148630037,-0.541251399832422,5.2446770648925,4.268586277811631,0.976090787080869,True,2.7129804293864686,0.723193405810399,1.9897870235760697,5.425960858772937
1,4,620459930,local_078,0.4242161442736185,-0.7321754487660358,4.369789645512899,2.6908360970450267,1.6789535484678724,True,2.5611188637759463,0.4662813189200945,2.094837544855852,5.122237727551893
1,4,620459930,local_089,-1.225996736343755,-0.48676905411777177,1.5416776532259857,0.5803816533807014,0.9612959998452844,True,2.5882511708780074,0.740526230892449,1.8477249399855584,5.176502341756015
1,4,620459930,local_090,-0.564803951377932,-0.09243354603543363,-0.004471062320401842,0.06110490378729788,0.06557596610769972,True,1.5488768133838864,0.5238094225558906,1.025067390827996,3.0977536267677728
1,4,620459930,local_092,-0.7421234022779064,-0.7123199860947216,-0.8974462428457253,1.1782887956264911,2.0757350384722164,False,3.4130068544086964,0.4678661261546164,2.94514072825408,6.826013708817392
1,4,620459930,local_093,-2.177327765131337,-0.5513069535987809,0.8240073865594715,0.37653106398287706,0.4474763225765944,True,2.3890509426981756,0.560469641808338,1.8285813008898377,4.778101885396351
1,4,620459930,local_095,0.5518387651792833,-0.197765499937733,-0.6319926675649787,-0.7673676299283105,0.1353749623633318,True,2.16819627587666,0.47726797464557613,1.6909283012310838,4.33639255175332
1,4,620459930,local_101,1.8305233435228436,-1.167104312310491,3.3243548706847355,2.6405314659992576,0.6838234046854779,True,3.1629497314144106,0.6974052716718534,2.4655444597425573,6.325899462828821
1,4,620459930,local_106,-1.3239915478793631,-0.5292951908402975,-0.24636592992146777,-1.0346802038470613,0.7883142739255935,True,2.2676997554281426,0.3267116863502033,1.9409880690779395,4.535399510856285
1,4,620459930,local_110,-2.5350017144439247,-0.08821317424906,-0.9447126583523211,0.708163813138518,1.652876471490839,True,1.8861582186070198,0.48609856649534544,1.4000596521116744,3.7723164372140396
1,5,3324230665,local_001,1.0555685058516724,5.821691499600044,1.725786379496256,1.3563871404278631,0.3693992390683929,False,4.175932160858455,1.0905195921762663,3.0854125686821883,8.35186432171691
1,5,3324230665,local_003,4.373068855030794,0.20074650244502454,1.5581075503338564,2.052038897753965,0.4939313474201086,False,4.8701510903489655,1.499766664879062,3.3703844254699034,9.740302180697931
1,5,3324230665,local_006,1.1371008353109753,-1.4199982071033685,6.879289266540233,5.617871200330065,1.2614180662101688,False,3.5622929813708293,0.7126078080197576,2.8496851733510717,7.124585962741659
1,5,3324230665,local_007,1.5608012769808957,-1.2002359527976414,3.4813968680245533,3.0466911846812614,0.43470568334329185,True,2.8214960747671123,0.702120897428544,2.119375177338568,5.642992149534225
1,5,3324230665,local_013,-1.3801894575152416,1.000555173078204,1.20465650201613,2.3604080471255533,1.1557515451094234,True,2.3949386567967132,0.7346587823180996,1.6602798744786136,4.7898773135934265
1,5,3324230665,local_016,1.258105134599882,-0.4736043644783636,4.984591654361349,4.1884136666189935,0.7961779877423556,True,2.7599275482267944,0.3609422384811228,2.3989853097456715,5.51985509645359
1,5,3324230665,local_023,-0.038250131935015926,-0.24061894351625362,2.1357396777226367,1.9567806407913062,0.17895903693133053,True,2.695933756023325,0.4103270948925561,2.285606661130769,5.39186751204665
1,5,3324230665,local_025,-2.955827040953235,0.2416017270959956,-1.493498512759774,-0.14196922340282328,1.3515292893569506,False,3.4821970099681834,0.9782060791982604,2.503990930769923,6.964394019936367
1,5,3324230665,local_026,-0.18051877989420922,-0.2841225698274764,3.3589079998016356,3.305235186076022,0.05367281372561372,True,2.8342435309807206,0.8928148004237788,1.9414287305569415,5.668487061961441
1,5,3324230665,local_028,2.366668426751495,-0.1276485658129692,1.6739008553116417,4.200618552997833,2.526717697686191,True,3.213773306684935,1.109364925295646,2.1044083813892893,6.42754661336987
1,5,3324230665,local_030,-1.6027807681826893,-0.7620646394364815,4.664717645328949,2.136897810133183,2.527819835195766,False,3.473358823152647,0.501508759333355,2.971850063819292,6.946717646305295
1,5,3324230665,local_034,0.6417728838529045,-1.7044975811549088,5.389327648608717,5.021005897317549,0.36832175129116784,False,3.615126751019611,0.675302608262411,2.9398241427572,7.230253502039222
1,5,3324230665,local_035,0.30157384123670355,-0.49554903991391147,3.174158549672741,2.9524416841468923,0.22171686552584857,True,2.470166713749525,0.640084156937445,1.8300825568120802,4.94033342749905
1,5,3324230665,local_037,-0.9078244340747956,0.8588819294739267,1.3433813583374024,1.482816008392312,0.13943465005490974,True,2.74859588362313,0.6872193253104744,2.0613765583126558,5.49719176724626
1,5,3324230665,local_045,0.4121763198396254,-0.23221723741969644,-1.380939162415344,-0.8670513108364595,0.5138878515788845,True,1.9858356917943798,0.5067422487010266,1.4790934430933533,3.9716713835887596
1,5,3324230665,local_048,0.9064989405371513,-0.5536564331283553,1.4627749467232762,2.893120262606404,1.4303453158831276,True,2.324261686291422,0.5998267555248555,1.7244349307665663,4.648523372582844
1,5,3324230665,local_050,1.760674782698319,5.476924146492508,1.2550455169936798,1.15995023136386,0.09509528562981973,False,4.273856097084501,1.0259988531630082,3.2478572439214926,8.547712194169002
1,5,3324230665,local_052,-0.023531183145550187,5.998584528116516,1.2522175806439106,1.0004573751475114,0.2517602054963992,False,4.762773093003779,0.8207952561681671,3.941977836835612,9.525546186007558
1,5,3324230665,local_053,-1.6417611874050637,-0.07566986350920644,-1.1486642040449873,-0.10897857213072801,1.0396856319142593,True,2.5332383475741556,0.8226511236221878,1.7105872239519677,5.066476695148311
1,5,3324230665,local_061,-0.8773584744031749,0.9457095134242471,0.5634527334314603,1.3836441059343247,0.8201913725028644,True,2.7238889653386855,0.9043790780658935,1.819509887272792,5.447777930677372
1,5,3324230665,local_062,-0.6145241317077517,-0.8010966474961415,1.2106035189410012,1.548462845331721,0.3378593263907199,False,3.8007396704117946,0.6899737202162326,3.110765950195562,7.601479340823589
1,5,3324230665,local_071,0.14989191574478114,5.863523796772882,1.6104133850546454,1.1039394738742785,0.5064739111803669,False,3.600829404497709,0.7591723951391883,2.8416570093585207,7.201658808995418
1,5,3324230665,local_074,-1.7515999553522472,0.13597084090370462,1.1800834039597277,0.19918267181444138,0.9809007321452863,True,2.339614925589447,0.7261828877855878,1.6134320378038594,4.679229851178894
1,5,3324230665,local_083,-1.628111746918159,-0.7325324076119535,3.192841780011454,1.4012980728645714,1.7915437071468827,True,3.042732529436163,0.42384305893009105,2.6188894705060717,6.085465058872326
1,5,3324230665,local_086,-0.5185858308727754,-0.2005063301888428,-1.1420851462190953,0.3692438721465464,1.5113290183656418,True,1.9342085328561516,0.6281054463857697,1.306103086470382,3.868417065712303
1,5,3324230665,local_092,-0.7421234022779064,-0.7123199860947216,-0.8974462428457253,1.3186930414654139,2.216139284311139,True,3.216751321857042,0.5789215937729708,2.637829728084071,6.433502643714084
1,5,3324230665,local_108,0.9604770654395144,-1.5469973742509093,6.578980262744062,5.648724827213123,0.9302554355309383,False,3.4648813022632092,0.6432727288719,2.821608573391309,6.9297626045264185
1,5,3324230665,local_110,-2.5350017144439247,-0.08821317424906,-0.9447126583523211,0.3985702889726722,1.3432829473249934,True,1.7907130013079002,0.5260625953109532,1.264650405996947,3.5814260026158005
1,6,3567151511,local_004,0.7123925093361396,-0.7929560795628144,3.22451144482467,4.089381579063161,0.8648701342384912,True,2.7765363156550187,0.48937180646352696,2.287164509191492,5.553072631310037
1,6,3567151511,local_005,-0.7524079162088602,-0.38968192252498,0.7343614374671263,0.4802265362859071,0.25413490118121923,True,2.939704615710349,1.014827746571744,1.924876869138605,5.879409231420698
1,6,3567151511,local_006,1.1371008353109753,-1.4199982071033685,6.879289266540233,5.48331229913856,1.3959769674016735,False,3.607896224628705,0.8024381337553603,2.8054580908733446,7.2157924492574095
1,6,3567151511,local_008,1.98668403966542,-0.20733989514796386,-2.311528537700702,-0.7887179855630382,1.522810552137664,False,4.898230536855349,0.5699639225670194,4.32826661428833,9.796461073710699
1,6,3567151511,local_015,3.895434214215513,-0.6593435483587626,2.732424938964845,2.7878741206874795,0.05544918172263458,False,3.529498633168847,1.4760375179145058,2.053461115254341,7.058997266337694
1,6,3567151511,local_016,1.258105134599882,-0.4736043644783636,4.984591654361349,4.141229255726126,0.8433623986352234,True,2.9202999340494458,0.4879534194845328,2.432346514564913,5.8405998680988915
1,6,3567151511,local_017,0.8447455270304304,0.5804330004879303,4.12669131365913,2.0382869494156037,2.088404364243526,True,2.7899811359396116,1.3058559004205474,1.4841252355190642,5.579962271879223
1,6,3567151511,local_023,-0.038250131935015926,-0.24061894351625362,2.1357396777226367,1.956696606927883,0.17904307079475368,True,2.695525700515237,0.41051128918327645,2.2850144113319604,5.391051401030474
1,6,3567151511,local_024,-0.09116417831474274,-0.2917064245809222,0.6244122394659586,-0.01433960244413765,0.6387518419100963,True,2.381351670941328,0.5947667947254563,1.7865848762158714,4.762703341882656
1,6,3567151511,local_027,1.9615630284503007,-1.3563548592985808,6.076206580528844,5.228921079964857,0.847285500563987,False,3.3802228316733505,0.6475778591982142,2.7326449724751365,6.7604456633467
1,6,3567151511,local_034,0.6417728838529045,-1.7044975811549088,5.389327648608717,5.1933396424856015,0.19598800612311518,False,3.545041204148885,0.6396056815110348,2.90543552263785,7.09008240829777
1,6,3567151511,local_040,-2.303494734445533,-0.05511785118429728,1.2805820576985676,1.2363997487253973,0.044182308973170326,True,2.1224256749242016,0.6454177016129039,1.4770079733112975,4.244851349848403
1,6,3567151511,local_044,3.5146718675810993,0.058255648824165986,2.4753185280143444,1.8480944868144882,0.6272240411998562,True,3.1662118774866572,0.7446566767566498,2.4215552007300074,6.3324237549733144
1,6,3567151511,local_053,-1.6417611874050637,-0.07566986350920644,-1.1486642040449873,-0.11554686756626084,1.0331173364787265,True,2.2237170231258974,0.8997186981589294,1.323998324966968,4.447434046251795
1,6,3567151511,local_054,1.1428365987285232,-1.4209607812896992,6.346695914633365,6.2267440914426775,0.11995182319068753,False,3.427528285024795,0.5362573641446549,2.89127092088014,6.855056570049591
1,6,3567151511,local_055,1.6383809321440104,-1.0726060175695855,5.689955578486124,3.73236795635591,1.9575876221302142,True,2.5037634885554954,0.6053057781817947,1.8984577103737008,5.007526977110992
1,6,3567151511,local_057,0.9339695618223558,-0.6146023292114023,2.579870385869344,3.9460068890847513,1.3661365032154071,True,3.006880905488597,0.6036036482013247,2.4032772572872725,6.0137618109771935
1,6,3567151511,local_059,-0.719554608619687,-0.19205772655531425,-0.41983662442111847,-0.07406082437083535,0.34577580005028313,True,1.8638051487229474,0.499051639797999,1.3647535089249485,3.727610297445895
1,6,3567151511,local_060,1.9363029983659203,-1.2233517315013342,6.356271346400899,4.514202076467853,1.8420692699330452,True,3.239496094503073,0.7759740233117519,2.463522071191321,6.478992189006146
1,6,3567151511,local_062,-0.6145241317077517,-0.8010966474961415,1.2106035189410012,0.816068535009542,0.39453498393145914,True,2.9170632672873618,0.561718163875011,2.355345103412351,5.8341265345747235
1,6,3567151511,local_063,-2.6670541407552095,-0.12277580798098542,-1.3297262114025306,0.008805746991859492,1.33853195839439,True,1.780754581713948,0.40182625235640484,1.3789283293575432,3.561509163427896
1,6,3567151511,local_087,-1.7032908164160323,-0.2017911341778647,-0.3145730268546387,0.21647937945311385,0.5310524063077526,True,1.7273326505809812,0.4774800372343997,1.2498526133465815,3.4546653011619624
1,6,3567151511,local_090,-0.564803951377932,-0.09243354603543363,-0.004471062320401842,0.036543818439205025,0.04101488075960687,True,1.4399158727539758,0.47481863996049506,0.9650972327934807,2.8798317455079516
1,6,3567151511,local_091,0.5468080006823893,-0.6441214219069032,2.9606815474444153,3.076786638798437,0.1161050913540218,True,2.344150855933201,0.42121828153555,1.9229325743976513,4.688301711866402
1,6,3567151511,local_104,1.0458354553515201,-0.3360919135789393,3.653826071602956,3.474107140857513,0.1797189307454432,True,2.952558379006195,0.5228135906425269,2.429744788363668,5.90511675801239
1,6,3567151511,local_105,-1.2512087995314978,-0.7427184341516534,2.4518820236124466,1.815431129499285,0.6364508941131615,False,3.322715403459874,0.43803258386031063,2.8846828195995635,6.645430806919748
1,6,3567151511,local_106,-1.3239915478793631,-0.5292951908402975,-0.24636592992146777,-0.4295306530042583,0.18316472308279053,True,1.936657557276798,0.36452935783589946,1.5721281994408984,3.873315114553596
1,6,3567151511,local_109,1.3181211774554507,-0.08498166714027108,3.049920091820087,3.260746104109433,0.2108260122893464,True,2.9729165094596013,0.9057753807787489,2.0671411286808525,5.945833018919203
1,7,2532968351,local_005,-0.7524079162088602,-0.38968192252498,0.7343614374671263,0.5478497918262255,0.18651164564090084,True,2.6615912273549034,0.9462450680757437,1.7153461592791595,5.323182454709807
1,7,2532968351,local_006,1.1371008353109753,-1.4199982071033685,6.879289266540233,5.617747365409089,1.2615419011311442,False,3.5619276576238312,0.7126438816560502,2.849283775967781,7.123855315247663
1,7,2532968351,local_008,1.98668403966542,-0.20733989514796386,-2.311528537700702,-0.7428675116687603,1.568661026031942,False,3.515910345179786,1.2951038662722794,2.2208064789075066,7.031820690359572
1,7,2532968351,local_009,0.25583466746046163,1.0164698255997393,0.2851447825113933,1.2753545571006895,0.9902097745892962,True,3.0979598666332073,0.5644449778979006,2.5335148887353065,6.195919733266415
1,7,2532968351,local_013,-1.3801894575152416,1.000555173078204,1.20465650201613,1.9064763672936957,0.7018198652775658,True,2.2932656348231175,0.6604384511056978,1.63282718371742,4.586531269646235
1,7,2532968351,local_017,0.8447455270304304,0.5804330004879303,4.12669131365913,2.561753581510415,1.564937732148715,True,3.2320040743919645,1.3172802280790947,1.91472384631287,6.464008148783929
1,7,2532968351,local_022,2.5289767772317915,-0.3525405293673251,2.3066353384254437,2.8787849086253,0.5721495701998562,True,3.028228740149171,0.6659146488378909,2.3623140913112803,6.056457480298343
1,7,2532968351,local_024,-0.09116417831474274,-0.2917064245809222,0.6244122394659586,-0.10720812134432865,0.7316203608102873,True,2.305106110022747,0.6559874119461693,1.6491186980765773,4.610212220045494
1,7,2532968351,local_028,2.366668426751495,-0.1276485658129692,1.6739008553116417,3.9628600251746393,2.2889591698629976,True,3.2925072699306295,1.1760248763500776,2.1164823935805517,6.585014539861259
1,7,2532968351,local_029,-2.3890129852474904,-0.29397447955787026,0.7981878952777652,1.2020524695949741,0.4038645743172089,True,2.019749639876853,0.7553283684114425,1.2644212714654102,4.039499279753706
1,7,2532968351,local_043,1.210095849090365,-0.009559285629922776,2.162841306612088,3.073148507012641,0.910307200400553,False,3.346440562719597,0.6036771830257751,2.742763379693822,6.692881125439194
1,7,2532968351,local_046,-0.8271523445342699,-0.8291581260132956,1.0081273739306953,-0.008681287569948404,1.0168086615006438,False,3.4912996611656495,0.8849197353875078,2.6063799257781417,6.982599322331299
1,7,2532968351,local_047,-2.268356790936038,-0.23723674738198064,-0.7585864227082997,-0.2597811878809232,0.4988052348273765,True,1.6849759146105474,0.4423755607379217,1.2426003538726256,3.369951829221095
1,7,2532968351,local_051,-0.7587778380295319,-0.3365246425038785,-1.4815165072547063,-0.11444125903918977,1.3670752482155166,True,2.446701072518708,0.6541894564845627,1.7925116160341452,4.893402145037416
1,7,2532968351,local_056,-3.694210086577135,0.5168510020409929,0.36404961917274914,0.7078814135882373,0.34383179441548817,False,3.8342433990910223,1.80752604034906,2.026717358741962,7.668486798182045
1,7,2532968351,local_065,-1.6848416489281408,-0.4725726632186117,1.9529419112666955,1.2456674199630715,0.707274491303624,True,2.0369310491348362,0.44241710877781,1.5945139403570263,4.0738620982696725
1,7,2532968351,local_069,0.20342179077095635,-0.4679378688420322,1.1223452203876905,1.120936199609793,0.0014090207778973962,False,3.383558858395248,0.9311664657559464,2.4523923926393016,6.767117716790496
1,7,2532968351,local_074,-1.7515999553522472,0.13597084090370462,1.1800834039597277,0.8483020459075246,0.3317813580522031,True,2.5236301426814363,0.9509033833259881,1.5727267593554481,5.0472602853628725
1,7,2532968351,local_078,0.4242161442736185,-0.7321754487660358,4.369789645512899,2.7674260109751705,1.6023636345377286,True,2.5206581551178306,0.46003244741488647,2.060625707702944,5.041316310235661
1,7,2532968351,local_080,-0.6659324516941341,-0.020071403745315682,1.3884928186035155,0.34967063535682563,1.03882218324669,True,2.6653556304159216,0.8292704562879045,1.836085174128017,5.330711260831843
1,7,2532968351,local_086,-0.5185858308727754,-0.2005063301888428,-1.1420851462190953,0.3220804794462984,1.4641656256653937,True,2.246049678833546,0.6771653733236057,1.5688843055099402,4.492099357667092
1,7,2532968351,local_090,-0.564803951377932,-0.09243354603543363,-0.004471062320401842,-0.03116137899233389,0.026690316671932047,True,1.455510798455993,0.4705385216057404,0.9849722768502526,2.911021596911986
1,7,2532968351,local_093,-2.177327765131337,-0.5513069535987809,0.8240073865594715,0.7650599763324146,0.05894741022705685,True,2.3391825852290733,0.5803971631377056,1.758785422091368,4.678365170458147
1,7,2532968351,local_095,0.5518387651792833,-0.197765499937733,-0.6319926675649787,-1.2357937652581914,0.6038010976932127,True,2.6696227923399816,0.4783480636340614,2.19127472870592,5.339245584679963
1,7,2532968351,local_097,2.0222156176579307,-0.2873212748900855,-0.5363148702646239,-0.14205618627957728,0.3942586839850466,False,3.5380078326588844,0.9904429229330465,2.5475649097258377,7.076015665317769
1,7,2532968351,local_099,-2.7991976070301092,-0.03771030219619101,0.9317134751092819,-0.09240209750182032,1.0241155726111022,True,1.6880707473954146,0.3881311281293117,1.2999396192661028,3.3761414947908293
1,7,2532968351,local_102,-1.4997920610953346,-0.7446341657666257,-0.08665273386637384,0.9261388674901248,1.0127916013564986,True,3.0371725471437925,0.8941154070833838,2.143057140060409,6.074345094287585
1,7,2532968351,local_108,0.9604770654395144,-1.5469973742509093,6.578980262744062,5.6574636446836255,0.9215166180604362,True,3.067266637477855,0.6227858750663157,2.444480762411539,6.134533274955711
1,8,2093320061,local_000,-2.6687217177088325,-0.3313820190843231,0.9487077651250928,1.5552685393916332,0.6065607742665404,True,3.0825401833399444,0.612143462414684,2.4703967209252604,6.165080366679889
1,8,2093320061,local_005,-0.7524079162088602,-0.38968192252498,0.7343614374671263,0.43052042820700287,0.3038410092601235,True,2.7449815982503214,0.9403003209392721,1.8046812773110492,5.489963196500643
1,8,2093320061,local_014,-0.9007942378325358,0.523496526540537,1.153590305484764,-0.1940963905042446,1.3476866959890086,True,2.79402259891565,1.1896356561616073,1.6043869427540427,5.5880451978313
1,8,2093320061,local_015,3.895434214215513,-0.6593435483587626,2.732424938964845,2.828934641799436,0.09650970283459115,True,3.1919390868020057,1.4140060730983244,1.7779330137036813,6.383878173604012
1,8,2093320061,local_019,2.9364700958382253,0.6624286491104329,-0.01264156401752281,0.6545102750889806,0.6671518391065034,False,3.323336504010812,1.4502149842290848,1.873121519781727,6.646673008021624
1,8,2093320061,local_020,-0.27214910314418356,-0.9297071772582916,2.7806031550089534,0.9491411919473154,1.831461963061638,True,3.1449401987998664,0.6942119695925131,2.4507282292073533,6.289880397599733
1,8,2093320061,local_026,-0.18051877989420922,-0.2841225698274764,3.3589079998016356,3.3020428445190557,0.05686515528257985,True,2.9066805611428324,0.86543938910818,2.041241172034652,5.813361122285665
1,8,2093320061,local_028,2.366668426751495,-0.1276485658129692,1.6739008553116417,4.2012741508432425,2.527373295531601,True,3.214596422347606,1.1092634371344958,2.10533298521311,6.429192844695212
1,8,2093320061,local_029,-2.3890129852474904,-0.29397447955787026,0.7981878952777652,1.2031043946900888,0.40491649941232355,True,2.0207286023623174,0.7554137565479334,1.2653148458143841,4.041457204724635
1,8,2093320061,local_030,-1.6027807681826893,-0.7620646394364815,4.664717645328949,1.9307436610707371,2.7339739842582116,False,3.7181182517346314,0.463829384624534,3.2542888671100973,7.436236503469263
1,8,2093320061,local_032,-0.6500650411809074,-0.27715409744620856,0.6554998568021326,0.6936763034529807,0.03817644665084807,True,1.7858104129928658,0.5414118944800483,1.2443985185128175,3.5716208259857316
1,8,2093320061,local_034,0.6417728838529045,-1.7044975811549088,5.389327648608717,5.15992650619938,0.22940114240933696,False,3.3810945454847516,0.6479284322867248,2.7331661131980267,6.762189090969503
1,8,2093320061,local_035,0.30157384123670355,-0.49554903991391147,3.174158549672741,2.9151614107088566,0.2589971389638843,True,2.3792112570979755,0.6187442229912722,1.7604670341067032,4.758422514195951
1,8,2093320061,local_038,-0.28971736716460933,5.781242873063978,0.999887837146578,1.3977345355589146,0.39784669841233655,True,3.2998535540077194,0.6787601153907121,2.6210934386170073,6.599707108015439
1,8,2093320061,local_041,-1.798392900964244,-0.464521117443664,-0.7189533198861513,-0.014641062265681126,0.7043122576204701,True,2.774648875862514,0.5440260385589542,2.23062283730356,5.549297751725028
1,8,2093320061,local_051,-0.7587778380295319,-0.3365246425038785,-1.4815165072547063,-0.24876990265061993,1.2327466046040865,True,1.8797332864590426,0.5813501463798388,1.2983831400792036,3.759466572918085
1,8,2093320061,local_056,-3.694210086577135,0.5168510020409929,0.36404961917274914,1.4348458203586372,1.070796201185888,False,4.00306576105581,1.7409781501870853,2.2620876108687242,8.00613152211162
1,8,2093320061,local_057,0.9339695618223558,-0.6146023292114023,2.579870385869344,3.845258924340367,1.265388538471023,True,2.5747575043787347,0.5731704835266532,2.0015870208520816,5.149515008757469
1,8,2093320061,local_058,1.540468881622365,-0.4587381707549099,2.037608550976484,3.0179601285290087,0.9803515775525247,True,2.7516838121097966,0.5832570371862694,2.1684267749235273,5.503367624219593
1,8,2093320061,local_062,-0.6145241317077517,-0.8010966474961415,1.2106035189410012,0.1513197216416447,1.0592837972993565,True,3.0655338367601823,0.5749446220799147,2.4905892146802677,6.131067673520365
1,8,2093320061,local_063,-2.6670541407552095,-0.12277580798098542,-1.3297262114025306,-0.21236386035353944,1.1173623510489912,True,1.9840146548664954,0.4003412164811163,1.5836734383853792,3.968029309732991
1,8,2093320061,local_065,-1.6848416489281408,-0.4725726632186117,1.9529419112666955,0.9407817558098122,1.0121601554568833,True,1.6820292401928107,0.39395197178649327,1.2880772684063175,3.3640584803856215
1,8,2093320061,local_077,-2.081040686945717,-0.5564691827344194,3.4387797773024618,0.9550233872795251,2.4837563900229367,True,2.7264406623662296,0.4966686740702875,2.2297719882959424,5.452881324732459
1,8,2093320061,local_082,-1.2012931476708681,-0.0501126281066171,1.2303015876183143,1.0130762915603861,0.21722529605792817,True,1.895058130381849,0.561605377270123,1.333452753111726,3.790116260763698
1,8,2093320061,local_090,-0.564803951377932,-0.09243354603543363,-0.004471062320401842,-0.01608250609400448,0.01161144377360264,True,1.5153382420059158,0.49346942795731175,1.021868814048604,3.0306764840118317
1,8,2093320061,local_095,0.5518387651792833,-0.197765499937733,-0.6319926675649787,-0.5551285648710723,0.07686410269390642,True,2.230618224254161,0.49616990655863114,1.7344483176955294,4.461236448508322
1,8,2093320061,local_107,-0.5590376450883418,-0.3237305325415634,-1.117637334187826,0.4827625499772154,1.6003998841650415,True,1.825126735491286,0.3962983646390497,1.4288283708522362,3.6502534709825714
1,8,2093320061,local_109,1.3181211774554507,-0.08498166714027108,3.049920091820087,3.269960900023083,0.2200408082029961,True,2.844527689985176,0.8882888689853706,1.9562388209998054,5.689055379970352
1,9,3964917916,local_002,3.2497920769421724,0.29443475884283377,0.22199857905345688,1.061219496140339,0.8392209170868821,True,3.0678364819012467,1.1234444641302457,1.9443920177710012,6.135672963802493
1,9,3964917916,local_007,1.5608012769808957,-1.2002359527976414,3.4813968680245533,2.8468815086089325,0.6345153594156208,False,3.9604406673511074,0.8096089963954619,3.1508316709556454,7.920881334702216
1,9,3964917916,local_011,1.4097025193829202,-1.0037363140595954,3.1613948953701905,5.350665686224672,2.1892707908544815,True,2.9473061161124887,0.6926433692856819,2.254662746826807,5.894612232224977
1,9,3964917916,local_012,0.1925404293443072,-0.7261814797309618,1.4269447016473267,2.543633032767157,1.1166883311198301,True,3.1009264382635884,0.7184045465262661,2.3825218917373223,6.201852876527177
1,9,3964917916,local_016,1.258105134599882,-0.4736043644783636,4.984591654361349,4.207410062411329,0.7771815919500202,True,2.671462860172324,0.37297486683309533,2.298487993339229,5.342925720344649
1,9,3964917916,local_022,2.5289767772317915,-0.3525405293673251,2.3066353384254437,2.615339086335635,0.3087037479101915,True,3.282234081546346,0.9092901625746705,2.3729439189716754,6.564468163092693
1,9,3964917916,local_023,-0.038250131935015926,-0.24061894351625362,2.1357396777226367,1.9568822760257998,0.17885740169683695,True,2.6964351225140124,0.4101033043571177,2.286331818156895,5.392870245028025
1,9,3964917916,local_025,-2.955827040953235,0.2416017270959956,-1.493498512759774,-1.2125674110534008,0.28093110170637314,False,3.7953216026720993,1.352699930990654,2.4426216716814455,7.590643205344199
1,9,3964917916,local_029,-2.3890129852474904,-0.29397447955787026,0.7981878952777652,0.1873890201043335,0.6107988751734317,True,2.47270955703458,0.757467610710005,1.715241946324575,4.94541911406916
1,9,3964917916,local_031,0.18411157962703373,0.8377263345377207,1.2309529786759805,0.5263727491902859,0.7045802294856947,True,2.5880321055002145,0.9818718704970447,1.6061602350031696,5.176064211000429
1,9,3964917916,local_032,-0.6500650411809074,-0.27715409744620856,0.6554998568021326,0.7582281344354483,0.10272827763331571,True,1.7571952540456701,0.5315539884151619,1.2256412656305082,3.5143905080913402
1,9,3964917916,local_039,1.6717249290903744,0.11215877951332728,-1.122246264648438,-1.5390339299378928,0.4167876652894549,False,3.511544813793175,1.1994697403499053,2.31207507344327,7.02308962758635
1,9,3964917916,local_044,3.5146718675810993,0.058255648824165986,2.4753185280143444,1.7484256772644924,0.726892850749852,False,3.508366302604594,0.969027812025235,2.539338490579359,7.016732605209188
1,9,3964917916,local_047,-2.268356790936038,-0.23723674738198064,-0.7585864227082997,-0.13209688852342444,0.6264895341848753,True,1.6085993234607916,0.39655393776326736,1.2120453856975242,3.217198646921583
1,9,3964917916,local_048,0.9064989405371513,-0.5536564331283553,1.4627749467232762,2.8925517014772417,1.4297767547539655,True,2.324112715439445,0.5998282213544539,1.724284494084991,4.64822543087889
1,9,3964917916,local_054,1.1428365987285232,-1.4209607812896992,6.346695914633365,6.155662971841937,0.1910329427914279,True,2.611083417481097,0.5383220618235843,2.0727613556575126,5.222166834962193
1,9,3964917916,local_060,1.9363029983659203,-1.2233517315013342,6.356271346400899,5.22918017865264,1.127091167748259,True,2.990815855697705,0.47015406293807427,2.520661792759631,5.98163171139541
1,9,3964917916,local_064,0.9897807201449788,-0.17096028795406223,1.0780569239524018,-0.9415369346578333,2.019593858610235,True,2.646264517562562,0.6014866125636475,2.0447779049989143,5.292529035125124
1,9,3964917916,local_067,0.7381781696141017,-1.539545791200865,4.329723446600152,4.192465367451083,0.13725807914906873,False,3.504974620323565,0.7422556815777229,2.7627189387458424,7.009949240647131
1,9,3964917916,local_068,-1.7575747015191168,-0.20039173493656942,1.153900891534212,0.6053030670789679,0.5485978244552441,True,1.8722113997337648,0.4263313711550305,1.4458800285787343,3.7444227994675297
1,9,3964917916,local_070,-2.8945109126893396,-0.016464980429442246,2.1991294680640814,0.6300703644852877,1.5690591035787937,True,2.1478187937201336,0.6903809707258038,1.45743782299433,4.295637587440267
1,9,3964917916,local_076,-1.293898297110151,-0.27765386800014663,2.421905947816138,-0.02990635001178002,2.451812297827918,True,1.4583781744450701,0.5114469420467173,0.9469312323983528,2.9167563488901402
1,9,3964917916,local_078,0.4242161442736185,-0.7321754487660358,4.369789645512899,3.148405768425091,1.221383877087808,True,2.920455804811038,0.4887940651239269,2.4316617396871107,5.840911609622076
1,9,3964917916,local_087,-1.7032908164160323,-0.2017911341778647,-0.3145730268546387,0.19450493382092884,0.5090779606755675,True,1.6927594215608353,0.5458495655911025,1.1469098559697326,3.3855188431216705
1,9,3964917916,local_095,0.5518387651792833,-0.197765499937733,-0.6319926675649787,-0.6846687584385935,0.0526760908736148,True,2.5111923380646246,0.40822183170621734,2.102970506358407,5.022384676129249
1,9,3964917916,local_100,-1.5767446882047362,-0.7003605127292428,-1.7801574299070566,0.6920195943339189,2.4721770242409757,True,2.3493342441612843,0.45501905024672756,1.8943151939145568,4.698668488322569
1,9,3964917916,local_101,1.8305233435228436,-1.167104312310491,3.3243548706847355,2.520115701229096,0.8042391694556397,False,3.5019125688898627,0.7775977230175969,2.7243148458722657,7.003825137779726
1,9,3964917916,local_107,-0.5590376450883418,-0.3237305325415634,-1.117637334187826,0.6567143919776943,1.7743517261655204,True,1.738385848776371,0.38852065679096043,1.3498651919854106,3.476771697552742
1,10,1500031395,local_001,1.0555685058516724,5.821691499600044,1.725786379496256,1.4412307874472245,0.28455559204903147,False,3.4949601483158212,0.7528784565076174,2.742081691808204,6.9899202966316425
1,10,1500031395,local_015,3.895434214215513,-0.6593435483587626,2.732424938964845,2.786800432218041,0.054375493253195906,True,3.290702475676731,1.4189303271831202,1.8717721484936107,6.581404951353462
1,10,1500031395,local_021,0.11286537437837839,-0.27053990729743377,0.766750504069857,0.4541277584903187,0.3126227455795383,True,3.0671148899896314,0.9863764103088866,2.080738479680745,6.134229779979263
1,10,1500031395,local_022,2.5289767772317915,-0.3525405293673251,2.3066353384254437,2.355010078932475,0.048374740507031166,True,3.0184151431993564,0.7217925382932262,2.2966226049061302,6.036830286398713
1,10,1500031395,local_025,-2.955827040953235,0.2416017270959956,-1.493498512759774,0.08533325435606676,1.5788317671158407,False,3.795053886875584,1.700798350776764,2.09425553609882,7.590107773751168
1,10,1500031395,local_026,-0.18051877989420922,-0.2841225698274764,3.3589079998016356,3.3104455724247814,0.048462427376854134,True,2.9505019009114144,0.8744384078023835,2.076063493109031,5.901003801822829
1,10,1500031395,local_029,-2.3890129852474904,-0.29397447955787026,0.7981878952777652,1.1640376253630238,0.36584973008525856,True,2.1312358624621845,0.759302044988379,1.3719338174738054,4.262471724924369
1,10,1500031395,local_032,-0.6500650411809074,-0.27715409744620856,0.6554998568021326,0.5340322863885425,0.12146757041359013,True,1.7542843540004884,0.5486495364502431,1.2056348175502454,3.5085687080009764
1,10,1500031395,local_033,-0.5424368719445116,0.8959084823244202,2.6824910593668623,2.693371899685576,0.010880840318713947,True,2.689900820542766,0.5533852207972049,2.136515599745561,5.379801641085532
1,10,1500031395,local_035,0.30157384123670355,-0.49554903991391147,3.174158549672741,2.9151614121209777,0.25899713755176323,True,2.3792112551767435,0.6187442230670852,1.7604670321096585,4.758422510353487
1,10,1500031395,local_043,1.210095849090365,-0.009559285629922776,2.162841306612088,3.133663957104863,0.9708226504927748,False,3.546345069378793,0.6125115928426208,2.933833476536172,7.092690138757586
1,10,1500031395,local_045,0.4121763198396254,-0.23221723741969644,-1.380939162415344,-0.5437569830705429,0.8371821793448011,True,2.025642122317065,0.47829014306889434,1.5473519792481707,4.05128424463413
1,10,1500031395,local_046,-0.8271523445342699,-0.8291581260132956,1.0081273739306953,0.17311874885862671,0.8350086250720685,False,3.5993051321412683,0.7666173590907569,2.8326877730505116,7.198610264282537
1,10,1500031395,local_051,-0.7587778380295319,-0.3365246425038785,-1.4815165072547063,-0.25023944495156647,1.23127706230314,True,1.8771170449402206,0.5814656780866291,1.2956513668535916,3.754234089880441
1,10,1500031395,local_056,-3.694210086577135,0.5168510020409929,0.36404961917274914,1.7043821206899477,1.3403325015171985,False,3.8258698859078457,1.8367920207375001,1.9890778651703458,7.651739771815691
1,10,1500031395,local_057,0.9339695618223558,-0.6146023292114023,2.579870385869344,3.4963915051253176,0.9165211192559735,True,2.4905736479293292,0.613192468811889,1.8773811791174402,4.9811472958586585
1,10,1500031395,local_060,1.9363029983659203,-1.2233517315013342,6.356271346400899,5.272007092821713,1.0842642535791853,True,2.972656815308367,0.46980383249067437,2.5028529828176924,5.9453136306167345
1,10,1500031395,local_063,-2.6670541407552095,-0.12277580798098542,-1.3297262114025306,1.129501980648914,2.4592281920514445,True,3.214058754015462,0.8496364688006921,2.36442228521477,6.428117508030924
1,10,1500031395,local_065,-1.6848416489281408,-0.4725726632186117,1.9529419112666955,0.7534763879707661,1.1994655232959293,True,1.7766370844163828,0.4151007166303677,1.361536367786015,3.5532741688327656
1,10,1500031395,local_068,-1.7575747015191168,-0.20039173493656942,1.153900891534212,0.6309111727664105,0.5229897187678014,True,1.8251663657986439,0.4198236880236868,1.4053426777749571,3.6503327315972878
1,10,1500031395,local_069,0.20342179077095635,-0.4679378688420322,1.1223452203876905,0.5976628512425814,0.524682369145109,True,2.7457734799600777,0.697174974294434,2.0485985056656437,5.491546959920155
1,10,1500031395,local_072,1.1264406989267994,-0.223240391649185,-1.481148929614375,-0.9077300314932725,0.5734188981211025,True,2.2420936571595,0.46602637153041315,1.7760672856290864,4.484187314319
1,10,1500031395,local_081,1.6393305439393169,-1.4781635232978165,3.3972131688044627,3.581448711556874,0.18423554275241116,True,2.8686270932213453,0.7007859159791957,2.1678411772421495,5.737254186442691
1,10,1500031395,local_094,-0.16964130627183818,0.9132649099129715,1.51784085591634,1.3756414479741483,0.14219940794219177,True,2.79056920547324,0.4089440950362955,2.381625110436944,5.58113841094648
1,10,1500031395,local_098,1.34386354731387,-0.6672217875389314,4.573517989147881,2.528174799901718,2.0453431892461627,True,2.950806712950713,0.4245890600378628,2.5262176529128504,5.901613425901427
1,10,1500031395,local_099,-2.7991976070301092,-0.03771030219619101,0.9317134751092819,0.6207383719224119,0.31097510318687005,True,2.4883735976413264,0.7175074873410933,1.7708661103002332,4.976747195282653
1,10,1500031395,local_101,1.8305233435228436,-1.167104312310491,3.3243548706847355,2.6890236439108715,0.635331226773864,True,3.1510824894807232,0.7205538175324508,2.4305286719482724,6.3021649789614465
1,10,1500031395,local_107,-0.5590376450883418,-0.3237305325415634,-1.117637334187826,0.5918073597969964,1.7094446939848225,True,1.6875425343100012,0.378011499372614,1.3095310349373872,3.3750850686200025
1,11,2214536297,local_004,0.7123925093361396,-0.7929560795628144,3.22451144482467,3.8814904363860396,0.6569789915613695,True,2.4557725831566897,0.4170505051435767,2.038722078013113,4.911545166313379
1,11,2214536297,local_016,1.258105134599882,-0.4736043644783636,4.984591654361349,4.203789720593367,0.7808019337679823,True,2.651397727497354,0.37634252016054404,2.27505520733681,5.302795454994708
1,11,2214536297,local_019,2.9364700958382253,0.6624286491104329,-0.01264156401752281,0.6551600779762672,0.66780164199379,False,3.32270754192811,1.4502921550336318,1.872415386894478,6.64541508385622
1,11,2214536297,local_020,-0.27214910314418356,-0.9297071772582916,2.7806031550089534,0.9633732752553636,1.8172298797535897,True,3.132148965582154,0.6951803637407986,2.4369686018413557,6.264297931164308
1,11,2214536297,local_027,1.9615630284503007,-1.3563548592985808,6.076206580528844,5.866534859759366,0.20967172076947804,True,3.2543596888401445,0.5323544273598492,2.7220052614802954,6.50871937768029
1,11,2214536297,local_040,-2.303494734445533,-0.05511785118429728,1.2805820576985676,1.2492936162717379,0.03128844142682974,True,2.1281262441741653,0.6429321214963036,1.4851941226778618,4.256252488348331
1,11,2214536297,local_042,0.8715451765572353,-0.6345997284201466,2.659321951370733,2.5679644523044063,0.09135749906632684,True,2.464952702764955,0.6356730956999344,1.8292796070650208,4.92990540552991
1,11,2214536297,local_048,0.9064989405371513,-0.5536564331283553,1.4627749467232762,2.8806287108857265,1.4178537641624502,True,2.3705949851177808,0.602049331852605,1.7685456532651755,4.7411899702355615
1,11,2214536297,local_052,-0.023531183145550187,5.998584528116516,1.2522175806439106,1.0004573751227024,0.25176020552120826,False,4.76277309297557,0.8207952558090708,3.9419778371664993,9.52554618595114
1,11,2214536297,local_054,1.1428365987285232,-1.4209607812896992,6.346695914633365,6.157756978184915,0.18893893644844972,True,3.094111908468048,0.5584498081969816,2.5356621002710664,6.188223816936097
1,11,2214536297,local_059,-0.719554608619687,-0.19205772655531425,-0.41983662442111847,-0.20340243065791735,0.2164341937632011,True,1.945144604448181,0.6091863767127546,1.3359582277354265,3.8902892088963617
1,11,2214536297,local_064,0.9897807201449788,-0.17096028795406223,1.0780569239524018,-0.7665736032571456,1.8446305272095476,True,2.1031765568617824,0.48442562142849543,1.618750935433287,4.206353113723565
1,11,2214536297,local_065,-1.6848416489281408,-0.4725726632186117,1.9529419112666955,0.47392788658914276,1.4790140246775527,True,1.8291761388702776,0.43896462243097495,1.3902115164393027,3.6583522777405557
1,11,2214536297,local_067,0.7381781696141017,-1.539545791200865,4.329723446600152,4.454971543783144,0.12524809718299235,False,3.3590146529982605,0.681812700896625,2.6772019521016355,6.718029305996522
1,11,2214536297,local_068,-1.7575747015191168,-0.20039173493656942,1.153900891534212,0.39095587590629693,0.762945015627915,True,1.9780188943519936,0.45743689611866006,1.5205819982333335,3.9560377887039873
1,11,2214536297,local_073,1.7612502746702892,-1.364461686143103,6.216447191482935,5.153370499278112,1.063076692204823,True,2.834689375108078,0.6398046297803626,2.1948847453277156,5.669378750216156
1,11,2214536297,local_077,-2.081040686945717,-0.5564691827344194,3.4387797773024618,1.216093364026033,2.2226864132764286,True,2.1779385128336557,0.3788291752939048,1.799109337539751,4.355877025667311
1,11,2214536297,local_079,-1.8328065818392545,-0.2700102607673158,0.24657180963046255,0.5621045516177244,0.3155327419872619,True,2.040229789124696,0.4924833071930983,1.5477464819315976,4.080459578249392
1,11,2214536297,local_081,1.6393305439393169,-1.4781635232978165,3.3972131688044627,3.7854993632233653,0.38828619441890266,True,2.866368997760446,0.6251443499512184,2.2412246478092275,5.732737995520892
1,11,2214536297,local_082,-1.2012931476708681,-0.0501126281066171,1.2303015876183143,0.6798695142145597,0.5504320734037547,True,2.097117725160521,0.5844942736516415,1.5126234515088792,4.194235450321042
1,11,2214536297,local_087,-1.7032908164160323,-0.2017911341778647,-0.3145730268546387,0.3101319214831212,0.6247049483377599,True,2.004319826297209,0.5514278751113091,1.4528919511858998,4.008639652594418
1,11,2214536297,local_089,-1.225996736343755,-0.48676905411777177,1.5416776532259857,0.6444850774955753,0.8971925757304104,True,2.5729897674335898,0.7425235119402617,1.830466255493328,5.1459795348671795
1,11,2214536297,local_095,0.5518387651792833,-0.197765499937733,-0.6319926675649787,-0.759784241762023,0.12779157419704423,True,2.1468118513183896,0.4559657857741405,1.6908460655442492,4.293623702636779
1,11,2214536297,local_102,-1.4997920610953346,-0.7446341657666257,-0.08665273386637384,0.05829573118226275,0.1449484650486366,True,3.014286949394755,0.6312253876770726,2.3830615617176822,6.02857389878951
1,11,2214536297,local_103,0.1651033041200809,-0.3750748868098575,2.151451302490235,1.9695307739393668,0.18192052855086804,True,2.503414674831807,0.3394069889169618,2.164007685914845,5.006829349663614
1,11,2214536297,local_108,0.9604770654395144,-1.5469973742509093,6.578980262744062,6.057078468986793,0.5219017937572685,True,3.236616689660656,0.37687716312444497,2.859739526536211,6.473233379321311
1,11,2214536297,local_109,1.3181211774554507,-0.08498166714027108,3.049920091820087,3.2286389337246963,0.17871884190460952,True,3.029890908675168,0.8980446754188967,2.131846233256271,6.059781817350336
1,11,2214536297,local_110,-2.5350017144439247,-0.08821317424906,-0.9447126583523211,0.32444202147550594,1.269154679827827,True,1.9423531961663505,0.48451217260814883,1.4578410235582016,3.884706392332701
1,12,1182118753,local_002,3.2497920769421724,0.29443475884283377,0.22199857905345688,2.462938501844616,2.240939922791159,True,3.1551009622362116,1.3358393801462556,1.819261582089956,6.310201924472423
1,12,1182118753,local_003,4.373068855030794,0.20074650244502454,1.5581075503338564,2.0535702886602474,0.495462738326391,False,4.8708900976553515,1.4994383312949946,3.371451766360357,9.741780195310703
1,12,1182118753,local_006,1.1371008353109753,-1.4199982071033685,6.879289266540233,6.016638379381484,0.8626508871587495,False,3.585020475950094,0.8576922234257394,2.7273282525243547,7.170040951900189
1,12,1182118753,local_010,-1.448002228692716,-0.0840485524073864,0.4895771132022282,0.8631844502034292,0.37360733700120097,True,2.0179412485916024,0.5430518034059023,1.4748894451857,4.035882497183205
1,12,1182118753,local_014,-0.9007942378325358,0.523496526540537,1.153590305484764,0.032370084878979855,1.1212202206057842,True,2.8094337783385797,1.139648147356375,1.6697856309822043,5.618867556677159
1,12,1182118753,local_020,-0.27214910314418356,-0.9297071772582916,2.7806031550089534,0.7100851951631576,2.070517959845796,True,3.157763258648881,0.7833883846281339,2.3743748740207473,6.315526517297762
1,12,1182118753,local_024,-0.09116417831474274,-0.2917064245809222,0.6244122394659586,0.12614634845546793,0.4982658910104907,True,2.7546627115640274,0.8426201787893816,1.912042532774646,5.509325423128055
1,12,1182118753,local_027,1.9615630284503007,-1.3563548592985808,6.076206580528844,6.2458646596073635,0.16965807907851982,True,2.9273649597232634,0.3892118747359192,2.538153084987344,5.854729919446527
1,12,1182118753,local_028,2.366668426751495,-0.1276485658129692,1.6739008553116417,5.168274410172824,3.4943735548611823,False,3.6415335064779777,1.2666799504264967,2.3748535560514807,7.2830670129559545
1,12,1182118753,local_029,-2.3890129852474904,-0.29397447955787026,0.7981878952777652,1.2832942727899577,0.48510637751219243,True,2.2270012759302578,0.7686216107738068,1.4583796651564511,4.4540025518605155
1,12,1182118753,local_037,-0.9078244340747956,0.8588819294739267,1.3433813583374024,0.3280037889946231,1.0153775693427791,True,2.3812423176359743,0.6032540088289031,1.7779883088070711,4.7624846352719485
1,12,1182118753,local_039,1.6717249290903744,0.11215877951332728,-1.122246264648438,-0.8676792573654443,0.25456700728299364,False,3.6155287301683323,1.127764801094339,2.487763929073993,7.231057460336665
1,12,1182118753,local_042,0.8715451765572353,-0.6345997284201466,2.659321951370733,2.5253162677323,0.13400568363843313,True,2.1959596239572265,0.6374446251798832,1.5585149987773432,4.391919247914453
1,12,1182118753,local_053,-1.6417611874050637,-0.07566986350920644,-1.1486642040449873,-0.03031263424850028,1.118351569796487,True,2.4025607618733966,0.597999231540097,1.8045615303332994,4.805121523746793
1,12,1182118753,local_054,1.1428365987285232,-1.4209607812896992,6.346695914633365,6.217934055928286,0.1287618587050794,False,3.391665495702413,0.5518460639130327,2.8398194317893806,6.783330991404825
1,12,1182118753,local_057,0.9339695618223558,-0.6146023292114023,2.579870385869344,3.8463412725536754,1.2664708866843313,True,2.7869075789222393,0.6004964209937005,2.186411157928539,5.573815157844479
1,12,1182118753,local_062,-0.6145241317077517,-0.8010966474961415,1.2106035189410012,0.1753603856132657,1.0352431333277354,True,3.076196660787037,0.5732380328548692,2.502958627932168,6.152393321574074
1,12,1182118753,local_063,-2.6670541407552095,-0.12277580798098542,-1.3297262114025306,-0.0063281404246053816,1.3233980709779252,True,1.8116558171378871,0.39473581660411156,1.4169200005337756,3.6233116342757743
1,12,1182118753,local_065,-1.6848416489281408,-0.4725726632186117,1.9529419112666955,0.7417574904034598,1.2111844208632356,True,2.280986196060639,0.5458776477493936,1.7351085483112452,4.561972392121278
1,12,1182118753,local_071,0.14989191574478114,5.863523796772882,1.6104133850546454,1.3220660960555781,0.28834728899906725,True,3.1534641330063913,0.561731811400444,2.591732321605947,6.306928266012783
1,12,1182118753,local_083,-1.628111746918159,-0.7325324076119535,3.192841780011454,1.4795095463980439,1.7133322336134102,True,2.8233551182324317,0.39063983631917704,2.4327152819132545,5.646710236464863
1,12,1182118753,local_087,-1.7032908164160323,-0.2017911341778647,-0.3145730268546387,0.41227051501384465,0.7268435418684833,True,1.6975470779324668,0.5078330951147154,1.1897139828177514,3.3950941558649337
1,12,1182118753,local_088,1.7561590985223667,-0.1731114805702994,2.8589108825256133,2.560038441957976,0.2988724405676373,True,3.1625758853129353,1.0757813278202175,2.0867945574927176,6.325151770625871
1,12,1182118753,local_089,-1.225996736343755,-0.48676905411777177,1.5416776532259857,0.40909178255260376,1.132585870673382,True,2.555697912326861,0.9282258019063149,1.627472110420546,5.111395824653722
1,12,1182118753,local_091,0.5468080006823893,-0.6441214219069032,2.9606815474444153,2.888574509629002,0.07210703781541339,True,2.0993862187581334,0.42802946081906107,1.6713567579390725,4.198772437516267
1,12,1182118753,local_095,0.5518387651792833,-0.197765499937733,-0.6319926675649787,-0.8247258654575577,0.19273319789257892,True,3.00131170950985,0.5223217746867208,2.478989934823129,6.0026234190197
1,12,1182118753,local_102,-1.4997920610953346,-0.7446341657666257,-0.08665273386637384,-0.03146693480889101,0.05518579905748283,True,2.979399849948498,0.6390439973730705,2.3403558525754278,5.958799699896996
1,12,1182118753,local_107,-0.5590376450883418,-0.3237305325415634,-1.117637334187826,0.5180293038704313,1.6356666380582574,True,2.3390803239021163,0.5933870987762995,1.7456932251258168,4.678160647804233
1,13,70074311,local_007,1.5608012769808957,-1.2002359527976414,3.4813968680245533,3.0248509822660483,0.45654588575850497,False,3.6536415800626223,0.8196933023625574,2.8339482777000646,7.307283160125245
1,13,70074311,local_013,-1.3801894575152416,1.000555173078204,1.20465650201613,1.8779245852522906,0.6732680832361606,True,2.2042763187621075,0.6676657404650586,1.536610578297049,4.408552637524215
1,13,70074311,local_014,-0.9007942378325358,0.523496526540537,1.153590305484764,0.4773785153665653,0.6762117901181988,True,3.2376481496934995,1.167475344418717,2.0701728052747828,6.475296299386999
1,13,70074311,local_017,0.8447455270304304,0.5804330004879303,4.12669131365913,2.097261931359224,2.029429382299906,True,3.2568831946073984,1.2928334279593514,1.964049766648047,6.513766389214798
1,13,70074311,local_019,2.9364700958382253,0.6624286491104329,-0.01264156401752281,0.2645674670139198,0.2772090310314426,True,3.2564876890939543,1.4984637299475727,1.7580239591463818,6.5129753781879085
1,13,70074311,local_026,-0.18051877989420922,-0.2841225698274764,3.3589079998016356,2.2848665475615424,1.0740414522400932,True,2.8928146981262852,1.0274095971564783,1.8654051009698072,5.7856293962525704
1,13,70074311,local_028,2.366668426751495,-0.1276485658129692,1.6739008553116417,3.93354864343675,2.2596477881251085,False,3.387674245874353,1.1777713463104051,2.209902899563948,6.775348491748707
1,13,70074311,local_029,-2.3890129852474904,-0.29397447955787026,0.7981878952777652,1.216723035123418,0.4185351398456527,True,2.0338722212277736,0.7565120260399798,1.277360195187794,4.067744442455547
1,13,70074311,local_031,0.18411157962703373,0.8377263345377207,1.2309529786759805,0.5013158677482105,0.7296371109277701,True,2.4830118734280857,0.9798147754038706,1.503197098024215,4.966023746856171
1,13,70074311,local_032,-0.6500650411809074,-0.27715409744620856,0.6554998568021326,0.12111431797078916,0.5343855388313434,True,1.976959201520763,0.5437765725181415,1.4331826290026217,3.953918403041526
1,13,70074311,local_033,-0.5424368719445116,0.8959084823244202,2.6824910593668623,2.708659528849353,0.026168469482490853,True,2.4554893347848328,0.4998197211228109,1.9556696136620217,4.9109786695696656
1,13,70074311,local_034,0.6417728838529045,-1.7044975811549088,5.389327648608717,5.159791241205108,0.22953640740360903,False,3.3831142259496745,0.6476938070220877,2.735420418927587,6.766228451899348
1,13,70074311,local_038,-0.28971736716460933,5.781242873063978,0.999887837146578,1.380158394795402,0.3802705576488239,False,3.3360090213371967,0.6946982176484108,2.641310803688786,6.672018042674393
1,13,70074311,local_041,-1.798392900964244,-0.464521117443664,-0.7189533198861513,0.036173647252585706,0.7551269671387371,True,2.807302728014909,0.5922697063468659,2.2150330216680434,5.614605456029818
1,13,70074311,local_042,0.8715451765572353,-0.6345997284201466,2.659321951370733,2.5163424737767377,0.14297947759399543,True,2.2096518677641317,0.6368875763271309,1.5727642914370006,4.419303735528263
1,13,70074311,local_044,3.5146718675810993,0.058255648824165986,2.4753185280143444,1.8480017133583664,0.627316814655978,True,3.1661953146961475,0.7460024244272399,2.4201928902689076,6.332390629392295
1,13,70074311,local_046,-0.8271523445342699,-0.8291581260132956,1.0081273739306953,-0.10890663182964469,1.11703400576034,False,4.39179050730131,0.7410917635953939,3.650698743705916,8.78358101460262
1,13,70074311,local_055,1.6383809321440104,-1.0726060175695855,5.689955578486124,4.096462563723119,1.5934930147630055,True,2.41378772993799,0.45358723369688825,1.9602004962411017,4.82757545987598
1,13,70074311,local_065,-1.6848416489281408,-0.4725726632186117,1.9529419112666955,0.4316523456333586,1.521289565633337,True,2.012350809545037,0.5494249211811761,1.462925888363861,4.024701619090074
1,13,70074311,local_073,1.7612502746702892,-1.364461686143103,6.216447191482935,5.2609595648988945,0.9554876265840404,True,2.686457905584331,0.49161451757353725,2.194843388010794,5.372915811168662
1,13,70074311,local_080,-0.6659324516941341,-0.020071403745315682,1.3884928186035155,0.28796850922142636,1.1005243093820891,True,2.6313437736597702,0.8278819793786614,1.8034617942811086,5.2626875473195405
1,13,70074311,local_081,1.6393305439393169,-1.4781635232978165,3.3972131688044627,3.625808926107151,0.22859575730268844,False,3.494351695964491,0.7482335694910129,2.746118126473478,6.988703391928983
1,13,70074311,local_082,-1.2012931476708681,-0.0501126281066171,1.2303015876183143,0.28375383808330334,0.946547749535011,True,2.176379658471947,0.6366109737380446,1.5397686847339025,4.352759316943894
1,13,70074311,local_084,1.1679639592263458,5.8921249747384365,1.2955399081796255,1.3109072704846092,0.0153673623049837,True,3.16038611092716,0.6462900321775513,2.5140960787496085,6.32077222185432
1,13,70074311,local_093,-2.177327765131337,-0.5513069535987809,0.8240073865594715,0.7697456326625709,0.05426175389690058,True,2.3488235834983993,0.5797281189155122,1.769095464582887,4.6976471669967985
1,13,70074311,local_101,1.8305233435228436,-1.167104312310491,3.3243548706847355,2.5865209487442984,0.7378339219404371,False,3.578804890703924,0.7265928847492571,2.8522120059546667,7.157609781407848
1,13,70074311,local_105,-1.2512087995314978,-0.7427184341516534,2.4518820236124466,2.3798580599736257,0.07202396363882091,False,3.942484551917081,0.5666127899629608,3.37587176195412,7.884969103834161
1,13,70074311,local_111,0.391438721884527,-0.5187723499295654,3.890250156784058,2.43489388638472,1.4553562703993381,True,2.367877991630774,0.5187395575463872,1.8491384340843866,4.735755983261548
1,14,3470859495,local_003,4.373068855030794,0.20074650244502454,1.5581075503338564,-0.20817483437112952,1.766282384704986,False,4.929767286248141,2.651890237863611,2.27787704838453,9.859534572496282
1,14,3470859495,local_007,1.5608012769808957,-1.2002359527976414,3.4813968680245533,2.997271745773179,0.4841251222513745,True,2.8171472710003322,0.7466960092099493,2.070451261790383,5.634294542000665
1,14,3470859495,local_010,-1.448002228692716,-0.0840485524073864,0.4895771132022282,1.0191598332870084,0.5295827200847802,True,2.1375337827380503,0.7761341158764762,1.361399666861574,4.275067565476101
1,14,3470859495,local_013,-1.3801894575152416,1.000555173078204,1.20465650201613,1.2103983804427783,0.005741878426648306,True,2.225639879161237,0.7435422994425802,1.4820975797186566,4.451279758322474
1,14,3470859495,local_015,3.895434214215513,-0.6593435483587626,2.732424938964845,1.0947653774953527,1.6376595614694922,False,3.5474500131576527,1.3838772691116437,2.163572744046009,7.0949000263153055
1,14,3470859495,local_016,1.258105134599882,-0.4736043644783636,4.984591654361349,4.114419361470325,0.8701722928910245,True,2.8643265313711583,0.4995593833802051,2.3647671479909533,5.728653062742316
1,14,3470859495,local_019,2.9364700958382253,0.6624286491104329,-0.01264156401752281,0.6545161513008507,0.6671577153183735,False,3.3233308048592143,1.450215674541518,1.8731151303176963,6.646661609718429
1,14,3470859495,local_021,0.11286537437837839,-0.27053990729743377,0.766750504069857,0.3475698458114259,0.4191806582584311,True,3.1836199296631813,0.9712995731444579,2.2123203565187235,6.367239859326363
1,14,3470859495,local_037,-0.9078244340747956,0.8588819294739267,1.3433813583374024,0.8033289698816675,0.5400523884557349,True,2.147353687960851,0.4302762446567756,1.7170774433040752,4.294707375921702
1,14,3470859495,local_038,-0.28971736716460933,5.781242873063978,0.999887837146578,1.3743192359405605,0.37443139879398246,True,3.288858714075428,0.7021065323305367,2.5867521817448913,6.577717428150856
1,14,3470859495,local_041,-1.798392900964244,-0.464521117443664,-0.7189533198861513,-0.06225422076185924,0.656699099124292,True,2.8495275623777276,0.5743447160505157,2.275182846327212,5.699055124755455
1,14,3470859495,local_044,3.5146718675810993,0.058255648824165986,2.4753185280143444,0.8943621867430337,1.5809563412713108,False,4.14540706871059,1.6777764421416663,2.4676306265689236,8.29081413742118
1,14,3470859495,local_047,-2.268356790936038,-0.23723674738198064,-0.7585864227082997,0.15353695967708755,0.9121233823853873,True,2.3050284794544496,0.5047937506367014,1.8002347288177483,4.610056958908899
1,14,3470859495,local_050,1.760674782698319,5.476924146492508,1.2550455169936798,1.2460681527288615,0.008977364264818322,False,3.455675204932418,1.0799132080818,2.3757619968506183,6.911350409864836
1,14,3470859495,local_051,-0.7587778380295319,-0.3365246425038785,-1.4815165072547063,-0.26516032086693403,1.2163561863877723,True,1.908301992087711,0.5870952448133274,1.3212067472743834,3.816603984175422
1,14,3470859495,local_058,1.540468881622365,-0.4587381707549099,2.037608550976484,3.00911449165675,0.9715059406802657,True,2.7844157028841243,0.5659493227438593,2.218466380140265,5.568831405768249
1,14,3470859495,local_059,-0.719554608619687,-0.19205772655531425,-0.41983662442111847,0.007426244291595753,0.42726286871271424,True,1.6671817489280072,0.5261139109044133,1.141067838023594,3.3343634978560144
1,14,3470859495,local_063,-2.6670541407552095,-0.12277580798098542,-1.3297262114025306,0.19240506833638032,1.5221312797389108,True,2.124795723310479,0.3979938098064189,1.7268019135040598,4.249591446620958
1,14,3470859495,local_074,-1.7515999553522472,0.13597084090370462,1.1800834039597277,0.201564103436518,0.9785193005232097,True,2.337907857976729,0.7263561191234109,1.6115517388533183,4.675815715953458
1,14,3470859495,local_079,-1.8328065818392545,-0.2700102607673158,0.24657180963046255,0.6218423860927121,0.3752705764622496,True,2.3974816538915285,0.5873486419006608,1.8101330119908676,4.794963307783057
1,14,3470859495,local_080,-0.6659324516941341,-0.020071403745315682,1.3884928186035155,0.9256073858778282,0.4628854327256873,True,2.498109640683882,0.880017363745116,1.6180922769387658,4.996219281367764
1,14,3470859495,local_083,-1.628111746918159,-0.7325324076119535,3.192841780011454,2.327764985597913,0.8650767944135414,False,3.426256570218807,0.44886444140580956,2.977392128812997,6.852513140437614
1,14,3470859495,local_087,-1.7032908164160323,-0.2017911341778647,-0.3145730268546387,0.509562049990693,0.8241350768453317,True,1.8827586293874314,0.5799192404044679,1.3028393889829635,3.765517258774863
1,14,3470859495,local_090,-0.564803951377932,-0.09243354603543363,-0.004471062320401842,0.16727727918362906,0.1717483415040309,True,1.4531868918893793,0.48126165738604226,0.971925234503337,2.9063737837787587
1,14,3470859495,local_096,-0.969563804472342,0.9185705315751015,3.861732006597601,2.040731737758067,1.821000268839534,True,2.2716470882781907,0.48611279844318267,1.785534289835008,4.5432941765563815
1,14,3470859495,local_104,1.0458354553515201,-0.3360919135789393,3.653826071602956,3.481237019204541,0.17258905239841482,True,2.8304722502547457,0.4968775928107341,2.3335946574440114,5.660944500509492
1,14,3470859495,local_107,-0.5590376450883418,-0.3237305325415634,-1.117637334187826,0.7778425476996832,1.8954798818875092,True,1.491028142762554,0.30774178414420783,1.1832863586183462,2.982056285525108
1,14,3470859495,local_110,-2.5350017144439247,-0.08821317424906,-0.9447126583523211,0.6671339099413061,1.6118465682936272,True,2.1415772430915916,0.49082692767280084,1.6507503154187908,4.283154486183183
1,15,713835910,local_008,1.98668403966542,-0.20733989514796386,-2.311528537700702,-0.7900912208467021,1.521437316854,False,4.889033225588658,0.5711933885581243,4.317839837030534,9.778066451177317
1,15,713835910,local_012,0.1925404293443072,-0.7261814797309618,1.4269447016473267,2.814386669116858,1.3874419674695315,True,3.063073220148632,0.6904238542849801,2.372649365863652,6.126146440297264
1,15,713835910,local_016,1.258105134599882,-0.4736043644783636,4.984591654361349,4.114424855406716,0.8701667989546333,True,2.863542986821513,0.49972980488020124,2.363813181941312,5.727085973643026
1,15,713835910,local_018,3.4457542071455705,-0.6060611208389725,0.030611106676933453,1.1400822545160676,1.1094711478391341,False,4.963837992631323,1.557035953854729,3.4068020387765934,9.927675985262645
1,15,713835910,local_019,2.9364700958382253,0.6624286491104329,-0.01264156401752281,0.49859475789331176,0.5112363219108346,False,3.7075282361648902,1.5321962035150198,2.1753320326498704,7.4150564723297805
1,15,713835910,local_023,-0.038250131935015926,-0.24061894351625362,2.1357396777226367,1.9568691023211666,0.1788705754014701,True,2.6963696393283616,0.4101323764848557,2.286237262843506,5.392739278656723
1,15,713835910,local_025,-2.955827040953235,0.2416017270959956,-1.493498512759774,-0.14196041311639523,1.3515380996433788,False,3.4821973793892083,0.978205628822202,2.5039917505670064,6.9643947587784165
1,15,713835910,local_028,2.366668426751495,-0.1276485658129692,1.6739008553116417,3.9693128392539814,2.2954119839423397,True,3.2072617992258103,1.1726478790761163,2.034613920149694,6.414523598451622
1,15,713835910,local_036,-2.0421420476106977,-0.09492193313614562,0.5736582618550501,0.4124421592912283,0.1612161025638218,True,1.7382114652250715,0.4654645237699475,1.272746941455124,3.476422930450143
1,15,713835910,local_038,-0.28971736716460933,5.781242873063978,0.999887837146578,1.3330906156394646,0.3332027784928866,False,3.523511744538384,0.899635234883013,2.623876509655371,7.047023489076768
1,15,713835910,local_047,-2.268356790936038,-0.23723674738198064,-0.7585864227082997,0.535292317584493,1.2938787402927927,True,1.842381752728085,0.4918638692945602,1.3505178834335247,3.6847635054561696
1,15,713835910,local_048,0.9064989405371513,-0.5536564331283553,1.4627749467232762,2.6106304275947925,1.1478554808715162,True,2.3530329688090843,0.7143127479084156,1.6387202209006688,4.706065937618169
1,15,713835910,local_051,-0.7587778380295319,-0.3365246425038785,-1.4815165072547063,-0.13428617849426042,1.347230328760446,True,2.2414302107874304,0.5391253938485548,1.7023048169388757,4.482860421574861
1,15,713835910,local_053,-1.6417611874050637,-0.07566986350920644,-1.1486642040449873,0.3865525508153237,1.5352167548603108,True,2.6298148543237296,0.8485350470008783,1.781279807322851,5.259629708647459
1,15,713835910,local_060,1.9363029983659203,-1.2233517315013342,6.356271346400899,5.61661281034085,0.7396585360600483,True,3.2010741433713066,0.480918202791227,2.7201559405800797,6.402148286742612
1,15,713835910,local_063,-2.6670541407552095,-0.12277580798098542,-1.3297262114025306,1.1453505059679858,2.4750767173705164,True,2.9361310786854755,0.7810778769167783,2.1550532017686974,5.872262157370951
1,15,713835910,local_067,0.7381781696141017,-1.539545791200865,4.329723446600152,4.396058427988769,0.06633498138861693,True,3.254010509419442,0.6851702685090885,2.5688402409103532,6.508021018838884
1,15,713835910,local_070,-2.8945109126893396,-0.016464980429442246,2.1991294680640814,0.8449084891132492,1.3542209789508322,True,2.159802696137222,0.6079812917123644,1.5518214044248577,4.319605392274444
1,15,713835910,local_071,0.14989191574478114,5.863523796772882,1.6104133850546454,1.5021123058473156,0.10830107920732979,False,3.461424874408903,0.8670495911298275,2.5943752832790756,6.922849748817806
1,15,713835910,local_076,-1.293898297110151,-0.27765386800014663,2.421905947816138,0.06396268066362339,2.357943267152515,True,1.5254922201480587,0.5078655060294036,1.017626714118655,3.0509844402961175
1,15,713835910,local_077,-2.081040686945717,-0.5564691827344194,3.4387797773024618,1.1670926363059821,2.2716871409964794,True,2.2688174227043016,0.3708802755405364,1.8979371471637652,4.537634845408603
1,15,713835910,local_090,-0.564803951377932,-0.09243354603543363,-0.004471062320401842,0.13372417396353142,0.13819523628393326,True,1.3766508652667881,0.45223236031776803,0.9244185049490201,2.7533017305335763
1,15,713835910,local_091,0.5468080006823893,-0.6441214219069032,2.9606815474444153,3.016646080709265,0.05596453326484996,True,2.171097924883966,0.48340433433386165,1.6876935905501043,4.342195849767932
1,15,713835910,local_102,-1.4997920610953346,-0.7446341657666257,-0.08665273386637384,1.233960792580573,1.3206135264469467,True,2.6879683160678107,0.7940888122020571,1.8938795038657539,5.3759366321356215
1,15,713835910,local_104,1.0458354553515201,-0.3360919135789393,3.653826071602956,3.4834542676037286,0.17037180399922747,True,2.8278047906482136,0.49762293602433555,2.330181854623878,5.655609581296426
1,15,713835910,local_105,-1.2512087995314978,-0.7427184341516534,2.4518820236124466,1.5931689744451143,0.8587130491673323,True,2.9335065659711734,0.4803654953567545,2.4531410706144188,5.867013131942347
1,15,713835910,local_107,-0.5590376450883418,-0.3237305325415634,-1.117637334187826,0.641880331176421,1.759517665364247,True,1.5209453077013957,0.3202565814110476,1.200688726290348,3.0418906154027914
1,15,713835910,local_111,0.391438721884527,-0.5187723499295654,3.890250156784058,2.9987013781890046,0.8915487785950535,True,2.258881690867463,0.39306608098675727,1.8658156098807057,4.517763381734926
1,16,2927152032,local_006,1.1371008353109753,-1.4199982071033685,6.879289266540233,5.673665493258355,1.2056237732818786,False,3.3019963460636386,0.7778950556022716,2.524101290461367,6.603992692127278
1,16,2927152032,local_008,1.98668403966542,-0.20733989514796386,-2.311528537700702,-0.7913256625448952,1.520202875155807,False,4.880783029601173,0.572309153631072,4.308473875970101,9.761566059202346
1,16,2927152032,local_011,1.4097025193829202,-1.0037363140595954,3.1613948953701905,5.424542048810541,2.2631471534403507,False,3.596812288811249,0.8972135419427545,2.6995987468684945,7.193624577622499
1,16,2927152032,local_016,1.258105134599882,-0.4736043644783636,4.984591654361349,4.243482167668205,0.7411094866931442,True,2.7261739220343855,0.3571101901723986,2.3690637318619867,5.452347844068772
1,16,2927152032,local_022,2.5289767772317915,-0.3525405293673251,2.3066353384254437,2.8821961720132885,0.5755608335878448,True,3.032309010878044,0.6656292675028956,2.3666797433751485,6.064618021756088
1,16,2927152032,local_026,-0.18051877989420922,-0.2841225698274764,3.3589079998016356,3.2822259317820093,0.07668206801962629,True,2.719497804016782,0.8382607052025799,1.8812370988142022,5.438995608033563
1,16,2927152032,local_028,2.366668426751495,-0.1276485658129692,1.6739008553116417,3.9691330754468748,2.295232220135233,True,3.2068424343713358,1.1726882324608812,2.0341542019104546,6.413684868742671
1,16,2927152032,local_036,-2.0421420476106977,-0.09492193313614562,0.5736582618550501,0.41244215848429966,0.16121610337075043,True,1.7382114608040689,0.46546452765916924,1.2727469331448995,3.4764229216081377
1,16,2927152032,local_037,-0.9078244340747956,0.8588819294739267,1.3433813583374024,0.8822451245209659,0.4611362338164364,True,2.0787407876816975,0.41743717204989006,1.6613036156318075,4.157481575363395
1,16,2927152032,local_038,-0.28971736716460933,5.781242873063978,0.999887837146578,1.4022131994465785,0.4023253623000005,True,3.2504475053649404,0.6835248205345572,2.566922684830383,6.500895010729881
1,16,2927152032,local_040,-2.303494734445533,-0.05511785118429728,1.2805820576985676,1.527387133756498,0.24680507605793034,True,2.3614876320600526,0.5826650181948388,1.778822613865214,4.722975264120105
1,16,2927152032,local_048,0.9064989405371513,-0.5536564331283553,1.4627749467232762,2.8901524793293225,1.4273775326060463,True,2.321313858276582,0.6001538436099216,1.7211600146666604,4.642627716553164
1,16,2927152032,local_054,1.1428365987285232,-1.4209607812896992,6.346695914633365,6.188901506806541,0.15779440782682386,False,3.3054964492622494,0.5451736060227698,2.7603228432394795,6.6109928985245
1,16,2927152032,local_055,1.6383809321440104,-1.0726060175695855,5.689955578486124,4.766928143522997,0.9230274349631271,True,2.6468124894616207,0.7713322054669316,1.8754802839946891,5.293624978923242
1,16,2927152032,local_060,1.9363029983659203,-1.2233517315013342,6.356271346400899,5.393119123300808,0.9631522231000904,False,3.530393945250993,0.5172037061893237,3.0131902390616694,7.060787890501987
1,16,2927152032,local_063,-2.6670541407552095,-0.12277580798098542,-1.3297262114025306,-0.19503287697696997,1.1346933344255605,True,1.8152631759949116,0.39922419595599834,1.4160389800389133,3.6305263519898228
1,16,2927152032,local_077,-2.081040686945717,-0.5564691827344194,3.4387797773024618,1.4490371321422364,1.9897426451602254,True,2.4079584868390045,0.35079410335927214,2.057164383479732,4.815916973678009
1,16,2927152032,local_086,-0.5185858308727754,-0.2005063301888428,-1.1420851462190953,0.12984032234087903,1.2719254685599743,True,2.101800040215991,0.5856097060621712,1.5161903341538197,4.203600080431982
1,16,2927152032,local_089,-1.225996736343755,-0.48676905411777177,1.5416776532259857,0.6732224712212602,0.8684551820047255,True,2.5889155977414386,0.7377082680676913,1.8512073296737472,5.177831195482877
1,16,2927152032,local_090,-0.564803951377932,-0.09243354603543363,-0.004471062320401842,0.161105305500284,0.16557636782068585,True,1.4243117742023554,0.457453067777464,0.9668587064248914,2.848623548404711
1,16,2927152032,local_093,-2.177327765131337,-0.5513069535987809,0.8240073865594715,1.2468152907136,0.4228079041541286,True,2.556316242957101,0.607465734130288,1.9488505088268129,5.112632485914202
1,16,2927152032,local_094,-0.16964130627183818,0.9132649099129715,1.51784085591634,1.2488196814652814,0.26902117445105866,True,2.5713582368519985,0.3823682799598341,2.1889899568921645,5.142716473703997
1,16,2927152032,local_095,0.5518387651792833,-0.197765499937733,-0.6319926675649787,-0.5576621006646216,0.07433056690035711,True,2.195440325492414,0.4735113071856999,1.721929018306714,4.390880650984828
1,16,2927152032,local_100,-1.5767446882047362,-0.7003605127292428,-1.7801574299070566,0.8300634525191783,2.610220882426235,True,2.8781973902569,0.40766072138243886,2.4705366688744608,5.7563947805138
1,16,2927152032,local_101,1.8305233435228436,-1.167104312310491,3.3243548706847355,2.64237001935105,0.6819848513336852,True,2.9340648577897777,0.6844371599439167,2.249627697845861,5.868129715579556
1,16,2927152032,local_105,-1.2512087995314978,-0.7427184341516534,2.4518820236124466,1.804423193565599,0.6474588300468476,True,3.2911442110536706,0.44081585823217434,2.850328352821496,6.582288422107341
1,16,2927152032,local_107,-0.5590376450883418,-0.3237305325415634,-1.117637334187826,0.6317902342066283,1.7494275683944545,True,1.7415607165550047,0.34089003222748215,1.4006706843275225,3.4831214331100093
1,16,2927152032,local_109,1.3181211774554507,-0.08498166714027108,3.049920091820087,3.180541870725433,0.1306217789053461,True,2.9461485422849076,0.9032915651175799,2.0428569771673275,5.892297084569815
1,17,1448621121,local_000,-2.6687217177088325,-0.3313820190843231,0.9487077651250928,1.2415045712076591,0.2927968060825663,True,2.622495915452163,0.49379563543461275,2.1287002800175503,5.244991830904326
1,17,1448621121,local_003,4.373068855030794,0.20074650244502454,1.5581075503338564,2.0531694367459585,0.49506188641210214,False,4.870696632153319,1.4995242934485304,3.3711723387047883,9.741393264306637
1,17,1448621121,local_012,0.1925404293443072,-0.7261814797309618,1.4269447016473267,2.9811389714768204,1.5541942698294937,True,3.153246265429702,0.7028931247042703,2.4503531407254315,6.306492530859405
1,17,1448621121,local_014,-0.9007942378325358,0.523496526540537,1.153590305484764,-0.14028055341063203,1.293870858895396,True,3.2758664095986303,1.1030126205919497,2.172853789006681,6.551732819197261
1,17,1448621121,local_016,1.258105134599882,-0.4736043644783636,4.984591654361349,4.0321572488841,0.9524344054772493,False,3.767379125626115,0.45407588906164587,3.313303236564469,7.53475825125223
1,17,1448621121,local_019,2.9364700958382253,0.6624286491104329,-0.01264156401752281,0.6258737067185153,0.6385152707360381,False,3.417832545635963,1.4779552528603361,1.9398772927756265,6.835665091271926
1,17,1448621121,local_021,0.11286537437837839,-0.27053990729743377,0.766750504069857,0.7424342379285668,0.024316266141290233,False,3.3143811895721953,1.004495236897693,2.3098859526745024,6.628762379144391
1,17,1448621121,local_023,-0.038250131935015926,-0.24061894351625362,2.1357396777226367,1.9570107207718106,0.17872895695082613,True,2.6970816238132773,0.40981879212209843,2.2872628316911787,5.394163247626555
1,17,1448621121,local_025,-2.955827040953235,0.2416017270959956,-1.493498512759774,-0.1703295965428548,1.3231689162169191,False,3.3380637527693766,0.9845546504582643,2.3535091023111123,6.676127505538753
1,17,1448621121,local_029,-2.3890129852474904,-0.29397447955787026,0.7981878952777652,1.4116551665008588,0.6134672712230935,True,2.1321174207509004,0.7658702661366367,1.3662471546142636,4.264234841501801
1,17,1448621121,local_037,-0.9078244340747956,0.8588819294739267,1.3433813583374024,0.267205356781207,1.0761760015561954,True,2.3983501846908983,0.6249447876109061,1.7734053970799921,4.796700369381797
1,17,1448621121,local_038,-0.28971736716460933,5.781242873063978,0.999887837146578,1.3962267496711536,0.39633891252457554,True,3.2839302107922816,0.6859602128428862,2.5979699979493955,6.567860421584563
1,17,1448621121,local_040,-2.303494734445533,-0.05511785118429728,1.2805820576985676,1.2431602971330578,0.03742176056550983,True,2.1253913482655853,0.6441163359065517,1.4812750123590337,4.250782696531171
1,17,1448621121,local_042,0.8715451765572353,-0.6345997284201466,2.659321951370733,3.0843266683674138,0.42500471699668063,True,2.3515268377784793,0.6908845942759918,1.6606422435024872,4.7030536755569585
1,17,1448621121,local_043,1.210095849090365,-0.009559285629922776,2.162841306612088,3.1811357488188987,1.0182944422068108,False,3.578606764595752,0.6761131153077647,2.9024936492879876,7.1572135291915036
1,17,1448621121,local_049,0.6287277097023648,-0.4641050633042861,0.40147541748046756,0.03690296381377478,0.3645724536666928,True,2.9194373391957087,0.8025073435950376,2.116929995600671,5.838874678391417
1,17,1448621121,local_054,1.1428365987285232,-1.4209607812896992,6.346695914633365,6.058456498096877,0.2882394165364879,False,3.408811683113953,0.6063936109446392,2.802418072169314,6.817623366227906
1,17,1448621121,local_064,0.9897807201449788,-0.17096028795406223,1.0780569239524018,-0.8737027703017307,1.9517596942541324,True,2.1996966228865507,0.5163254168371257,1.6833712060494248,4.399393245773101
1,17,1448621121,local_067,0.7381781696141017,-1.539545791200865,4.329723446600152,4.381491552965669,0.05176810636551732,True,3.2332917776336845,0.6780398281280475,2.555251949505637,6.466583555267368
1,17,1448621121,local_072,1.1264406989267994,-0.223240391649185,-1.481148929614375,-0.9480233601140805,0.5331255695002944,True,2.2685855307854093,0.49517597584817363,1.7734095549372357,4.5371710615708185
1,17,1448621121,local_075,1.4914246148630037,-0.541251399832422,5.2446770648925,4.3058013015502405,0.9388757633422591,False,3.4828628158351336,0.829245065374141,2.6536177504609926,6.965725631670267
1,17,1448621121,local_079,-1.8328065818392545,-0.2700102607673158,0.24657180963046255,0.6350432388451062,0.3884714292146436,True,2.0696273509878846,0.4711511595669704,1.598476191420914,4.139254701975769
1,17,1448621121,local_087,-1.7032908164160323,-0.2017911341778647,-0.3145730268546387,0.5204330299914601,0.8350060568460989,True,1.7218768993083842,0.5121416521957448,1.2097352471126395,3.4437537986167683
1,17,1448621121,local_091,0.5468080006823893,-0.6441214219069032,2.9606815474444153,2.8885743675135305,0.07210717993088478,True,2.0993862110017845,0.428029468695688,1.6713567423060967,4.198772422003569
1,17,1448621121,local_094,-0.16964130627183818,0.9132649099129715,1.51784085591634,1.2541197128989823,0.26372114301735783,True,2.567411530187277,0.3827772054452964,2.184634324741981,5.134823060374554
1,17,1448621121,local_108,0.9604770654395144,-1.5469973742509093,6.578980262744062,6.013427991163917,0.5655522715801444,True,3.153660040605202,0.3829206070248474,2.7707394335803546,6.3073200812104036
1,17,1448621121,local_109,1.3181211774554507,-0.08498166714027108,3.049920091820087,2.773741056028294,0.27617903579179304,False,3.7810441183938495,0.9923042146451948,2.7887399037486547,7.562088236787699
1,17,1448621121,local_110,-2.5350017144439247,-0.08821317424906,-0.9447126583523211,0.512191486499254,1.456904144851575,True,2.0515965427853478,0.4982671117889929,1.553329430996355,4.1031930855706955
1,18,1678056294,local_001,1.0555685058516724,5.821691499600044,1.725786379496256,1.4410299347871913,0.2847564447090647,False,3.4946046124077137,0.7529058450976054,2.7416987673101083,6.989209224815427
1,18,1678056294,local_008,1.98668403966542,-0.20733989514796386,-2.311528537700702,-0.667956311670225,1.6435722260304773,False,5.099455730169173,0.6010670207265261,4.498388709442647,10.198911460338346
1,18,1678056294,local_010,-1.448002228692716,-0.0840485524073864,0.4895771132022282,0.7380788717663743,0.24850175856414614,True,2.1795761463109273,0.5566643935313186,1.6229117527796086,4.359152292621855
1,18,1678056294,local_012,0.1925404293443072,-0.7261814797309618,1.4269447016473267,2.0304195600097232,0.6034748583623966,True,2.4056614974938055,0.8173848243902326,1.588276673103573,4.811322994987611
1,18,1678056294,local_014,-0.9007942378325358,0.523496526540537,1.153590305484764,0.046370190258358854,1.1072201152264052,True,2.8597625851748227,1.13542067903271,1.7243419061421128,5.7195251703496455
1,18,1678056294,local_015,3.895434214215513,-0.6593435483587626,2.732424938964845,2.801602899343232,0.06917796037838686,False,3.3043407803355045,1.4202796047572428,1.884061175578262,6.608681560671009
1,18,1678056294,local_016,1.258105134599882,-0.4736043644783636,4.984591654361349,4.857294715004528,0.12729693935682107,False,3.5901437858356644,0.7020809368646495,2.888062848971015,7.180287571671329
1,18,1678056294,local_018,3.4457542071455705,-0.6060611208389725,0.030611106676933453,0.3120825784564784,0.28147147177954496,False,5.496713332900258,1.6101269467204873,3.886586386179771,10.993426665800516
1,18,1678056294,local_020,-0.27214910314418356,-0.9297071772582916,2.7806031550089534,0.8976735616549467,1.8829295933540067,False,3.3634860863735305,0.7183715817668261,2.6451145046067044,6.726972172747061
1,18,1678056294,local_023,-0.038250131935015926,-0.24061894351625362,2.1357396777226367,2.031024467887293,0.10471520983534388,True,2.723276214317345,0.42940508787658616,2.293871126440759,5.446552428634691
1,18,1678056294,local_026,-0.18051877989420922,-0.2841225698274764,3.3589079998016356,3.283000995282274,0.07590700451936172,True,2.721046888801413,0.8379781396492693,1.883068749152144,5.442093777602826
1,18,1678056294,local_029,-2.3890129852474904,-0.29397447955787026,0.7981878952777652,1.1979198030331388,0.3997319077553736,True,2.015956429117496,0.754992231825018,1.2609641972924779,4.031912858234992
1,18,1678056294,local_030,-1.6027807681826893,-0.7620646394364815,4.664717645328949,1.8477003662667515,2.8170172790621972,True,3.2332042655305453,0.4679755363116952,2.76522872921885,6.466408531061091
1,18,1678056294,local_032,-0.6500650411809074,-0.27715409744620856,0.6554998568021326,0.6817236836645311,0.026223826862398436,True,1.9741133437343195,0.5434727570832889,1.4306405866510306,3.9482266874686385
1,18,1678056294,local_043,1.210095849090365,-0.009559285629922776,2.162841306612088,3.440978688260752,1.2781373816486639,True,2.723891264212338,1.0044601827761632,1.7194310814361746,5.447782528424677
1,18,1678056294,local_045,0.4121763198396254,-0.23221723741969644,-1.380939162415344,-0.3425484344197942,1.0383907279955498,True,2.753040175481708,0.5199484431558016,2.2330917323259065,5.506080350963416
1,18,1678056294,local_046,-0.8271523445342699,-0.8291581260132956,1.0081273739306953,1.8008635392476844,0.7927361653169891,False,3.8360741048792066,1.02344466157777,2.8126294433014367,7.672148209758413
1,18,1678056294,local_051,-0.7587778380295319,-0.3365246425038785,-1.4815165072547063,-0.13642763744374814,1.3450888698109582,True,2.2382481717263523,0.5392104217424033,1.6990377499839489,4.4764963434527045
1,18,1678056294,local_053,-1.6417611874050637,-0.07566986350920644,-1.1486642040449873,-0.030378431279047047,1.1182857727659403,True,2.397187814512113,0.5983012053393358,1.7988866091727773,4.794375629024226
1,18,1678056294,local_058,1.540468881622365,-0.4587381707549099,2.037608550976484,3.001121122597267,0.9635125716207829,True,2.739880165850119,0.5841615549610295,2.1557186108890893,5.479760331700238
1,18,1678056294,local_059,-0.719554608619687,-0.19205772655531425,-0.41983662442111847,0.05637638986987006,0.4762130142909885,True,1.9723527503336966,0.5393322932345148,1.4330204570991818,3.9447055006673932
1,18,1678056294,local_060,1.9363029983659203,-1.2233517315013342,6.356271346400899,5.271349872491079,1.0849214739098194,True,2.971080433437778,0.46992883512893524,2.5011515983088426,5.942160866875555
1,18,1678056294,local_064,0.9897807201449788,-0.17096028795406223,1.0780569239524018,-0.4229111580844451,1.500968082036847,True,2.5305136924227583,0.49227960314744856,2.0382340892753095,5.0610273848455165
1,18,1678056294,local_072,1.1264406989267994,-0.223240391649185,-1.481148929614375,-0.573329194359428,0.907819735254947,True,2.5850386284414943,0.5164677932389655,2.0685708352025287,5.170077256882989
1,18,1678056294,local_102,-1.4997920610953346,-0.7446341657666257,-0.08665273386637384,0.16337470657809688,0.2500274404444707,True,2.619446407198232,0.7867715147017432,1.8326748924964888,5.238892814396464
1,18,1678056294,local_104,1.0458354553515201,-0.3360919135789393,3.653826071602956,4.457764142938513,0.8039380713355566,True,3.0197712625719193,0.8340589517061737,2.1857123108657457,6.039542525143839
1,18,1678056294,local_107,-0.5590376450883418,-0.3237305325415634,-1.117637334187826,0.48368778682758323,1.6013251210154094,True,1.7379305798648994,0.37983954506636725,1.3580910347985322,3.4758611597297984
1,18,1678056294,local_108,0.9604770654395144,-1.5469973742509093,6.578980262744062,5.950492009472762,0.6284882532712999,True,2.846122010727119,0.39911247572524666,2.447009535001872,5.692244021454238
1,19,1189983618,local_003,4.373068855030794,0.20074650244502454,1.5581075503338564,0.28006044931976926,1.2780471010140873,False,5.031891020594441,2.5689471212197406,2.4629438993747,10.063782041188881
1,19,1189983618,local_005,-0.7524079162088602,-0.38968192252498,0.7343614374671263,0.43069981565785165,0.3036616218092747,True,2.7478183247485206,0.9400795981014304,1.8077387266470903,5.495636649497041
1,19,1189983618,local_010,-1.448002228692716,-0.0840485524073864,0.4895771132022282,0.7879437412710673,0.29836662806883907,True,2.0369146532170967,0.5390798093873257,1.497834843829771,4.0738293064341935
1,19,1189983618,local_020,-0.27214910314418356,-0.9297071772582916,2.7806031550089534,0.9466305791287201,1.8339725758802334,True,3.147235453511441,0.694044497143282,2.453190956368159,6.294470907022882
1,19,1189983618,local_024,-0.09116417831474274,-0.2917064245809222,0.6244122394659586,-0.7496933363075212,1.3741055757734797,True,2.5886838606528086,0.5748658460074401,2.0138180146453686,5.177367721305617
1,19,1189983618,local_026,-0.18051877989420922,-0.2841225698274764,3.3589079998016356,3.2823769568708467,0.07653104293078883,True,2.719799303145386,0.8382054765898147,1.8815938265555716,5.439598606290772
1,19,1189983618,local_028,2.366668426751495,-0.1276485658129692,1.6739008553116417,4.2012741498389286,2.527373294527287,True,3.2145964211275144,1.109263437031397,2.1053329840961172,6.429192842255029
1,19,1189983618,local_030,-1.6027807681826893,-0.7620646394364815,4.664717645328949,2.0997110783802206,2.5650065669487283,False,3.446413514836718,0.4673817808789176,2.9790317339578003,6.892827029673436
1,19,1189983618,local_032,-0.6500650411809074,-0.27715409744620856,0.6554998568021326,0.16974450674836752,0.48575535005376513,True,2.0411388943565516,0.512006439216972,1.5291324551395795,4.082277788713103
1,19,1189983618,local_037,-0.9078244340747956,0.8588819294739267,1.3433813583374024,1.1219245825862056,0.2214567757511967,True,2.273709396847703,0.7453901792583331,1.5283192175893698,4.547418793695406
1,19,1189983618,local_040,-2.303494734445533,-0.05511785118429728,1.2805820576985676,1.249293153752312,0.03128890394625561,True,2.1281260852299173,0.6429322199579615,1.485193865271956,4.256252170459835
1,19,1189983618,local_042,0.8715451765572353,-0.6345997284201466,2.659321951370733,2.3847487007238097,0.2745732506469234,True,2.2338409564350536,0.6475931793889406,1.586247777046113,4.467681912870107
1,19,1189983618,local_044,3.5146718675810993,0.058255648824165986,2.4753185280143444,1.023770429952953,1.4515480980613913,False,3.816652406080707,1.6858833371169517,2.1307690689637555,7.633304812161414
1,19,1189983618,local_047,-2.268356790936038,-0.23723674738198064,-0.7585864227082997,-0.05982566752992746,0.6987607551783722,True,1.7801589580840664,0.42352103326239093,1.3566379248216756,3.560317916168133
1,19,1189983618,local_058,1.540468881622365,-0.4587381707549099,2.037608550976484,2.5559976294502893,0.5183890784738052,True,2.7510421054079064,0.6332261911834218,2.1178159142244843,5.502084210815813
1,19,1189983618,local_061,-0.8773584744031749,0.9457095134242471,0.5634527334314603,1.2948967577444876,0.7314440243130274,True,2.8080681535813463,1.06489837956616,1.7431697740151866,5.616136307162693
1,19,1189983618,local_062,-0.6145241317077517,-0.8010966474961415,1.2106035189410012,0.1509553337201111,1.05964818522089,True,3.0769754701917478,0.5745750976349446,2.502400372556803,6.1539509403834955
1,19,1189983618,local_063,-2.6670541407552095,-0.12277580798098542,-1.3297262114025306,0.04431763240630113,1.3740438438088316,True,1.8434943019745467,0.41422415757005543,1.4292701444044913,3.6869886039490933
1,19,1189983618,local_068,-1.7575747015191168,-0.20039173493656942,1.153900891534212,0.29790628054024904,0.8559946109939629,True,1.9337286000906335,0.4231104713104692,1.5106181287801643,3.867457200181267
1,19,1189983618,local_073,1.7612502746702892,-1.364461686143103,6.216447191482935,5.250439644858596,0.966007546624339,True,2.656255973187673,0.4840371421992723,2.1722188309884007,5.312511946375347
1,19,1189983618,local_076,-1.293898297110151,-0.27765386800014663,2.421905947816138,0.2460031419050259,2.1759028059111123,True,1.5470697404811227,0.5223295281629997,1.0247402123181228,3.0941394809622453
1,19,1189983618,local_082,-1.2012931476708681,-0.0501126281066171,1.2303015876183143,0.7093895062724309,0.5209120813458834,True,2.1104650326862426,0.5692081581986729,1.5412568744875699,4.220930065372485
1,19,1189983618,local_085,-0.5055954646049663,0.8783966215136226,1.8805812698958766,1.1175148558123469,0.7630664140835297,True,2.1210826752962504,0.7516015096092973,1.369481165686953,4.242165350592501
1,19,1189983618,local_087,-1.7032908164160323,-0.2017911341778647,-0.3145730268546387,0.0627417513846516,0.3773147782392903,True,1.9157780425501028,0.5403443718980558,1.375433670652047,3.8315560851002055
1,19,1189983618,local_088,1.7561590985223667,-0.1731114805702994,2.8589108825256133,1.7459379314456873,1.112972951079926,True,2.8957085084889815,1.068559402897148,1.8271491055918339,5.791417016977963
1,19,1189983618,local_089,-1.225996736343755,-0.48676905411777177,1.5416776532259857,-0.15357800072357208,1.6952556539495578,True,2.658598028942488,0.79055055164332,1.8680474772991678,5.317196057884976
1,19,1189983618,local_098,1.34386354731387,-0.6672217875389314,4.573517989147881,2.7035360814776936,1.8699819076701871,True,2.408323165662411,0.57649598520988,1.831827180452531,4.816646331324822
1,19,1189983618,local_100,-1.5767446882047362,-0.7003605127292428,-1.7801574299070566,0.8092043725186158,2.5893618024256724,True,2.4171086313798438,0.44388628425914983,1.973222347120694,4.8342172627596876
2,0,3421031763,local_020,-0.27214910314418356,-0.9297071772582916,2.7806031550089534,0.8650643087786174,1.915538846230336,True,3.234190850104581,0.6904845183981269,2.543706331706454,6.468381700209162
2,0,3421031763,local_023,-0.038250131935015926,-0.24061894351625362,2.1357396777226367,1.9567806408228565,0.1789590368997802,True,2.695933756062598,0.41032709487084057,2.2856066611917574,5.391867512125196
2,0,3421031763,local_025,-2.955827040953235,0.2416017270959956,-1.493498512759774,-0.16980654666342712,1.3236919660963469,False,3.3402064617387714,0.9843730847578005,2.355833376980971,6.680412923477543
2,0,3421031763,local_026,-0.18051877989420922,-0.2841225698274764,3.3589079998016356,3.3196687802977074,0.03923921950392817,True,2.752030492711025,0.8082128701012847,1.9438176226097401,5.504060985422051
2,0,3421031763,local_027,1.9615630284503007,-1.3563548592985808,6.076206580528844,6.2768218706742065,0.20061529014536283,True,2.7835431008924245,0.3782462441965376,2.405296856695887,5.56708620178485
2,0,3421031763,local_028,2.366668426751495,-0.1276485658129692,1.6739008553116417,4.137255631384144,2.463354776072502,False,3.3214556329491636,1.1146344928801157,2.2068211400690476,6.642911265898327
2,0,3421031763,local_031,0.18411157962703373,0.8377263345377207,1.2309529786759805,0.5265284440794203,0.7044245345965602,True,2.5896587946593224,0.9818378524818613,1.607820942177461,5.179317589318645
2,0,3421031763,local_032,-0.6500650411809074,-0.27715409744620856,0.6554998568021326,0.7071640916450568,0.05166423484292415,True,1.84472945076103,0.5390238547452556,1.3057055960157742,3.68945890152206
2,0,3421031763,local_033,-0.5424368719445116,0.8959084823244202,2.6824910593668623,1.428859686345542,1.2536313730213202,True,2.796521969504366,0.6491249715696332,2.1473969979347327,5.593043939008732
2,0,3421031763,local_039,1.6717249290903744,0.11215877951332728,-1.122246264648438,-0.8709902503356419,0.251256014312796,False,3.61094721343565,1.1281690655215455,2.4827781479141047,7.2218944268713
2,0,3421031763,local_046,-0.8271523445342699,-0.8291581260132956,1.0081273739306953,0.5020142830663188,0.5061130908643765,False,3.9938085451264564,0.7591668585291211,3.2346416865973353,7.987617090252913
2,0,3421031763,local_047,-2.268356790936038,-0.23723674738198064,-0.7585864227082997,0.11614202008214854,0.8747284427904483,True,1.9059603396255493,0.4281753784551812,1.4777849611703682,3.8119206792510987
2,0,3421031763,local_062,-0.6145241317077517,-0.8010966474961415,1.2106035189410012,0.14418114092025214,1.0664223780207491,True,3.127578645465819,0.5871813543739067,2.5403972910919124,6.255157290931638
2,0,3421031763,local_063,-2.6670541407552095,-0.12277580798098542,-1.3297262114025306,0.9704058078103377,2.3001320192128683,True,3.0237314925975594,0.5908261634291508,2.4329053291684084,6.047462985195119
2,0,3421031763,local_067,0.7381781696141017,-1.539545791200865,4.329723446600152,4.383333852795223,0.05361040619507129,True,3.2360565690676286,0.6777405739769805,2.558315995090648,6.472113138135256
2,0,3421031763,local_069,0.20342179077095635,-0.4679378688420322,1.1223452203876905,0.13093412563920187,0.9914110947484887,True,2.68509455186616,0.7080205598289999,1.97707399203716,5.37018910373232
2,0,3421031763,local_070,-2.8945109126893396,-0.016464980429442246,2.1991294680640814,0.8449682895951158,1.3541611784689656,True,2.1619873373842013,0.6079926554659921,1.5539946819182093,4.323974674768403
2,0,3421031763,local_075,1.4914246148630037,-0.541251399832422,5.2446770648925,4.932890914466069,0.311786150426431,True,3.2875767620768785,0.6583756649121484,2.62920109716473,6.575153524153757
2,0,3421031763,local_079,-1.8328065818392545,-0.2700102607673158,0.24657180963046255,0.5034986695593595,0.25692685992889697,True,2.0693131025736546,0.45576850982099676,1.613544592752658,4.138626205147309
2,0,3421031763,local_084,1.1679639592263458,5.8921249747384365,1.2955399081796255,1.272935748438468,0.02260415974115748,True,3.1099337692969824,0.6452445932572735,2.464689176039709,6.219867538593965
2,0,3421031763,local_086,-0.5185858308727754,-0.2005063301888428,-1.1420851462190953,0.36937352158324965,1.511458667802345,True,1.934661614936596,0.6280791401159075,1.3065824748206885,3.869323229873192
2,0,3421031763,local_095,0.5518387651792833,-0.197765499937733,-0.6319926675649787,-0.6446576328782202,0.01266496531324146,True,2.5022790278631684,0.4101943607241649,2.0920846671390034,5.004558055726337
2,0,3421031763,local_096,-0.969563804472342,0.9185705315751015,3.861732006597601,1.386292175764107,2.475439830833494,True,2.3725888927567906,0.5123957508585578,1.860193141898233,4.745177785513581
2,0,3421031763,local_098,1.34386354731387,-0.6672217875389314,4.573517989147881,2.5385523214177863,2.0349656677300945,True,2.3239840581482305,0.45801525779893115,1.8659688003492991,4.647968116296461
2,0,3421031763,local_105,-1.2512087995314978,-0.7427184341516534,2.4518820236124466,1.1897268094231424,1.2621552141893042,True,2.8123256207494802,0.5531261903346278,2.2591994304148524,5.6246512414989605
2,0,3421031763,local_107,-0.5590376450883418,-0.3237305325415634,-1.117637334187826,0.58971139048004,1.707348724667866,True,1.9670718634101951,0.4348204477406718,1.5322514156695233,3.9341437268203903
2,0,3421031763,local_108,0.9604770654395144,-1.5469973742509093,6.578980262744062,5.933708584109655,0.6452716786344066,True,2.8544147981496844,0.39655517785214056,2.457859620297544,5.708829596299369
2,0,3421031763,local_109,1.3181211774554507,-0.08498166714027108,3.049920091820087,2.848173971552183,0.20174612026790362,True,2.8655681043736703,0.9879443656865257,1.8776237386871446,5.7311362087473405
2,1,732364300,local_005,-0.7524079162088602,-0.38968192252498,0.7343614374671263,0.4305204284904449,0.3038410089766814,True,2.7449815987319957,0.9403003209644638,1.8046812777675318,5.489963197463991
2,1,732364300,local_007,1.5608012769808957,-1.2002359527976414,3.4813968680245533,2.9773757137702948,0.5040211542542585,True,3.1069431709888677,0.7871134552669066,2.319829715721961,6.2138863419777355
2,1,732364300,local_011,1.4097025193829202,-1.0037363140595954,3.1613948953701905,5.3781395271271135,2.216744631756923,False,3.7588197246094484,0.6695954041641746,3.0892243204452736,7.517639449218896
2,1,732364300,local_019,2.9364700958382253,0.6624286491104329,-0.01264156401752281,0.6545161519208278,0.6671577159383506,False,3.3233308049875347,1.4502156746091226,1.8731151303784124,6.6466616099750695
2,1,732364300,local_020,-0.27214910314418356,-0.9297071772582916,2.7806031550089534,0.9466305840274183,1.833972570981535,True,3.1472354524091823,0.6940444974724707,2.4531909549367117,6.294470904818365
2,1,732364300,local_021,0.11286537437837839,-0.27053990729743377,0.766750504069857,0.34756509481255604,0.41918540925730097,True,3.1836553535744603,0.9712992860598908,2.2123560675145697,6.367310707148921
2,1,732364300,local_022,2.5289767772317915,-0.3525405293673251,2.3066353384254437,2.90515520884816,0.5985198704227161,True,3.0786187825833795,0.6576920884329985,2.420926694150381,6.157237565166758
2,1,732364300,local_024,-0.09116417831474274,-0.2917064245809222,0.6244122394659586,-0.008492056352756648,0.6329042958187152,True,2.3913505271248043,0.5938276925978828,1.7975228345269214,4.782701054249609
2,1,732364300,local_026,-0.18051877989420922,-0.2841225698274764,3.3589079998016356,2.922670104966756,0.43623789483487974,True,3.2351350020266327,1.0215918527868186,2.213543149239814,6.4702700040532655
2,1,732364300,local_028,2.366668426751495,-0.1276485658129692,1.6739008553116417,4.201908965683162,2.5280081103715206,True,3.215395780489758,1.1091654294649522,2.106230351024806,6.430791560979516
2,1,732364300,local_035,0.30157384123670355,-0.49554903991391147,3.174158549672741,2.854629355969148,0.3195291937035929,True,2.551234745734095,0.6123235389337932,1.9389112068003016,5.10246949146819
2,1,732364300,local_036,-2.0421420476106977,-0.09492193313614562,0.5736582618550501,0.5918040880499701,0.01814582619492,True,1.7673247345044296,0.5651550438558395,1.2021696906485901,3.5346494690088592
2,1,732364300,local_037,-0.9078244340747956,0.8588819294739267,1.3433813583374024,0.728683805902808,0.6146975524345943,True,2.1669624769706504,0.4164406330083879,1.7505218439622625,4.333924953941301
2,1,732364300,local_042,0.8715451765572353,-0.6345997284201466,2.659321951370733,2.651196590675047,0.008125360695685924,True,2.4808042367348047,0.6662972010204506,1.814507035714354,4.96160847346961
2,1,732364300,local_051,-0.7587778380295319,-0.3365246425038785,-1.4815165072547063,-0.3694023141942766,1.1121141930604297,True,1.986611609933246,0.5614591311551379,1.425152478778108,3.973223219866492
2,1,732364300,local_057,0.9339695618223558,-0.6146023292114023,2.579870385869344,3.5072742579591787,0.9274038720898345,True,2.8934505802324466,0.6903235987104648,2.203126981521982,5.786901160464893
2,1,732364300,local_059,-0.719554608619687,-0.19205772655531425,-0.41983662442111847,0.0024392277958743547,0.4222758522169928,True,1.7336360941676556,0.4927077063802318,1.2409283877874238,3.4672721883353113
2,1,732364300,local_069,0.20342179077095635,-0.4679378688420322,1.1223452203876905,0.5873093379989103,0.5350358823887802,True,2.793348843185729,0.6924425821336411,2.100906261052088,5.586697686371458
2,1,732364300,local_072,1.1264406989267994,-0.223240391649185,-1.481148929614375,-0.9514112692182979,0.5297376603960771,True,2.4869304452610397,0.42837911411138113,2.0585513311496584,4.973860890522079
2,1,732364300,local_078,0.4242161442736185,-0.7321754487660358,4.369789645512899,2.870813093569017,1.498976551943882,True,3.013254597167242,0.4421566267670192,2.571097970400223,6.026509194334484
2,1,732364300,local_079,-1.8328065818392545,-0.2700102607673158,0.24657180963046255,0.6260870934380328,0.37951528380757027,True,2.30737087847251,0.5604749741652036,1.7468959043073062,4.61474175694502
2,1,732364300,local_084,1.1679639592263458,5.8921249747384365,1.2955399081796255,1.2732768263513436,0.02226308182828185,True,3.1078298301107754,0.6452995925676911,2.4625302375430844,6.215659660221551
2,1,732364300,local_085,-0.5055954646049663,0.8783966215136226,1.8805812698958766,1.1986982915213344,0.6818829783745421,True,2.0055844563417766,0.43853247464362255,1.567051981698154,4.011168912683553
2,1,732364300,local_090,-0.564803951377932,-0.09243354603543363,-0.004471062320401842,0.24667550040171876,0.2511465627221206,True,1.4483709662163693,0.44471436541826004,1.0036566007981091,2.8967419324327386
2,1,732364300,local_093,-2.177327765131337,-0.5513069535987809,0.8240073865594715,0.7697776304212189,0.05422975613825254,True,2.3488895460206156,0.579723625230435,1.7691659207901806,4.697779092041231
2,1,732364300,local_101,1.8305233435228436,-1.167104312310491,3.3243548706847355,2.6040927554927373,0.7202621151919981,True,3.1373437117187812,0.6943713773485556,2.4429723343702254,6.2746874234375625
2,1,732364300,local_109,1.3181211774554507,-0.08498166714027108,3.049920091820087,3.1995820854882546,0.1496619936681678,True,2.968349573313604,0.893730674663059,2.074618898650545,5.936699146627208
2,1,732364300,local_111,0.391438721884527,-0.5187723499295654,3.890250156784058,2.72151816834271,1.168731988441348,True,2.346824489096324,0.6571174601765429,1.6897070289197813,4.693648978192648
2,2,2274003370,local_008,1.98668403966542,-0.20733989514796386,-2.311528537700702,-0.790091220847374,1.5214373168533282,False,4.88903322558874,0.5711933885580907,4.317839837030649,9.77806645117748
2,2,2274003370,local_011,1.4097025193829202,-1.0037363140595954,3.1613948953701905,5.005596025475882,1.844201130105691,False,3.52344933680792,0.8571919109485462,2.666257425859374,7.046898673615839
2,2,2274003370,local_016,1.258105134599882,-0.4736043644783636,4.984591654361349,3.950917381936229,1.0336742724251202,True,3.2142074920500763,0.48487157978693907,2.7293359122631373,6.4284149841001526
2,2,2274003370,local_017,0.8447455270304304,0.5804330004879303,4.12669131365913,2.1282534017676706,1.9984379118914593,True,3.129302848393255,1.359396697535785,1.7699061508574698,6.2586056967865105
2,2,2274003370,local_022,2.5289767772317915,-0.3525405293673251,2.3066353384254437,3.3703768706396855,1.0637415322142418,False,4.549290731900272,0.9752239479690932,3.574066783931179,9.098581463800544
2,2,2274003370,local_029,-2.3890129852474904,-0.29397447955787026,0.7981878952777652,0.29753991390360573,0.5006479813741596,True,2.267641895123801,0.7683230122383011,1.4993188828854997,4.535283790247602
2,2,2274003370,local_031,0.18411157962703373,0.8377263345377207,1.2309529786759805,0.5013122341603171,0.7296407445156634,True,2.4830100283189185,0.9798148442073032,1.5031951841116151,4.966020056637837
2,2,2274003370,local_034,0.6417728838529045,-1.7044975811549088,5.389327648608717,4.970895588569112,0.41843206003960454,False,3.843743212613655,0.7265308434193862,3.117212369194269,7.687486425227309
2,2,2274003370,local_035,0.30157384123670355,-0.49554903991391147,3.174158549672741,3.088639430840308,0.0855191188324329,True,2.4809777359793275,0.6755964767874318,1.8053812591918958,4.961955471958655
2,2,2274003370,local_036,-2.0421420476106977,-0.09492193313614562,0.5736582618550501,0.35573577413401597,0.21792248772103412,True,1.825007284122773,0.44642271603779027,1.3785845680849826,3.650014568245546
2,2,2274003370,local_040,-2.303494734445533,-0.05511785118429728,1.2805820576985676,0.12010851181387683,1.1604735458846909,True,2.668323906087324,0.867658097714123,1.8006658083732008,5.336647812174648
2,2,2274003370,local_044,3.5146718675810993,0.058255648824165986,2.4753185280143444,2.207882998017124,0.2674355299972202,False,3.74978132468845,1.010042937839115,2.739738386849335,7.4995626493769
2,2,2274003370,local_054,1.1428365987285232,-1.4209607812896992,6.346695914633365,6.004375054158476,0.34232086047488863,False,3.515720515290165,0.6067296533779635,2.908990861912202,7.031441030580331
2,2,2274003370,local_055,1.6383809321440104,-1.0726060175695855,5.689955578486124,4.876999692836914,0.8129558856492105,True,2.5931787838928564,0.7136311551911991,1.8795476287016573,5.186357567785713
2,2,2274003370,local_058,1.540468881622365,-0.4587381707549099,2.037608550976484,3.7595804552702767,1.7219719042937927,False,4.592653261134452,0.7778857822315914,3.8147674789028607,9.185306522268904
2,2,2274003370,local_063,-2.6670541407552095,-0.12277580798098542,-1.3297262114025306,-0.25405460151078185,1.0756716098917487,True,1.8524086628874474,0.391833944694862,1.4605747181925854,3.704817325774895
2,2,2274003370,local_066,-1.984198281909879,-0.7270582512433014,2.300409389285055,1.9642760348567576,0.3361333544282974,True,2.7261653262353978,0.45573544434972607,2.2704298818856716,5.4523306524707955
2,2,2274003370,local_070,-2.8945109126893396,-0.016464980429442246,2.1991294680640814,0.7937371821511199,1.4053922859129615,True,2.7679697186086942,0.8664807307469197,1.9014889878617744,5.5359394372173885
2,2,2274003370,local_074,-1.7515999553522472,0.13597084090370462,1.1800834039597277,-0.44887147452181986,1.6289548784815475,True,2.7854408092357907,0.8121082383537648,1.9733325708820257,5.5708816184715815
2,2,2274003370,local_075,1.4914246148630037,-0.541251399832422,5.2446770648925,4.255066673877302,0.9896103910151979,True,2.9525759336459245,0.7249584595837308,2.227617474062194,5.905151867291849
2,2,2274003370,local_076,-1.293898297110151,-0.27765386800014663,2.421905947816138,0.1182862015270843,2.303619746289054,True,1.5969816132712111,0.5213857368821392,1.0755958763890718,3.1939632265424223
2,2,2274003370,local_077,-2.081040686945717,-0.5564691827344194,3.4387797773024618,1.3177353776635297,2.121044399638932,True,2.2554837547635933,0.3986115101513803,1.856872244612213,4.510967509527187
2,2,2274003370,local_081,1.6393305439393169,-1.4781635232978165,3.3972131688044627,3.6560723716079986,0.2588592028035359,True,3.019966119167666,0.7161407578642001,2.303825361303466,6.039932238335332
2,2,2274003370,local_091,0.5468080006823893,-0.6441214219069032,2.9606815474444153,3.100153394481488,0.13947184703707283,True,2.4797837037554373,0.5574742872689297,1.9223094164865075,4.959567407510875
2,2,2274003370,local_100,-1.5767446882047362,-0.7003605127292428,-1.7801574299070566,0.8024870057165664,2.582644435623623,True,2.361555011685157,0.46628269034274644,1.8952723213424105,4.723110023370314
2,2,2274003370,local_101,1.8305233435228436,-1.167104312310491,3.3243548706847355,2.6610883452306577,0.6632665254540777,True,3.2151956537446478,0.7133097357546698,2.501885917989978,6.430391307489295
2,2,2274003370,local_103,0.1651033041200809,-0.3750748868098575,2.151451302490235,1.9958233718853868,0.15562793060484803,True,2.4743929409103136,0.33477567817561404,2.1396172627346997,4.948785881820627
2,2,2274003370,local_108,0.9604770654395144,-1.5469973742509093,6.578980262744062,6.058384276911201,0.5205959858328608,False,3.5723814017089204,0.4315788910295504,3.1408025106793698,7.144762803417842
2,3,1068415030,local_001,1.0555685058516724,5.821691499600044,1.725786379496256,1.4412577119111778,0.2845286675850782,False,3.4950081744729378,0.752874891624925,2.742133282848013,6.9900163489458755
2,3,1068415030,local_003,4.373068855030794,0.20074650244502454,1.5581075503338564,2.278170215517472,0.7200626651836157,False,4.952027436399764,1.4875325766543082,3.4644948597454555,9.904054872799527
2,3,1068415030,local_004,0.7123925093361396,-0.7929560795628144,3.22451144482467,3.7953527285818365,0.5708412837571664,True,2.3900474733044614,0.4190883112308436,1.970959162073618,4.780094946608923
2,3,1068415030,local_005,-0.7524079162088602,-0.38968192252498,0.7343614374671263,0.5478497831742548,0.18651165429287153,True,2.661591212721043,0.9462450717695821,1.7153461409514608,5.323182425442086
2,3,1068415030,local_006,1.1371008353109753,-1.4199982071033685,6.879289266540233,5.713080825095393,1.1662084414448408,True,2.9955382191873365,0.7072209348335377,2.288317284353799,5.991076438374673
2,3,1068415030,local_008,1.98668403966542,-0.20733989514796386,-2.311528537700702,-0.6658589393757167,1.6456695983249854,False,5.121277336083726,0.597799644151198,4.523477691932528,10.242554672167453
2,3,1068415030,local_013,-1.3801894575152416,1.000555173078204,1.20465650201613,1.239087527989947,0.034431025973816975,True,2.221062746571653,0.744947775627562,1.4761149709440908,4.442125493143306
2,3,1068415030,local_029,-2.3890129852474904,-0.29397447955787026,0.7981878952777652,0.32343244323628406,0.4747554520414812,True,2.2343065469753234,0.7707355697220214,1.4635709772533019,4.468613093950647
2,3,1068415030,local_032,-0.6500650411809074,-0.27715409744620856,0.6554998568021326,0.15560152216311998,0.4998983346390127,True,1.9007316363075475,0.5522934943575951,1.3484381419499525,3.801463272615095
2,3,1068415030,local_040,-2.303494734445533,-0.05511785118429728,1.2805820576985676,0.5019171545903082,0.7786649031082594,True,2.37628670802244,0.8021411162192212,1.5741455918032188,4.75257341604488
2,3,1068415030,local_041,-1.798392900964244,-0.464521117443664,-0.7189533198861513,-0.06225421703075512,0.6566991028553961,True,2.849527557211915,0.5743447167452012,2.2751828404667136,5.69905511442383
2,3,1068415030,local_045,0.4121763198396254,-0.23221723741969644,-1.380939162415344,-0.08327052752723058,1.2976686348881135,True,2.6101311595307024,0.5036469405038633,2.106484219026839,5.220262319061405
2,3,1068415030,local_051,-0.7587778380295319,-0.3365246425038785,-1.4815165072547063,-0.19086385604563066,1.2906526512090757,True,2.2197007872608165,0.5230010017550122,1.6966997855058044,4.439401574521633
2,3,1068415030,local_066,-1.984198281909879,-0.7270582512433014,2.300409389285055,1.3550080584896655,0.9454013307953895,True,2.8040079254493246,0.43702587868347553,2.366982046765849,5.608015850898649
2,3,1068415030,local_070,-2.8945109126893396,-0.016464980429442246,2.1991294680640814,0.7936329401277308,1.4054965279363505,True,2.765753742328362,0.8661939954444406,1.8995597468839214,5.531507484656724
2,3,1068415030,local_072,1.1264406989267994,-0.223240391649185,-1.481148929614375,-0.5825426864232555,0.8986062431911195,True,2.6091763186862718,0.5119837914251075,2.0971925272611642,5.2183526373725435
2,3,1068415030,local_077,-2.081040686945717,-0.5564691827344194,3.4387797773024618,1.3787620451919371,2.0600177321105244,True,2.5707182968491615,0.44917271675946896,2.1215455800896925,5.141436593698323
2,3,1068415030,local_080,-0.6659324516941341,-0.020071403745315682,1.3884928186035155,0.3496706359403907,1.0388221826631248,True,2.665355629635486,0.8292704565583562,1.8360851730771297,5.330711259270972
2,3,1068415030,local_082,-1.2012931476708681,-0.0501126281066171,1.2303015876183143,0.2879847731385616,0.9423168144797527,True,2.1834676484626327,0.6376879039889665,1.5457797444736663,4.3669352969252655
2,3,1068415030,local_083,-1.628111746918159,-0.7325324076119535,3.192841780011454,2.007645191722006,1.1851965882894482,False,3.429052893472149,0.5081071339860301,2.920945759486119,6.858105786944298
2,3,1068415030,local_087,-1.7032908164160323,-0.2017911341778647,-0.3145730268546387,0.5520461766658484,0.8666192035204872,True,1.6603120469331127,0.5142404738161039,1.1460715731170088,3.3206240938662255
2,3,1068415030,local_088,1.7561590985223667,-0.1731114805702994,2.8589108825256133,2.215144510599195,0.6437663719264184,True,3.1866818717834535,1.031843246695058,2.1548386250883955,6.373363743566907
2,3,1068415030,local_090,-0.564803951377932,-0.09243354603543363,-0.004471062320401842,0.047411375350331866,0.05188243767073371,True,1.6832466387612,0.5187293808267092,1.1645172579344907,3.3664932775224
2,3,1068415030,local_094,-0.16964130627183818,0.9132649099129715,1.51784085591634,1.1414795604515693,0.3763612954647708,True,2.581242309831822,0.3810232054250947,2.2002191044067274,5.162484619663644
2,3,1068415030,local_096,-0.969563804472342,0.9185705315751015,3.861732006597601,2.0792861580790314,1.7824458485185697,True,2.5491421476323506,0.47102609592579087,2.0781160517065596,5.098284295264701
2,3,1068415030,local_098,1.34386354731387,-0.6672217875389314,4.573517989147881,2.5270302611960744,2.0464877279518063,True,2.325855551341882,0.48204906171029427,1.843806489631588,4.651711102683764
2,3,1068415030,local_099,-2.7991976070301092,-0.03771030219619101,0.9317134751092819,-0.4326365721695198,1.3643500472788017,True,1.6009677329430578,0.3921348640956465,1.2088328688474113,3.201935465886115
2,3,1068415030,local_109,1.3181211774554507,-0.08498166714027108,3.049920091820087,3.334986858690627,0.28506676687054,True,2.8651306654850517,0.8891454703134644,1.9759851951715872,5.730261330970103
2,4,228318980,local_001,1.0555685058516724,5.821691499600044,1.725786379496256,1.4410299347980406,0.28475644469821537,False,3.494604612426788,0.7529058450960883,2.7416987673307,6.989209224853576
2,4,228318980,local_002,3.2497920769421724,0.29443475884283377,0.22199857905345688,2.905159905154054,2.6831613261005973,False,3.905930416773939,1.4347142586374377,2.4712161581365013,7.811860833547879
2,4,228318980,local_003,4.373068855030794,0.20074650244502454,1.5581075503338564,2.0531694367459585,0.49506188641210214,False,4.870696632153319,1.4995242934485304,3.3711723387047883,9.741393264306637
2,4,228318980,local_011,1.4097025193829202,-1.0037363140595954,3.1613948953701905,5.4312801846378544,2.269885289267664,True,2.949943019670378,0.7020126793054731,2.247930340364905,5.899886039340757
2,4,228318980,local_012,0.1925404293443072,-0.7261814797309618,1.4269447016473267,2.0304195672452807,0.603474865597954,True,2.405661495053745,0.8173848253735164,1.5882766696802286,4.81132299010749
2,4,228318980,local_017,0.8447455270304304,0.5804330004879303,4.12669131365913,2.098671397164828,2.028019916494302,True,3.258263493080241,1.292788773965046,1.965474719115195,6.516526986160482
2,4,228318980,local_019,2.9364700958382253,0.6624286491104329,-0.01264156401752281,0.8020913909809232,0.814732954998446,False,4.194640610168314,1.7026368819737965,2.4920037281945175,8.389281220336628
2,4,228318980,local_020,-0.27214910314418356,-0.9297071772582916,2.7806031550089534,0.8756442663300745,1.9049588886788789,False,3.3859408853140183,0.7162254328850985,2.6697154524289197,6.7718817706280365
2,4,228318980,local_025,-2.955827040953235,0.2416017270959956,-1.493498512759774,-0.1419604131153348,1.351538099644439,False,3.482197379389253,0.978205628822148,2.503991750567105,6.964394758778506
2,4,228318980,local_028,2.366668426751495,-0.1276485658129692,1.6739008553116417,5.482238529829822,3.8083376745181807,False,3.4849487042921417,1.3797147911924803,2.1052339130996613,6.969897408584282
2,4,228318980,local_029,-2.3890129852474904,-0.29397447955787026,0.7981878952777652,1.4914155845810346,0.6932276893032694,True,2.2418414732488534,0.7830892243259975,1.4587522489228557,4.483682946497707
2,4,228318980,local_030,-1.6027807681826893,-0.7620646394364815,4.664717645328949,1.5044652143233335,3.1602524310056155,False,3.460818692723092,0.5119463938558135,2.9488722988672786,6.921637385446184
2,4,228318980,local_031,0.18411157962703373,0.8377263345377207,1.2309529786759805,0.49634911508672064,0.7346038635892599,True,2.713715456452605,0.9744285315130234,1.7392869249395815,5.42743091290521
2,4,228318980,local_036,-2.0421420476106977,-0.09492193313614562,0.5736582618550501,0.645549982805153,0.07189172095010288,True,2.1957804733538966,0.5188893213844015,1.6768911519694953,4.391560946707793
2,4,228318980,local_043,1.210095849090365,-0.009559285629922776,2.162841306612088,3.3603196941868987,1.1974783875748107,False,3.3217502181098824,0.703374100586811,2.6183761175230713,6.643500436219764
2,4,228318980,local_046,-0.8271523445342699,-0.8291581260132956,1.0081273739306953,0.30757901929085535,0.7005483546398399,False,4.225893745485037,0.73603134833866,3.4898623971463776,8.451787490970075
2,4,228318980,local_052,-0.023531183145550187,5.998584528116516,1.2522175806439106,0.999887837146578,0.2523297434973326,False,4.754189363006832,0.8046092407423879,3.9495801222644435,9.508378726013664
2,4,228318980,local_053,-1.6417611874050637,-0.07566986350920644,-1.1486642040449873,-0.19106011185393396,0.9576040921910534,True,2.7362315441412126,0.8421038779005537,1.8941276662406588,5.472463088282425
2,4,228318980,local_072,1.1264406989267994,-0.223240391649185,-1.481148929614375,-0.9057088053966693,0.5754401242177056,True,2.234637125032079,0.46755998775741886,1.7670771372746603,4.469274250064158
2,4,228318980,local_080,-0.6659324516941341,-0.020071403745315682,1.3884928186035155,0.41039603448924855,0.9780967841142669,True,2.3644735293724652,0.8344459125651288,1.5300276168073366,4.7289470587449305
2,4,228318980,local_083,-1.628111746918159,-0.7325324076119535,3.192841780011454,0.992482807259081,2.2003589727523734,True,3.031231558444535,0.44099837634616224,2.590233182098373,6.06246311688907
2,4,228318980,local_084,1.1679639592263458,5.8921249747384365,1.2955399081796255,1.2189212920970434,0.07661861608258214,True,3.272118720361485,0.663519809898238,2.6085989104632468,6.54423744072297
2,4,228318980,local_087,-1.7032908164160323,-0.2017911341778647,-0.3145730268546387,0.6163914272949818,0.9309644541496205,True,1.9197185823680827,0.5260037883402479,1.393714794027835,3.8394371647361654
2,4,228318980,local_088,1.7561590985223667,-0.1731114805702994,2.8589108825256133,2.215655978469357,0.6432549040562563,True,3.186916985412594,1.0317682464316982,2.1551487389808957,6.3738339708251885
2,4,228318980,local_090,-0.564803951377932,-0.09243354603543363,-0.004471062320401842,0.20252750740279263,0.20699856972319447,True,1.4877588430023747,0.4556854052334834,1.0320734377688914,2.9755176860047494
2,4,228318980,local_091,0.5468080006823893,-0.6441214219069032,2.9606815474444153,2.9157367471343005,0.04494480031011472,True,2.20745850041177,0.4634979786502566,1.7439605217615135,4.41491700082354
2,4,228318980,local_108,0.9604770654395144,-1.5469973742509093,6.578980262744062,6.01229685225924,0.5666834104848215,True,2.8520788270240183,0.40087177604754026,2.451207050976478,5.704157654048036
2,4,228318980,local_110,-2.5350017144439247,-0.08821317424906,-0.9447126583523211,0.7442114472414796,1.6889241055938007,True,2.2785072556413897,0.6463138873596489,1.6321933682817409,4.557014511282779
2,5,1870490084,local_001,1.0555685058516724,5.821691499600044,1.725786379496256,1.441077225010217,0.28470915448603895,False,3.4946878886339285,0.752899270325112,2.7417886183088167,6.989375777267857
2,5,1870490084,local_006,1.1371008353109753,-1.4199982071033685,6.879289266540233,5.526467423271093,1.3528218432691403,False,4.041612079071258,0.8680782955534192,3.1735337835178385,8.083224158142514
2,5,1870490084,local_007,1.5608012769808957,-1.2002359527976414,3.4813968680245533,3.1436308091385037,0.3377660588860496,True,3.0318762258549325,0.7350613005259627,2.29681492532897,6.063752451709865
2,5,1870490084,local_015,3.895434214215513,-0.6593435483587626,2.732424938964845,2.7633763448010566,0.0309514058362117,False,3.319415008240189,1.4317540739625687,1.8876609342776203,6.638830016480378
2,5,1870490084,local_019,2.9364700958382253,0.6624286491104329,-0.01264156401752281,0.6549495646692491,0.667591128686772,False,3.322911024314835,1.45026696993681,1.8726440543780252,6.64582204862967
2,5,1870490084,local_020,-0.27214910314418356,-0.9297071772582916,2.7806031550089534,0.41649004181784155,2.3641131131911117,True,3.1145633600369025,0.8213147699802147,2.2932485900566877,6.229126720073805
2,5,1870490084,local_027,1.9615630284503007,-1.3563548592985808,6.076206580528844,5.319088549908465,0.7571180306203784,True,3.0246089519551997,0.6665936416148368,2.358015310340363,6.0492179039104
2,5,1870490084,local_030,-1.6027807681826893,-0.7620646394364815,4.664717645328949,2.022578356375939,2.6421392889530098,False,3.542969521292844,0.4891327256974256,3.0538367955954184,7.085939042585688
2,5,1870490084,local_032,-0.6500650411809074,-0.27715409744620856,0.6554998568021326,0.1937581780766372,0.46174167872549543,True,1.9857693508401857,0.5590324960895755,1.4267368547506103,3.9715387016803714
2,5,1870490084,local_033,-0.5424368719445116,0.8959084823244202,2.6824910593668623,2.810228277592721,0.12773721822585893,True,2.5297220285038553,0.4865899701819347,2.0431320583219206,5.059444057007711
2,5,1870490084,local_040,-2.303494734445533,-0.05511785118429728,1.2805820576985676,1.5177851687082577,0.23720311100969016,True,2.266635604393156,0.5807125285561746,1.6859230758369814,4.533271208786312
2,5,1870490084,local_041,-1.798392900964244,-0.464521117443664,-0.7189533198861513,-0.005680189062175989,0.7132731308239753,True,2.7790326984398828,0.5433017545560664,2.235730943883816,5.5580653968797655
2,5,1870490084,local_042,0.8715451765572353,-0.6345997284201466,2.659321951370733,2.381412650080944,0.2779093012897893,True,2.2375967873675595,0.6474653245886691,1.5901314627788905,4.475193574735119
2,5,1870490084,local_051,-0.7587778380295319,-0.3365246425038785,-1.4815165072547063,-0.1514976849801704,1.330018822274536,True,2.0868108195311383,0.6152996471917404,1.471511172339398,4.173621639062277
2,5,1870490084,local_054,1.1428365987285232,-1.4209607812896992,6.346695914633365,6.092747683789437,0.25394823084392826,False,3.7026349307511808,0.596291024369217,3.1063439063819636,7.4052698615023616
2,5,1870490084,local_057,0.9339695618223558,-0.6146023292114023,2.579870385869344,3.496252619850921,0.9163822339815768,True,2.490060642381157,0.6132621968516387,1.876798445529518,4.980121284762314
2,5,1870490084,local_060,1.9363029983659203,-1.2233517315013342,6.356271346400899,4.628523935866318,1.7277474105345805,True,2.796039687348964,0.7379500511520733,2.0580896361968906,5.592079374697928
2,5,1870490084,local_063,-2.6670541407552095,-0.12277580798098542,-1.3297262114025306,-0.07661576556763533,1.2531104458348952,True,1.7966962777555646,0.39225844920859637,1.4044378285469683,3.5933925555111292
2,5,1870490084,local_066,-1.984198281909879,-0.7270582512433014,2.300409389285055,1.0924562673576026,1.2079531219274524,True,2.6555603350904042,0.447039484469743,2.208520850620661,5.3111206701808085
2,5,1870490084,local_067,0.7381781696141017,-1.539545791200865,4.329723446600152,4.334933336626589,0.005209890026437236,False,3.3255571105091843,0.7400975116203758,2.5854595988888085,6.651114221018368
2,5,1870490084,local_069,0.20342179077095635,-0.4679378688420322,1.1223452203876905,0.2564626821497054,0.8658825382379851,True,2.816759942033336,0.6873587858968546,2.1294011561364816,5.633519884066672
2,5,1870490084,local_075,1.4914246148630037,-0.541251399832422,5.2446770648925,4.413678558165245,0.830998506727255,True,2.9499193983865175,0.6873806661970896,2.262538732189428,5.899838796773036
2,5,1870490084,local_080,-0.6659324516941341,-0.020071403745315682,1.3884928186035155,0.4275294434638074,0.9609633751397081,True,2.333984021949524,0.8356321572389384,1.4983518647105856,4.667968043899048
2,5,1870490084,local_086,-0.5185858308727754,-0.2005063301888428,-1.1420851462190953,0.5070285952457239,1.6491137414648191,True,2.166987201204276,0.7132097915415563,1.45377740966272,4.333974402408552
2,5,1870490084,local_089,-1.225996736343755,-0.48676905411777177,1.5416776532259857,0.6435676361272397,0.898110017098746,True,2.574483364974413,0.742334216156951,1.8321491488174624,5.148966729948826
2,5,1870490084,local_090,-0.564803951377932,-0.09243354603543363,-0.004471062320401842,-0.0013365018318606293,0.0031345604885412125,True,1.4729280768164565,0.48228943330637714,0.9906386435100795,2.945856153632913
2,5,1870490084,local_095,0.5518387651792833,-0.197765499937733,-0.6319926675649787,-0.8256917769986118,0.1936991094336331,True,2.1909434367923453,0.4713321843258446,1.7196112524665008,4.3818868735846905
2,5,1870490084,local_098,1.34386354731387,-0.6672217875389314,4.573517989147881,2.5949473416198123,1.9785706475280684,True,2.6027588596566513,0.4688663306765469,2.1338925289801045,5.205517719313303
2,6,1516647825,local_005,-0.7524079162088602,-0.38968192252498,0.7343614374671263,0.5711240485642008,0.1632373889029255,True,2.6520621684982766,0.9465201763416156,1.7055419921566612,5.304124336996553
2,6,1516647825,local_010,-1.448002228692716,-0.0840485524073864,0.4895771132022282,0.7745529469991751,0.2849758337969469,True,2.031392794909865,0.5392786833262583,1.4921141115836065,4.06278558981973
2,6,1516647825,local_017,0.8447455270304304,0.5804330004879303,4.12669131365913,2.17096703512766,1.95572427853147,True,3.0931026945906686,1.3805697133753132,1.7125329812153554,6.186205389181337
2,6,1516647825,local_025,-2.955827040953235,0.2416017270959956,-1.493498512759774,-0.12891774822307955,1.3645807645366945,False,3.4248301654468745,1.1675805660603817,2.2572495993864927,6.849660330893749
2,6,1516647825,local_026,-0.18051877989420922,-0.2841225698274764,3.3589079998016356,2.14006562474986,1.2188423750517754,True,3.08367683062053,1.1809257410344005,1.90275108958613,6.16735366124106
2,6,1516647825,local_028,2.366668426751495,-0.1276485658129692,1.6739008553116417,3.962377907608796,2.2884770522971545,True,3.2856297949344873,1.1762326214800833,2.1093971734544037,6.5712595898689745
2,6,1516647825,local_029,-2.3890129852474904,-0.29397447955787026,0.7981878952777652,1.178625889743835,0.38043799446606985,True,2.1372806928247092,0.7599741999656223,1.377306492859087,4.2745613856494185
2,6,1516647825,local_031,0.18411157962703373,0.8377263345377207,1.2309529786759805,0.5011584263782838,0.7297945522976967,True,2.482412004284531,0.9798246114626559,1.5025873928218751,4.964824008569062
2,6,1516647825,local_035,0.30157384123670355,-0.49554903991391147,3.174158549672741,2.7226548764919203,0.45150367318082063,True,2.5431748700367915,0.7808237779520804,1.7623510920847114,5.086349740073583
2,6,1516647825,local_040,-2.303494734445533,-0.05511785118429728,1.2805820576985676,0.7808868458636106,0.499695211834957,True,2.3169291496275886,0.7481736508949859,1.5687554987326027,4.633858299255177
2,6,1516647825,local_041,-1.798392900964244,-0.464521117443664,-0.7189533198861513,1.701128036588001,2.420081356474152,False,4.970879961085175,0.6644059074420932,4.306474053643082,9.94175992217035
2,6,1516647825,local_047,-2.268356790936038,-0.23723674738198064,-0.7585864227082997,0.6311396323301649,1.3897260550384645,True,2.1439511145347634,0.5039456829651254,1.6400054315696377,4.287902229069527
2,6,1516647825,local_048,0.9064989405371513,-0.5536564331283553,1.4627749467232762,2.2345655940246236,0.7717906473013474,True,2.7019938575708817,0.7890481013900326,1.9129457561808492,5.4039877151417635
2,6,1516647825,local_051,-0.7587778380295319,-0.3365246425038785,-1.4815165072547063,-0.0213287620496197,1.4601877452050867,True,2.2933826277106655,0.6776744599711677,1.6157081677394978,4.586765255421331
2,6,1516647825,local_052,-0.023531183145550187,5.998584528116516,1.2522175806439106,0.999887837146578,0.2523297434973326,False,4.754189363006832,0.8046092407423879,3.9495801222644435,9.508378726013664
2,6,1516647825,local_058,1.540468881622365,-0.4587381707549099,2.037608550976484,3.025247891029548,0.9876393400530641,True,3.2115418369830393,0.6207833109565034,2.590758526026536,6.423083673966078
2,6,1516647825,local_063,-2.6670541407552095,-0.12277580798098542,-1.3297262114025306,1.559143073751942,2.8888692851544726,False,3.4292382186857036,0.602184355745521,2.8270538629401827,6.858476437371408
2,6,1516647825,local_068,-1.7575747015191168,-0.20039173493656942,1.153900891534212,0.6248633369975384,0.5290375545366736,True,1.855997010200434,0.4161228064002,1.439874203800234,3.711994020400868
2,6,1516647825,local_074,-1.7515999553522472,0.13597084090370462,1.1800834039597277,0.12015093799143584,1.0599324659682918,True,2.598319050062436,0.8223701817879534,1.7759488682744826,5.196638100124872
2,6,1516647825,local_084,1.1679639592263458,5.8921249747384365,1.2955399081796255,1.2257859674429108,0.0697539407367147,True,3.1916803781595546,0.6624921360213315,2.5291882421382232,6.383360756319108
2,6,1516647825,local_091,0.5468080006823893,-0.6441214219069032,2.9606815474444153,3.0025983129949507,0.04191676555053547,True,2.730105028307538,0.6963768954522211,2.033728132855317,5.460210056615077
2,6,1516647825,local_100,-1.5767446882047362,-0.7003605127292428,-1.7801574299070566,1.062858544101354,2.8430159740084107,True,2.740139735325351,0.569411703266329,2.170728032059022,5.480279470650702
2,6,1516647825,local_102,-1.4997920610953346,-0.7446341657666257,-0.08665273386637384,0.7709436410023682,0.8575963748687421,True,2.791503944950478,0.7798270692779221,2.011676875672556,5.583007889900956
2,6,1516647825,local_103,0.1651033041200809,-0.3750748868098575,2.151451302490235,1.995529569774038,0.1559217327161968,True,2.475475103356052,0.33440940732223656,2.1410656960338157,4.950950206712104
2,6,1516647825,local_105,-1.2512087995314978,-0.7427184341516534,2.4518820236124466,2.750540904111879,0.29865888049943257,False,4.180640672748654,0.5442907732775969,3.6363498994710564,8.361281345497307
2,6,1516647825,local_106,-1.3239915478793631,-0.5292951908402975,-0.24636592992146777,0.6368312120782381,0.8831971419997059,True,2.423862237866614,0.5624202877692502,1.861441950097364,4.847724475733228
2,6,1516647825,local_108,0.9604770654395144,-1.5469973742509093,6.578980262744062,6.035052481245519,0.5439277814985424,True,2.848336734555593,0.39996430124720694,2.448372433308386,5.696673469111187
2,6,1516647825,local_111,0.391438721884527,-0.5187723499295654,3.890250156784058,2.6315868625873904,1.2586632941966678,True,2.9557015783131027,0.6512439482536037,2.304457630059499,5.911403156626205
2,7,2363068987,local_005,-0.7524079162088602,-0.38968192252498,0.7343614374671263,0.5874141484208001,0.14694728904632626,True,2.6417997906954307,0.9475356524629763,1.6942641382324541,5.283599581390861
2,7,2363068987,local_006,1.1371008353109753,-1.4199982071033685,6.879289266540233,5.729881978517258,1.1494072880229753,True,3.115264367839733,0.7007275344374563,2.414536833402277,6.230528735679465
2,7,2363068987,local_007,1.5608012769808957,-1.2002359527976414,3.4813968680245533,2.9908984493851625,0.4904984186393908,True,2.8173979187691875,0.6985139423374399,2.1188839764317478,5.634795837538375
2,7,2363068987,local_010,-1.448002228692716,-0.0840485524073864,0.4895771132022282,0.7780694800725813,0.28849236687035307,True,2.0201281634749977,0.5408280150220452,1.4793001484529522,4.040256326949995
2,7,2363068987,local_015,3.895434214215513,-0.6593435483587626,2.732424938964845,2.9675606475176495,0.23513570855280452,False,3.3430538754477217,1.426269853404762,1.9167840220429597,6.686107750895443
2,7,2363068987,local_021,0.11286537437837839,-0.27053990729743377,0.766750504069857,0.5229497242696747,0.24380077980018233,False,3.3637754845199823,0.9771050956494158,2.3866703888705665,6.727550969039965
2,7,2363068987,local_022,2.5289767772317915,-0.3525405293673251,2.3066353384254437,1.9998244573191786,0.3068108811062651,False,3.356961458683441,0.9257666846973006,2.4311947739861406,6.713922917366882
2,7,2363068987,local_024,-0.09116417831474274,-0.2917064245809222,0.6244122394659586,-0.9604786849007152,1.5848909243666738,True,2.8821973673556998,0.601043684535865,2.2811536828198347,5.7643947347113995
2,7,2363068987,local_034,0.6417728838529045,-1.7044975811549088,5.389327648608717,5.159937489954441,0.22939015865427592,False,3.3809363939023758,0.6479469253593495,2.7329894685430265,6.7618727878047515
2,7,2363068987,local_035,0.30157384123670355,-0.49554903991391147,3.174158549672741,2.8709344226227618,0.30322412704997914,True,2.281647246659473,0.6017376725845207,1.679909574074952,4.563294493318946
2,7,2363068987,local_038,-0.28971736716460933,5.781242873063978,0.999887837146578,1.4046709254470415,0.4047830883004635,True,3.264570884687169,0.679842622124752,2.584728262562417,6.529141769374338
2,7,2363068987,local_041,-1.798392900964244,-0.464521117443664,-0.7189533198861513,-0.050547066093314386,0.6684062537928369,True,2.7165545511323304,0.5887814806717387,2.1277730704605915,5.433109102264661
2,7,2363068987,local_044,3.5146718675810993,0.058255648824165986,2.4753185280143444,1.7486224354919502,0.7266960925223942,False,3.5080449770415085,0.9691900332607212,2.5388549437807875,7.016089954083016
2,7,2363068987,local_046,-0.8271523445342699,-0.8291581260132956,1.0081273739306953,0.16583878241436892,0.8422885915163264,False,3.9224329487585883,0.76199075230701,3.1604421964515783,7.8448658975171774
2,7,2363068987,local_047,-2.268356790936038,-0.23723674738198064,-0.7585864227082997,0.1882350127371879,0.9468214354454876,True,1.821096548904726,0.46816953605697553,1.3529270128477504,3.642193097809452
2,7,2363068987,local_055,1.6383809321440104,-1.0726060175695855,5.689955578486124,4.00430773914937,1.6856478393367542,True,2.445012876095369,0.4645528503125218,1.980460025782847,4.890025752190738
2,7,2363068987,local_057,0.9339695618223558,-0.6146023292114023,2.579870385869344,3.2773227124375763,0.6974523265682322,True,2.519944302238935,0.6217007895020296,1.8982435127369053,5.03988860447787
2,7,2363068987,local_062,-0.6145241317077517,-0.8010966474961415,1.2106035189410012,0.7506460611279403,0.45995745781306085,True,2.9775128178399233,0.5949914273436457,2.3825213904962776,5.9550256356798466
2,7,2363068987,local_063,-2.6670541407552095,-0.12277580798098542,-1.3297262114025306,0.16139537376408059,1.491121585166611,True,1.8648220194569243,0.4306727818721816,1.4341492375847427,3.7296440389138485
2,7,2363068987,local_065,-1.6848416489281408,-0.4725726632186117,1.9529419112666955,0.42286951322470023,1.5300723980419952,True,1.9141238482190956,0.43125801145965553,1.48286583675944,3.8282476964381913
2,7,2363068987,local_075,1.4914246148630037,-0.541251399832422,5.2446770648925,4.613388692458896,0.6312883724336036,True,2.81360161079576,0.6137757774087931,2.1998258333869667,5.62720322159152
2,7,2363068987,local_083,-1.628111746918159,-0.7325324076119535,3.192841780011454,1.9884907402693361,1.204351039742118,True,3.0047948515334895,0.5153353849031304,2.489459466630359,6.009589703066979
2,7,2363068987,local_089,-1.225996736343755,-0.48676905411777177,1.5416776532259857,-0.18044444014927147,1.7221220933752572,True,2.6893329765557765,0.7944531672633985,1.894879809292378,5.378665953111553
2,7,2363068987,local_095,0.5518387651792833,-0.197765499937733,-0.6319926675649787,-1.247881489656869,0.6158888220918903,True,2.6853682331040556,0.47368009300799874,2.211688140096057,5.370736466208111
2,7,2363068987,local_096,-0.969563804472342,0.9185705315751015,3.861732006597601,1.9474322108505382,1.9142997957470629,True,2.0365348276774955,0.38750845159711655,1.649026376080379,4.073069655354991
2,7,2363068987,local_097,2.0222156176579307,-0.2873212748900855,-0.5363148702646239,-1.9302554740111655,1.3939406037465416,False,3.8432393791297352,0.6031000078488533,3.240139371280882,7.6864787582594705
2,7,2363068987,local_098,1.34386354731387,-0.6672217875389314,4.573517989147881,2.5093888522636725,2.0641291368842083,True,2.9704031846006127,0.4250919419858725,2.54531124261474,5.940806369201226
2,7,2363068987,local_110,-2.5350017144439247,-0.08821317424906,-0.9447126583523211,0.5180013802044963,1.4627140385568174,True,1.8517119278824758,0.5379904555406554,1.3137214723418205,3.7034238557649513
2,8,2301484559,local_004,0.7123925093361396,-0.7929560795628144,3.22451144482467,4.142284052104999,0.9177726072803285,True,2.497607416380915,0.5151194950656848,1.98248792131523,4.99521483276183
2,8,2301484559,local_005,-0.7524079162088602,-0.38968192252498,0.7343614374671263,0.5246124988410445,0.2097489386260818,True,2.6845580581774295,0.9438323898968396,1.7407256682805898,5.369116116354859
2,8,2301484559,local_008,1.98668403966542,-0.20733989514796386,-2.311528537700702,-0.791904478620207,1.5196240590804952,False,4.876920316951879,0.5728357482143277,4.304084568737552,9.753840633903758
2,8,2301484559,local_010,-1.448002228692716,-0.0840485524073864,0.4895771132022282,0.785721892676813,0.29614477947458484,True,1.9959472728176872,0.5443473113431613,1.451599961474526,3.9918945456353745
2,8,2301484559,local_013,-1.3801894575152416,1.000555173078204,1.20465650201613,1.7732519226931018,0.5685954206769719,True,2.109370262864204,0.6807663147232698,1.428603948140934,4.218740525728408
2,8,2301484559,local_014,-0.9007942378325358,0.523496526540537,1.153590305484764,-0.13381711547152875,1.287407420956293,True,3.080125723627572,1.110524998543138,1.9696007250844338,6.160251447255144
2,8,2301484559,local_016,1.258105134599882,-0.4736043644783636,4.984591654361349,4.205234227403904,0.7793574269574455,True,2.6593295405337516,0.37499036121733065,2.284339179316421,5.318659081067503
2,8,2301484559,local_017,0.8447455270304304,0.5804330004879303,4.12669131365913,2.007307623674976,2.119383689984154,True,2.8208629307634068,1.3053241130219708,1.5155388177414362,5.6417258615268135
2,8,2301484559,local_018,3.4457542071455705,-0.6060611208389725,0.030611106676933453,0.6828173950845219,0.6522062884075884,False,5.054929849647317,1.6021032017158339,3.452826647931483,10.109859699294635
2,8,2301484559,local_025,-2.955827040953235,0.2416017270959956,-1.493498512759774,-0.16980654720238697,1.323691965557387,False,3.34020646176415,0.9843730847719657,2.355833376992184,6.6804129235283
2,8,2301484559,local_030,-1.6027807681826893,-0.7620646394364815,4.664717645328949,2.4234316208954243,2.2412860244335246,False,3.448924368617821,0.433999014870404,3.014925353747417,6.897848737235642
2,8,2301484559,local_031,0.18411157962703373,0.8377263345377207,1.2309529786759805,0.7777509980945916,0.45320198058138894,True,2.4797738422357885,0.9479258893722318,1.5318479528635567,4.959547684471577
2,8,2301484559,local_032,-0.6500650411809074,-0.27715409744620856,0.6554998568021326,0.5275021969425981,0.12799765985953448,True,1.7443483276452807,0.5129437219488833,1.2314046056963974,3.4886966552905614
2,8,2301484559,local_037,-0.9078244340747956,0.8588819294739267,1.3433813583374024,0.2670937397905336,1.0762876185468688,True,2.3986977388775252,0.6248672358148257,1.7738305030626995,4.7973954777550505
2,8,2301484559,local_042,0.8715451765572353,-0.6345997284201466,2.659321951370733,2.4980338454174245,0.16128810595330867,True,2.45280261151431,0.6535459219421406,1.7992566895721693,4.905605223028619
2,8,2301484559,local_044,3.5146718675810993,0.058255648824165986,2.4753185280143444,1.848210770911125,0.6271077571032193,True,3.1663596821640585,0.7457339746969673,2.420625707467091,6.332719364328117
2,8,2301484559,local_051,-0.7587778380295319,-0.3365246425038785,-1.4815165072547063,-0.13702588195120455,1.3444906253035018,True,2.2367234875715534,0.5393762209519259,1.6973472666196272,4.473446975143107
2,8,2301484559,local_052,-0.023531183145550187,5.998584528116516,1.2522175806439106,1.0004573751229937,0.25176020552091694,False,4.762773092975902,0.8207952558132843,3.9419778371626175,9.525546185951804
2,8,2301484559,local_055,1.6383809321440104,-1.0726060175695855,5.689955578486124,4.203887518397641,1.486068060088483,True,2.518964522523834,0.5014458582852991,2.0175186642385348,5.037929045047669
2,8,2301484559,local_057,0.9339695618223558,-0.6146023292114023,2.579870385869344,3.7418284989715316,1.1619581131021874,True,3.0000671631846214,0.6779023084712869,2.3221648547133347,6.000134326369244
2,8,2301484559,local_059,-0.719554608619687,-0.19205772655531425,-0.41983662442111847,-0.07384595431645674,0.3459906701046617,True,1.8638796658163652,0.4990239837137191,1.364855682102646,3.7277593316327304
2,8,2301484559,local_065,-1.6848416489281408,-0.4725726632186117,1.9529419112666955,0.3532700335795983,1.599671877687097,True,1.686674449068587,0.427354623779791,1.259319825288796,3.373348898137174
2,8,2301484559,local_073,1.7612502746702892,-1.364461686143103,6.216447191482935,5.128187548133434,1.0882596433495006,True,2.5823388757559465,0.4929147771522751,2.089424098603671,5.164677751511892
2,8,2301484559,local_076,-1.293898297110151,-0.27765386800014663,2.421905947816138,-0.07613634789762051,2.4980422957137587,True,1.4603112259683506,0.5016458212264209,0.9586654047419298,2.9206224519367012
2,8,2301484559,local_087,-1.7032908164160323,-0.2017911341778647,-0.3145730268546387,0.41968847538272674,0.7342615022373655,True,1.9131130994768015,0.5287222741186172,1.3843908253581843,3.826226198953603
2,8,2301484559,local_098,1.34386354731387,-0.6672217875389314,4.573517989147881,2.845981819308495,1.7275361698393858,True,2.5946345832693383,0.572819844710123,2.021814738559215,5.189269166538676
2,8,2301484559,local_101,1.8305233435228436,-1.167104312310491,3.3243548706847355,2.7446623974055875,0.579692473279148,False,3.3379062432254125,0.7513394608429059,2.5865667823825067,6.675812486450825
2,8,2301484559,local_103,0.1651033041200809,-0.3750748868098575,2.151451302490235,1.970234639571123,0.18121666291911187,True,2.5039050800788614,0.33850460716383624,2.1654004729150254,5.007810160157723
2,9,1323351710,local_004,0.7123925093361396,-0.7929560795628144,3.22451144482467,3.811151339156523,0.5866398943318529,True,2.6329598124491254,0.46015003701540247,2.172809775433723,5.265919624898251
2,9,1323351710,local_005,-0.7524079162088602,-0.38968192252498,0.7343614374671263,0.43047969920324003,0.3038817382638863,True,2.7443321072562714,0.9403522604745538,1.8039798467817179,5.488664214512543
2,9,1323351710,local_006,1.1371008353109753,-1.4199982071033685,6.879289266540233,5.681706139464788,1.1975831270754451,True,3.1190466920556577,0.7924064211946389,2.3266402708610188,6.238093384111316
2,9,1323351710,local_008,1.98668403966542,-0.20733989514796386,-2.311528537700702,-0.6676597894790212,1.643868748221681,False,5.102536223868933,0.6005995719151583,4.501936651953774,10.205072447737866
2,9,1323351710,local_013,-1.3801894575152416,1.000555173078204,1.20465650201613,2.3010796545249357,1.0964231525088057,True,2.2473484876293193,0.7182469690288823,1.5291015186004369,4.4946969752586385
2,9,1323351710,local_014,-0.9007942378325358,0.523496526540537,1.153590305484764,-0.19774355902588742,1.3513338645106514,True,2.8041832967280635,1.189664398954152,1.6145188977739118,5.608366593456127
2,9,1323351710,local_015,3.895434214215513,-0.6593435483587626,2.732424938964845,2.8291541709492556,0.09672923198441064,True,3.191680681803547,1.414037569189599,1.777643112613948,6.383361363607094
2,9,1323351710,local_016,1.258105134599882,-0.4736043644783636,4.984591654361349,4.230202792457051,0.7543888619042978,True,2.710242956822106,0.36203304727139435,2.348209909550712,5.420485913644212
2,9,1323351710,local_019,2.9364700958382253,0.6624286491104329,-0.01264156401752281,0.6545102773858749,0.6671518414033977,False,3.3233365037000215,1.450214984474683,1.8731215192253383,6.646673007400043
2,9,1323351710,local_020,-0.27214910314418356,-0.9297071772582916,2.7806031550089534,0.42086078618882905,2.3597423688201244,True,3.1188295035362126,0.8210710385268476,2.297758465009365,6.237659007072425
2,9,1323351710,local_026,-0.18051877989420922,-0.2841225698274764,3.3589079998016356,3.5251273559319545,0.1662193561303189,False,3.3116593865631825,0.8338414226588707,2.477817963904312,6.623318773126366
2,9,1323351710,local_032,-0.6500650411809074,-0.27715409744620856,0.6554998568021326,0.5418818460462275,0.11361801075590516,True,1.8689937222279878,0.5465919542177332,1.3224017680102547,3.7379874444559755
2,9,1323351710,local_035,0.30157384123670355,-0.49554903991391147,3.174158549672741,2.941897157358907,0.23226139231383414,True,2.4515705293630785,0.7659778311243459,1.6855926982387326,4.903141058726157
2,9,1323351710,local_040,-2.303494734445533,-0.05511785118429728,1.2805820576985676,1.2364000207791717,0.04418203691939593,True,2.1224257643857216,0.6454176412194483,1.4770081231662735,4.244851528771443
2,9,1323351710,local_041,-1.798392900964244,-0.464521117443664,-0.7189533198861513,-0.14718486325100527,0.571768456635146,True,2.9422466723758736,0.5630054616847079,2.379241210691166,5.884493344751747
2,9,1323351710,local_042,0.8715451765572353,-0.6345997284201466,2.659321951370733,2.591702222691436,0.067619728679297,True,2.2295910761837825,0.6958977490148537,1.5336933271689288,4.459182152367565
2,9,1323351710,local_048,0.9064989405371513,-0.5536564331283553,1.4627749467232762,2.8919297475018393,1.429154800778563,True,2.7633124481386653,0.7109820038248951,2.05233044431377,5.52662489627733
2,9,1323351710,local_061,-0.8773584744031749,0.9457095134242471,0.5634527334314603,1.4135592399708776,0.8501065065394173,True,2.5456158032573613,0.7592084183412345,1.7864073849161266,5.0912316065147225
2,9,1323351710,local_069,0.20342179077095635,-0.4679378688420322,1.1223452203876905,0.8463442451719427,0.27600097521574773,False,3.32906198821949,0.6362741885044326,2.6927877997150573,6.65812397643898
2,9,1323351710,local_072,1.1264406989267994,-0.223240391649185,-1.481148929614375,-0.5776642482902021,0.9034846813241728,True,2.596239188006918,0.514358144310025,2.0818810436968933,5.192478376013836
2,9,1323351710,local_083,-1.628111746918159,-0.7325324076119535,3.192841780011454,2.0284191839733925,1.1644225960380616,False,3.3702138776325157,0.4536572582680563,2.916556619364459,6.740427755265031
2,9,1323351710,local_084,1.1679639592263458,5.8921249747384365,1.2955399081796255,1.2742620029959864,0.021277905183639145,True,3.1017846756820173,0.6454643189182949,2.4563203567637224,6.203569351364035
2,9,1323351710,local_088,1.7561590985223667,-0.1731114805702994,2.8589108825256133,2.3049044772404477,0.5540064052851656,False,3.301994306596538,1.075151175199127,2.2268431313974113,6.603988613193076
2,9,1323351710,local_090,-0.564803951377932,-0.09243354603543363,-0.004471062320401842,0.05611949280727016,0.060590555127672,True,1.480828387499808,0.46731064153645185,1.0135177459633562,2.961656774999616
2,9,1323351710,local_091,0.5468080006823893,-0.6441214219069032,2.9606815474444153,3.098491123587003,0.1378095761425877,True,2.4841828880134735,0.6572054497915949,1.8269774382218786,4.968365776026946
2,9,1323351710,local_098,1.34386354731387,-0.6672217875389314,4.573517989147881,2.66330730724191,1.910210681905971,True,2.6386985072476437,0.4879139035903486,2.150784603657295,5.277397014495287
2,9,1323351710,local_100,-1.5767446882047362,-0.7003605127292428,-1.7801574299070566,0.8211269260828651,2.6012843559899217,True,2.4583397001654377,0.4604289079077745,1.9979107922576633,4.916679400330875
2,9,1323351710,local_107,-0.5590376450883418,-0.3237305325415634,-1.117637334187826,0.7263069669352091,1.8439443011230352,True,2.0814293859076693,0.43745966070416853,1.6439697252035006,4.162858771815339
2,10,3755002609,local_001,1.0555685058516724,5.821691499600044,1.725786379496256,1.4411697257357952,0.28461665376046086,False,3.494851551148443,0.7528866346386145,2.7419649165098283,6.989703102296886
2,10,3755002609,local_005,-0.7524079162088602,-0.38968192252498,0.7343614374671263,0.5667579988828759,0.16760343858425042,True,3.0165544625422718,0.9615114129543237,2.055043049587948,6.0331089250845436
2,10,3755002609,local_008,1.98668403966542,-0.20733989514796386,-2.311528537700702,-0.8075479323705393,1.5039806053301628,False,5.122619020787094,0.566024479163742,4.556594541623352,10.245238041574188
2,10,3755002609,local_010,-1.448002228692716,-0.0840485524073864,0.4895771132022282,0.8726809436713397,0.38310383046911156,True,2.0108315366142415,0.5445871853190192,1.4662443512952226,4.021663073228483
2,10,3755002609,local_017,0.8447455270304304,0.5804330004879303,4.12669131365913,2.1564711142456883,1.9702201994134416,True,2.9492698096245045,1.29517248005908,1.6540973295654247,5.898539619249009
2,10,3755002609,local_026,-0.18051877989420922,-0.2841225698274764,3.3589079998016356,2.687233548320815,0.6716744514808206,True,2.925077832082655,0.9753758898739593,1.9497019422086956,5.85015566416531
2,10,3755002609,local_034,0.6417728838529045,-1.7044975811549088,5.389327648608717,5.171426981236577,0.21790066737213998,False,3.5019569944974887,0.6451510808844558,2.856805913613033,7.003913988994977
2,10,3755002609,local_039,1.6717249290903744,0.11215877951332728,-1.122246264648438,-0.3975000715046852,0.7247461931437527,False,4.092853884938281,1.116405243347151,2.97644864159113,8.185707769876561
2,10,3755002609,local_045,0.4121763198396254,-0.23221723741969644,-1.380939162415344,-0.413573808341696,0.967365354073648,True,2.3507051548674647,0.455304062547602,1.8954010923198628,4.701410309734929
2,10,3755002609,local_047,-2.268356790936038,-0.23723674738198064,-0.7585864227082997,-0.18832024584439372,0.5702661768639059,True,1.788837431699965,0.4436619915053033,1.3451754401946616,3.57767486339993
2,10,3755002609,local_049,0.6287277097023648,-0.4641050633042861,0.40147541748046756,-0.3475457229023581,0.7490211403828256,True,2.9516977495528214,0.6840623818160738,2.2676353677367476,5.903395499105643
2,10,3755002609,local_051,-0.7587778380295319,-0.3365246425038785,-1.4815165072547063,-0.13355150288921017,1.347965004365496,True,2.242587443213421,0.539020420313058,1.703567022900363,4.485174886426842
2,10,3755002609,local_052,-0.023531183145550187,5.998584528116516,1.2522175806439106,1.0012595926297057,0.250957988014205,False,4.761278554901433,0.8299880439252917,3.9312905109761416,9.522557109802866
2,10,3755002609,local_053,-1.6417611874050637,-0.07566986350920644,-1.1486642040449873,-0.03488900711057338,1.1137751969344138,True,2.2507207651904335,0.8779179376278258,1.3728028275626079,4.501441530380867
2,10,3755002609,local_054,1.1428365987285232,-1.4209607812896992,6.346695914633365,6.188092733446075,0.15860318118729033,True,2.688178632851747,0.5523501636196579,2.1358284692320892,5.3763572657034935
2,10,3755002609,local_061,-0.8773584744031749,0.9457095134242471,0.5634527334314603,1.4288133894416526,0.8653606560101923,True,2.5423832314025043,0.7879630614541941,1.7544201699483102,5.084766462805009
2,10,3755002609,local_062,-0.6145241317077517,-0.8010966474961415,1.2106035189410012,0.6511440447655588,0.5594594741754424,True,2.9859570053479856,0.5456528543714295,2.440304150976556,5.971914010695971
2,10,3755002609,local_066,-1.984198281909879,-0.7270582512433014,2.300409389285055,1.6393429665373727,0.6610664227476823,True,2.716929541693199,0.4147881905187674,2.3021413511744315,5.433859083386398
2,10,3755002609,local_073,1.7612502746702892,-1.364461686143103,6.216447191482935,5.266674035590466,0.9497731558924691,True,2.7703390683556908,0.49639845374124847,2.273940614614442,5.5406781367113815
2,10,3755002609,local_081,1.6393305439393169,-1.4781635232978165,3.3972131688044627,3.858099357072709,0.46088618826824623,True,2.577406572586068,0.6362589251515814,1.9411476474344869,5.154813145172136
2,10,3755002609,local_083,-1.628111746918159,-0.7325324076119535,3.192841780011454,1.5713870582120297,1.6214547217994244,True,2.8888793487312294,0.4698001081924592,2.41907924053877,5.777758697462459
2,10,3755002609,local_087,-1.7032908164160323,-0.2017911341778647,-0.3145730268546387,0.5133910400248594,0.8279640668794981,True,1.8039349694826332,0.49494163225095333,1.3089933372316798,3.6078699389652664
2,10,3755002609,local_091,0.5468080006823893,-0.6441214219069032,2.9606815474444153,2.73115693009212,0.22952461735229512,True,2.225055211056046,0.43533554356381093,1.789719667492235,4.4501104221120915
2,10,3755002609,local_099,-2.7991976070301092,-0.03771030219619101,0.9317134751092819,-0.4081297132353957,1.3398431883446777,True,1.8135727995986144,0.39140368292042366,1.4221691166781907,3.627145599197229
2,10,3755002609,local_102,-1.4997920610953346,-0.7446341657666257,-0.08665273386637384,0.8809032985976957,0.9675560324640695,True,2.622351869851439,0.8135474121668627,1.808804457684576,5.244703739702878
2,10,3755002609,local_104,1.0458354553515201,-0.3360919135789393,3.653826071602956,3.9434643336269386,0.2896382620239826,True,2.690639185686972,0.3965464877209403,2.2940926979660317,5.381278371373944
2,10,3755002609,local_105,-1.2512087995314978,-0.7427184341516534,2.4518820236124466,1.4493955181911036,1.002486505421343,True,3.1373152492793825,0.5009648543301605,2.636350394949222,6.274630498558765
2,10,3755002609,local_111,0.391438721884527,-0.5187723499295654,3.890250156784058,2.392234715568542,1.4980154412155162,True,2.4899340853862464,0.5214070235427908,1.9685270618434554,4.979868170772493
2,11,2484084385,local_010,-1.448002228692716,-0.0840485524073864,0.4895771132022282,1.0605426412572276,0.5709655280549994,True,2.123127250635029,0.6720304562484861,1.4510967943865427,4.246254501270058
2,11,2484084385,local_011,1.4097025193829202,-1.0037363140595954,3.1613948953701905,5.216430918299925,2.0550360229297344,False,3.541393958568821,0.6926113525222777,2.848782606046543,7.082787917137642
2,11,2484084385,local_017,0.8447455270304304,0.5804330004879303,4.12669131365913,2.2902047130560548,1.8364866006030751,False,3.3766875175722264,1.29630073785566,2.0803867797165667,6.753375035144453
2,11,2484084385,local_018,3.4457542071455705,-0.6060611208389725,0.030611106676933453,0.33295505989969787,0.3023439532227644,False,3.695554240964831,1.620364032670924,2.075190208293907,7.391108481929663
2,11,2484084385,local_024,-0.09116417831474274,-0.2917064245809222,0.6244122394659586,-0.0046635899450455515,0.6290758294110042,True,2.3939241833451197,0.5938970060948314,1.8000271772502883,4.787848366690239
2,11,2484084385,local_028,2.366668426751495,-0.1276485658129692,1.6739008553116417,3.962636885487216,2.288736030175574,True,3.289273887537922,1.1761219412400414,2.1131519462978803,6.578547775075844
2,11,2484084385,local_029,-2.3890129852474904,-0.29397447955787026,0.7981878952777652,0.3125077374830777,0.48568015779468754,True,2.236276579952705,0.7621220811563719,1.4741544987963333,4.47255315990541
2,11,2484084385,local_031,0.18411157962703373,0.8377263345377207,1.2309529786759805,0.7246150792026291,0.5063378994733514,True,2.5856769733581313,1.076144099480154,1.5095328738779774,5.171353946716263
2,11,2484084385,local_033,-0.5424368719445116,0.8959084823244202,2.6824910593668623,2.717839670775325,0.035348611408462904,True,2.7255508331762868,0.5506715895874551,2.1748792435888316,5.4511016663525735
2,11,2484084385,local_034,0.6417728838529045,-1.7044975811549088,5.389327648608717,5.1601459169203245,0.22918173168839218,False,3.3780761591338866,0.6482844106025034,2.729791748531383,6.756152318267773
2,11,2484084385,local_044,3.5146718675810993,0.058255648824165986,2.4753185280143444,1.847914052825626,0.6274044751887184,True,3.1661266044075655,0.7461156190191441,2.4200109853884215,6.332253208815132
2,11,2484084385,local_046,-0.8271523445342699,-0.8291581260132956,1.0081273739306953,0.040137797130431765,0.9679895768002635,False,4.045234595854094,0.7603754656292341,3.28485913022486,8.090469191708188
2,11,2484084385,local_050,1.760674782698319,5.476924146492508,1.2550455169936798,1.278113794170006,0.023068277176326202,False,3.459305542543989,1.014319742798653,2.444985799745336,6.918611085087978
2,11,2484084385,local_058,1.540468881622365,-0.4587381707549099,2.037608550976484,2.995391698132373,0.9577831471558889,True,2.774419826350916,0.56688976164728,2.207530064703636,5.548839652701833
2,11,2484084385,local_062,-0.6145241317077517,-0.8010966474961415,1.2106035189410012,0.7888257271851733,0.42177779175582786,True,2.7926804592250316,0.5692712450759904,2.2234092141490414,5.585360918450063
2,11,2484084385,local_063,-2.6670541407552095,-0.12277580798098542,-1.3297262114025306,-0.07495183155875737,1.2547743798437732,True,1.7754418807469952,0.3876647891331658,1.3877770916138294,3.5508837614939903
2,11,2484084385,local_065,-1.6848416489281408,-0.4725726632186117,1.9529419112666955,0.8892148804402207,1.0637270308264748,True,1.6971876132830799,0.4033098058614162,1.2938778074216637,3.3943752265661598
2,11,2484084385,local_069,0.20342179077095635,-0.4679378688420322,1.1223452203876905,0.42101236232262673,0.7013328580650637,True,3.0790124770154224,0.7358450432137753,2.343167433801647,6.158024954030845
2,11,2484084385,local_070,-2.8945109126893396,-0.016464980429442246,2.1991294680640814,0.6310043397493315,1.56812512831475,True,2.1499648826239546,0.6899775200687005,1.4599873625552542,4.299929765247909
2,11,2484084385,local_073,1.7612502746702892,-1.364461686143103,6.216447191482935,5.621444386260404,0.5950028052225305,True,2.814097879968896,0.5424262288400046,2.2716716511288912,5.628195759937791
2,11,2484084385,local_076,-1.293898297110151,-0.27765386800014663,2.421905947816138,0.030562531532010287,2.391343416284128,True,1.4686233988247093,0.5006156364321187,0.9680077623925906,2.9372467976494185
2,11,2484084385,local_078,0.4242161442736185,-0.7321754487660358,4.369789645512899,2.767590308195886,1.6021993373170131,True,2.52179392186094,0.4599173933011724,2.0618765285597678,5.04358784372188
2,11,2484084385,local_079,-1.8328065818392545,-0.2700102607673158,0.24657180963046255,0.6242522797297546,0.37768047009929206,True,2.499733998776972,0.5741145769263535,1.9256194218506186,4.999467997553944
2,11,2484084385,local_081,1.6393305439393169,-1.4781635232978165,3.3972131688044627,4.036614820213483,0.6394016514090204,True,2.721170690240843,0.5572280286515314,2.163942661589312,5.442341380481686
2,11,2484084385,local_085,-0.5055954646049663,0.8783966215136226,1.8805812698958766,1.1815948580722304,0.6989864118236462,True,2.1945052443547555,0.5847970081736044,1.609708236181151,4.389010488709511
2,11,2484084385,local_087,-1.7032908164160323,-0.2017911341778647,-0.3145730268546387,0.3256096818324454,0.6401827086870842,True,1.657867560604616,0.5124086687404406,1.1454588918641755,3.315735121209232
2,11,2484084385,local_094,-0.16964130627183818,0.9132649099129715,1.51784085591634,1.3746733405697626,0.14316751534657746,True,2.792067051494805,0.40835059498410464,2.3837164565107005,5.58413410298961
2,11,2484084385,local_097,2.0222156176579307,-0.2873212748900855,-0.5363148702646239,-1.9627211290504885,1.4264062587858646,False,4.064107228610677,0.6765256821147354,3.387581546495942,8.128214457221354
2,12,3157496801,local_001,1.0555685058516724,5.821691499600044,1.725786379496256,1.433999886468825,0.291786493027431,False,3.5474672895328667,0.9532523017824149,2.5942149877504517,7.094934579065733
2,12,3157496801,local_006,1.1371008353109753,-1.4199982071033685,6.879289266540233,5.739882375822503,1.1394068907177308,False,3.423548071828091,0.7902368608031911,2.6333112110248997,6.847096143656183
2,12,3157496801,local_008,1.98668403966542,-0.20733989514796386,-2.311528537700702,-0.7905657379318344,1.520962799768868,False,4.885859901833752,0.57162110721726,4.314238794616491,9.771719803667503
2,12,3157496801,local_009,0.25583466746046163,1.0164698255997393,0.2851447825113933,1.2720898171131914,0.986945034601798,True,3.09044056079126,0.5674583235393601,2.5229822372519,6.18088112158252
2,12,3157496801,local_013,-1.3801894575152416,1.000555173078204,1.20465650201613,2.3434376140285362,1.1387811120124063,True,2.311084773895388,0.6632675875940125,1.6478171863013755,4.622169547790776
2,12,3157496801,local_021,0.11286537437837839,-0.27053990729743377,0.766750504069857,0.4860899087055737,0.2806605953642833,True,3.2281910875664734,0.9841017762320302,2.2440893113344433,6.456382175132947
2,12,3157496801,local_023,-0.038250131935015926,-0.24061894351625362,2.1357396777226367,1.8040418774896918,0.33169780023294493,True,3.225404023781739,1.0116875025351648,2.213716521246574,6.450808047563478
2,12,3157496801,local_025,-2.955827040953235,0.2416017270959956,-1.493498512759774,0.27807444184861335,1.7715729546083874,False,3.963512338651803,1.5230209626558864,2.440491375995917,7.927024677303606
2,12,3157496801,local_027,1.9615630284503007,-1.3563548592985808,6.076206580528844,6.129507575562899,0.053300995034055276,True,2.8436139038212813,0.3981513134021142,2.445462590419167,5.687227807642562
2,12,3157496801,local_043,1.210095849090365,-0.009559285629922776,2.162841306612088,3.7863966873900523,1.6235553807779644,False,3.3362417548451884,0.8200372375869531,2.5162045172582355,6.672483509690377
2,12,3157496801,local_044,3.5146718675810993,0.058255648824165986,2.4753185280143444,1.8197682633843975,0.6555502646299469,True,3.1472899769153364,0.7356617418241536,2.411628235091183,6.294579953830673
2,12,3157496801,local_048,0.9064989405371513,-0.5536564331283553,1.4627749467232762,2.821758581485936,1.3589836347626596,True,2.469877232448514,0.6883412330789105,1.7815359993696034,4.939754464897028
2,12,3157496801,local_050,1.760674782698319,5.476924146492508,1.2550455169936798,1.1595695453898631,0.09547597160381671,False,4.273420782909206,1.0264922636671618,3.246928519242044,8.546841565818411
2,12,3157496801,local_054,1.1428365987285232,-1.4209607812896992,6.346695914633365,6.163069059152744,0.18362685548062085,False,3.3311491010171914,0.5661299754984372,2.765019125518754,6.662298202034384
2,12,3157496801,local_056,-3.694210086577135,0.5168510020409929,0.36404961917274914,1.0149974488714468,0.6509478296986977,False,4.3226630811953815,1.7732730240100292,2.549390057185352,8.645326162390763
2,12,3157496801,local_061,-0.8773584744031749,0.9457095134242471,0.5634527334314603,1.4135592399828008,0.8501065065513405,True,2.5456158032496337,0.7592084183437804,1.7864073849058535,5.091231606499267
2,12,3157496801,local_063,-2.6670541407552095,-0.12277580798098542,-1.3297262114025306,1.4988384435811004,2.828564654983631,False,3.459933269486045,0.45982188479850256,3.0001113846875422,6.91986653897209
2,12,3157496801,local_070,-2.8945109126893396,-0.016464980429442246,2.1991294680640814,1.123130462236013,1.0759990058280684,True,2.326964445643066,0.672327480055441,1.654636965587625,4.653928891286132
2,12,3157496801,local_076,-1.293898297110151,-0.27765386800014663,2.421905947816138,0.492258906948848,1.92964704086729,True,1.5413223205551176,0.46778617482179485,1.0735361457333228,3.0826446411102353
2,12,3157496801,local_080,-0.6659324516941341,-0.020071403745315682,1.3884928186035155,0.3408378260636937,1.0476549925398217,True,2.3946568038706078,0.8364740816941207,1.5581827221764868,4.7893136077412155
2,12,3157496801,local_088,1.7561590985223667,-0.1731114805702994,2.8589108825256133,2.292115635751555,0.5667952467740585,False,3.350021632763451,1.0779694001579974,2.2720522326054535,6.700043265526902
2,12,3157496801,local_093,-2.177327765131337,-0.5513069535987809,0.8240073865594715,1.2758071772132227,0.4517997906537512,True,2.6099412342625437,0.6261294058567792,1.9838118284057644,5.219882468525087
2,12,3157496801,local_095,0.5518387651792833,-0.197765499937733,-0.6319926675649787,-0.7480830897974174,0.1160904222324387,True,2.1188450427105083,0.46004558218690567,1.6587994605236027,4.237690085421017
2,12,3157496801,local_098,1.34386354731387,-0.6672217875389314,4.573517989147881,2.5423306343515817,2.031187354796299,True,2.307335700061574,0.4600832385882516,1.8472524614733226,4.614671400123148
2,12,3157496801,local_100,-1.5767446882047362,-0.7003605127292428,-1.7801574299070566,1.0064575183505469,2.7866149482576033,True,2.838894861579513,0.43543268413023795,2.403462177449275,5.677789723159026
2,12,3157496801,local_103,0.1651033041200809,-0.3750748868098575,2.151451302490235,1.7686475033297642,0.3828037991604707,True,2.79402868116723,0.9712624870258306,1.8227661941413995,5.58805736233446
2,12,3157496801,local_104,1.0458354553515201,-0.3360919135789393,3.653826071602956,4.704614913760234,1.050788842157278,False,3.447298093869028,0.5251796590008476,2.9221184348681803,6.894596187738055
2,12,3157496801,local_109,1.3181211774554507,-0.08498166714027108,3.049920091820087,3.7492879081693067,0.6993678163492199,True,3.249220813497762,0.9641820256068379,2.285038787890924,6.498441626995524
2,13,1544424962,local_001,1.0555685058516724,5.821691499600044,1.725786379496256,1.1735660009969024,0.5522203784993536,False,3.688762779556162,0.9926071970656557,2.696155582490506,7.377525559112324
2,13,1544424962,local_004,0.7123925093361396,-0.7929560795628144,3.22451144482467,3.795352716494083,0.5708412716694129,True,2.390047474090401,0.41908831043493394,1.9709591636554673,4.780094948180803
2,13,1544424962,local_008,1.98668403966542,-0.20733989514796386,-2.311528537700702,0.015468583518529977,2.3269971212192324,False,4.895637296630696,1.2704733257441883,3.6251639708865073,9.791274593261392
2,13,1544424962,local_009,0.25583466746046163,1.0164698255997393,0.2851447825113933,1.5917829517318076,1.3066381692204143,False,3.3211216586482126,0.6867945050584806,2.634327153589732,6.642243317296425
2,13,1544424962,local_013,-1.3801894575152416,1.000555173078204,1.20465650201613,1.0264660180944916,0.1781904839216384,True,2.3779679920961474,0.7983958733851237,1.5795721187110237,4.755935984192295
2,13,1544424962,local_016,1.258105134599882,-0.4736043644783636,4.984591654361349,4.320203482164859,0.6643881721964897,True,3.134875488484455,0.33013507725478936,2.8047404112296657,6.2697509769689095
2,13,1544424962,local_019,2.9364700958382253,0.6624286491104329,-0.01264156401752281,0.6527056346154305,0.6653471986329533,False,3.3701085516014047,1.4704824790856659,1.8996260725157386,6.740217103202809
2,13,1544424962,local_024,-0.09116417831474274,-0.2917064245809222,0.6244122394659586,0.19341111744970438,0.4310011220162542,True,2.3130224117648925,0.5966666071850185,1.716355804579874,4.626044823529785
2,13,1544424962,local_033,-0.5424368719445116,0.8959084823244202,2.6824910593668623,1.5152256892546816,1.1672653701121807,True,2.851999220137104,0.7068525537861823,2.1451466663509215,5.703998440274208
2,13,1544424962,local_034,0.6417728838529045,-1.7044975811549088,5.389327648608717,5.0282920312912225,0.36103561731749423,False,3.570620151695675,0.6883797044360201,2.882240447259655,7.141240303391349
2,13,1544424962,local_036,-2.0421420476106977,-0.09492193313614562,0.5736582618550501,0.39468559112887874,0.17897267072617135,True,1.7294351455230212,0.46846950785049135,1.2609656376725298,3.4588702910460425
2,13,1544424962,local_043,1.210095849090365,-0.009559285629922776,2.162841306612088,3.108834854296638,0.9459935476845502,False,3.47108410210007,0.6816573563004772,2.789426745799593,6.94216820420014
2,13,1544424962,local_045,0.4121763198396254,-0.23221723741969644,-1.380939162415344,-0.09034125451627897,1.290597907899065,True,3.0727764901660928,0.5964642671202924,2.4763122230458,6.1455529803321856
2,13,1544424962,local_058,1.540468881622365,-0.4587381707549099,2.037608550976484,3.004471615369504,0.9668630643930198,True,2.7788488866585457,0.5666091802158149,2.212239706442731,5.557697773317091
2,13,1544424962,local_059,-0.719554608619687,-0.19205772655531425,-0.41983662442111847,0.24295372453005207,0.6627903489511705,True,1.8092993605177126,0.5677153641315875,1.241583996386125,3.618598721035425
2,13,1544424962,local_062,-0.6145241317077517,-0.8010966474961415,1.2106035189410012,0.7574348261144987,0.4531686928265024,True,2.8445626196383915,0.5622433775844717,2.28231924205392,5.689125239276783
2,13,1544424962,local_063,-2.6670541407552095,-0.12277580798098542,-1.3297262114025306,-0.0436633919575225,1.286062819445008,True,1.7693439203006462,0.3982882283494032,1.371055691951243,3.5386878406012925
2,13,1544424962,local_070,-2.8945109126893396,-0.016464980429442246,2.1991294680640814,0.8745938742556154,1.324535593808466,True,2.201977329362715,0.6065334234144713,1.5954439059482437,4.40395465872543
2,13,1544424962,local_071,0.14989191574478114,5.863523796772882,1.6104133850546454,1.0755842772637085,0.5348291077909368,False,3.685485521779368,0.7525681516140084,2.93291737016536,7.370971043558736
2,13,1544424962,local_072,1.1264406989267994,-0.223240391649185,-1.481148929614375,-0.4733009337597196,1.0078479958546553,True,2.7624400761186627,0.5227474259839653,2.2396926501346974,5.524880152237325
2,13,1544424962,local_080,-0.6659324516941341,-0.020071403745315682,1.3884928186035155,0.4277902624924837,0.9607025561110318,True,2.3335106961610936,0.8356508696546556,1.4978598265064378,4.667021392322187
2,13,1544424962,local_084,1.1679639592263458,5.8921249747384365,1.2955399081796255,1.2230515064996972,0.07248840167992832,False,3.3034337536847764,0.6475546031998801,2.655879150484896,6.606867507369554
2,13,1544424962,local_087,-1.7032908164160323,-0.2017911341778647,-0.3145730268546387,0.3781395788405836,0.6927126056952223,True,1.775184209638039,0.467025291982539,1.3081589176555,3.550368419276078
2,13,1544424962,local_093,-2.177327765131337,-0.5513069535987809,0.8240073865594715,1.2844138143761634,0.46040642781669194,True,2.6236189752291414,0.6256404233260242,1.9979785519031172,5.247237950458283
2,13,1544424962,local_096,-0.969563804472342,0.9185705315751015,3.861732006597601,1.42846884352669,2.433263163070911,True,2.464870435923886,0.7311636785799392,1.733706757343947,4.929740871847772
2,13,1544424962,local_097,2.0222156176579307,-0.2873212748900855,-0.5363148702646239,0.23637994441406945,0.7726948146786934,False,4.928610906058565,1.4813404320852068,3.447270473973358,9.85722181211713
2,13,1544424962,local_100,-1.5767446882047362,-0.7003605127292428,-1.7801574299070566,1.004946287617678,2.7851037175247346,True,2.859323645485779,0.43205743154857235,2.4272662139372065,5.718647290971558
2,13,1544424962,local_108,0.9604770654395144,-1.5469973742509093,6.578980262744062,6.058993496574918,0.5199867661691435,True,3.101715870276687,0.44684054160880254,2.6548753286678846,6.203431740553375
2,14,2017680551,local_001,1.0555685058516724,5.821691499600044,1.725786379496256,1.441169725736226,0.2846166537600301,False,3.4948515511492078,0.7528866346385567,2.741964916510651,6.9897031022984155
2,14,2017680551,local_002,3.2497920769421724,0.29443475884283377,0.22199857905345688,0.8080059362643464,0.5860073572108895,True,3.2907761993878792,1.1441397925316115,2.1466364068562678,6.5815523987757585
2,14,2017680551,local_004,0.7123925093361396,-0.7929560795628144,3.22451144482467,3.084394285962568,0.1401171588621022,True,2.299839172597193,0.6004929864244741,1.6993461861727188,4.599678345194386
2,14,2017680551,local_006,1.1371008353109753,-1.4199982071033685,6.879289266540233,5.7985382215790615,1.080751044961172,False,3.5204193846932235,0.7920090265227713,2.728410358170452,7.040838769386447
2,14,2017680551,local_007,1.5608012769808957,-1.2002359527976414,3.4813968680245533,3.0869094673184327,0.39448740070612054,True,2.7924276372620405,0.6950665423665201,2.0973610948955206,5.584855274524081
2,14,2017680551,local_015,3.895434214215513,-0.6593435483587626,2.732424938964845,2.9496027046314106,0.21717776566656566,True,3.2645608531044523,1.4839152864367289,1.7806455666677234,6.529121706208905
2,14,2017680551,local_023,-0.038250131935015926,-0.24061894351625362,2.1357396777226367,1.956696607028766,0.17904307069387082,True,2.6955257006680666,0.4105112891019418,2.2850144115661246,5.391051401336133
2,14,2017680551,local_031,0.18411157962703373,0.8377263345377207,1.2309529786759805,0.5012406593149337,0.7297123193610469,True,2.4827239229363034,0.979819522184995,1.5029044007513084,4.965447845872607
2,14,2017680551,local_032,-0.6500650411809074,-0.27715409744620856,0.6554998568021326,0.5195253876428007,0.13597446915933198,True,1.7501879247962524,0.5476531740162048,1.2025347507800475,3.500375849592505
2,14,2017680551,local_035,0.30157384123670355,-0.49554903991391147,3.174158549672741,2.8216517136235635,0.35250683604917743,True,2.3987377303366944,0.6165773020318364,1.782160428304858,4.797475460673389
2,14,2017680551,local_038,-0.28971736716460933,5.781242873063978,0.999887837146578,1.5150136855521665,0.5151258484055885,False,4.658270952722438,0.9495328779741737,3.708738074748264,9.316541905444875
2,14,2017680551,local_047,-2.268356790936038,-0.23723674738198064,-0.7585864227082997,-0.15590877031112343,0.6026776523971762,True,1.6257929206886135,0.40537764339473104,1.2204152772938823,3.251585841377227
2,14,2017680551,local_052,-0.023531183145550187,5.998584528116516,1.2522175806439106,1.5261381259081592,0.2739205452642486,False,5.263819822835616,1.5214784290003838,3.742341393835233,10.527639645671233
2,14,2017680551,local_054,1.1428365987285232,-1.4209607812896992,6.346695914633365,6.069192514431789,0.27750340020157616,False,3.6479439841339487,0.5879267510276643,3.0600172331062843,7.295887968267898
2,14,2017680551,local_059,-0.719554608619687,-0.19205772655531425,-0.41983662442111847,-0.03408853384558641,0.38574809057553205,True,1.7275894025604426,0.518365523377861,1.2092238791825816,3.455178805120885
2,14,2017680551,local_070,-2.8945109126893396,-0.016464980429442246,2.1991294680640814,0.8449551894360967,1.3541742786279847,True,2.1615410935070294,0.6079898416132772,1.5535512518937524,4.323082187014059
2,14,2017680551,local_073,1.7612502746702892,-1.364461686143103,6.216447191482935,5.126255435199738,1.0901917562831969,True,2.6376712942466205,0.49078461751086605,2.1468866767357544,5.275342588493242
2,14,2017680551,local_075,1.4914246148630037,-0.541251399832422,5.2446770648925,4.4140499774943045,0.8306270873981951,True,2.950630201736241,0.6872858290194078,2.263344372716833,5.901260403472481
2,14,2017680551,local_078,0.4242161442736185,-0.7321754487660358,4.369789645512899,2.637612675701704,1.7321769698111948,True,2.601818966509146,0.6207098102840537,1.9811091562250922,5.203637933018291
2,14,2017680551,local_083,-1.628111746918159,-0.7325324076119535,3.192841780011454,1.8502161770947554,1.3426256029166987,True,2.9089098098490265,0.3657505644304615,2.5431592454185648,5.817819619698053
2,14,2017680551,local_084,1.1679639592263458,5.8921249747384365,1.2955399081796255,1.3967061982484053,0.10116629006877975,False,3.424600910192385,0.6825206382975685,2.7420802718948165,6.849201820384769
2,14,2017680551,local_086,-0.5185858308727754,-0.2005063301888428,-1.1420851462190953,0.3009289423645793,1.4430140885836746,True,2.1118748540160714,0.611096627224356,1.5007782267917154,4.223749708032143
2,14,2017680551,local_088,1.7561590985223667,-0.1731114805702994,2.8589108825256133,2.2397804147933673,0.619130467732246,True,3.237557145260322,1.0706055582022163,2.1669515870581058,6.475114290520644
2,14,2017680551,local_089,-1.225996736343755,-0.48676905411777177,1.5416776532259857,0.7202942191164116,0.8213834341095742,True,2.572512608509319,0.7444062503286171,1.8281063581807022,5.145025217018638
2,14,2017680551,local_094,-0.16964130627183818,0.9132649099129715,1.51784085591634,1.1872710392827521,0.330569816633588,True,2.5555817711369953,0.37981414801756047,2.1757676231194347,5.1111635422739905
2,14,2017680551,local_098,1.34386354731387,-0.6672217875389314,4.573517989147881,2.519406827566855,2.0541111615810257,True,2.346225944951051,0.47895170580664587,1.8672742391444053,4.692451889902102
2,14,2017680551,local_100,-1.5767446882047362,-0.7003605127292428,-1.7801574299070566,1.0370034563157065,2.817160886222763,True,2.7115058684955344,0.5647033871961985,2.146802481299336,5.423011736991069
2,14,2017680551,local_106,-1.3239915478793631,-0.5292951908402975,-0.24636592992146777,0.18582162071688169,0.43218755063834946,True,2.176432227024474,0.46487043279043316,1.7115617942340406,4.352864454048948
2,15,221632958,local_004,0.7123925093361396,-0.7929560795628144,3.22451144482467,3.7611775362733826,0.5366660914487125,True,2.4503835443283366,0.43946647445134057,2.010917069876996,4.900767088656673
2,15,221632958,local_006,1.1371008353109753,-1.4199982071033685,6.879289266540233,5.848732161534301,1.0305571050059328,True,3.052336191364536,0.806664629215502,2.245671562149034,6.104672382729071
2,15,221632958,local_012,0.1925404293443072,-0.7261814797309618,1.4269447016473267,2.078400895270977,0.6514561936236505,True,2.681057732538245,0.8122739594889264,1.8687837730493189,5.36211546507649
2,15,221632958,local_014,-0.9007942378325358,0.523496526540537,1.153590305484764,-0.14225221929473197,1.295842524779496,True,3.278867943578037,1.1028169978843103,2.176050945693727,6.557735887156074
2,15,221632958,local_015,3.895434214215513,-0.6593435483587626,2.732424938964845,2.9085392646393746,0.17611432567452967,False,3.3516962544541293,1.4242293045191037,1.9274669499350257,6.703392508908259
2,15,221632958,local_017,0.8447455270304304,0.5804330004879303,4.12669131365913,2.24179120972137,1.8849001039377598,True,2.8326530733470703,1.3179938692503033,1.514659204096767,5.665306146694141
2,15,221632958,local_018,3.4457542071455705,-0.6060611208389725,0.030611106676933453,-0.13320194237757063,0.16381304905450408,False,4.294815832953626,1.6301470276646528,2.6646688052889727,8.589631665907252
2,15,221632958,local_020,-0.27214910314418356,-0.9297071772582916,2.7806031550089534,-0.2571868565054262,3.0377900115143794,False,3.8220536861593564,0.8481708479453769,2.9738828382139793,7.644107372318713
2,15,221632958,local_023,-0.038250131935015926,-0.24061894351625362,2.1357396777226367,1.9567111914507505,0.17902848627188628,True,2.6955961036927043,0.4104793768782642,2.28511672681444,5.391192207385409
2,15,221632958,local_025,-2.955827040953235,0.2416017270959956,-1.493498512759774,-1.2142430447416706,0.2792554680181034,False,3.799201575648853,1.3517603721714746,2.4474412034773785,7.598403151297706
2,15,221632958,local_026,-0.18051877989420922,-0.2841225698274764,3.3589079998016356,2.91911121758092,0.4397967822207156,True,3.0537134974939164,0.8830765173046591,2.1706369801892573,6.107426994987833
2,15,221632958,local_033,-0.5424368719445116,0.8959084823244202,2.6824910593668623,2.7086595098018202,0.02616845043495797,True,2.4554893298897036,0.4998197068512809,1.9556696230384227,4.910978659779408
2,15,221632958,local_034,0.6417728838529045,-1.7044975811549088,5.389327648608717,5.159926507117647,0.22940114149106972,False,3.381094543804134,0.6479284324668779,2.733166111337256,6.762189087608268
2,15,221632958,local_042,0.8715451765572353,-0.6345997284201466,2.659321951370733,3.3717601891130204,0.7124382377422873,True,2.680729010656977,0.6836882249140144,1.9970407857429624,5.361458021313954
2,15,221632958,local_044,3.5146718675810993,0.058255648824165986,2.4753185280143444,1.8480626986408666,0.6272558293734778,True,3.166185953360189,0.7446764898437106,2.4215094635164784,6.332371906720379
2,15,221632958,local_048,0.9064989405371513,-0.5536564331283553,1.4627749467232762,2.8781868026188357,1.4154118558955595,True,2.381816186130914,0.6002888120757084,1.7815273740552056,4.763632372261828
2,15,221632958,local_055,1.6383809321440104,-1.0726060175695855,5.689955578486124,4.18474444891288,1.5052111295732438,True,2.4734755946306173,0.45002039515429293,2.0234551994763246,4.946951189261235
2,15,221632958,local_058,1.540468881622365,-0.4587381707549099,2.037608550976484,2.994678945715724,0.9570703947392398,True,2.7790064250219553,0.5783106460154201,2.2006957790065353,5.5580128500439105
2,15,221632958,local_062,-0.6145241317077517,-0.8010966474961415,1.2106035189410012,0.17513906889165526,1.035464450049346,True,3.2381985904405313,0.5728989653983271,2.6652996250422043,6.4763971808810625
2,15,221632958,local_065,-1.6848416489281408,-0.4725726632186117,1.9529419112666955,0.5869734041660966,1.365968507100599,True,1.8200603060759541,0.49221166482342027,1.3278486412525339,3.6401206121519083
2,15,221632958,local_070,-2.8945109126893396,-0.016464980429442246,2.1991294680640814,0.8734442375989441,1.3256852304651372,True,2.211256082778527,0.6067804411950255,1.6044756415835013,4.422512165557054
2,15,221632958,local_071,0.14989191574478114,5.863523796772882,1.6104133850546454,1.321255425624293,0.2891579594303524,True,3.1584583130194366,0.5603068535471822,2.598151459472254,6.316916626038873
2,15,221632958,local_072,1.1264406989267994,-0.223240391649185,-1.481148929614375,-0.9087871607819314,0.5723617688324435,True,2.246080565379306,0.46522275328737167,1.7808578120919343,4.492161130758612
2,15,221632958,local_073,1.7612502746702892,-1.364461686143103,6.216447191482935,5.26174169792111,0.9547054935618249,True,2.668771202452316,0.4933062722033878,2.175464930248928,5.337542404904632
2,15,221632958,local_074,-1.7515999553522472,0.13597084090370462,1.1800834039597277,0.09945180162039136,1.0806316023393363,True,2.4206896784830834,0.7200570212716302,1.700632657211453,4.841379356966167
2,15,221632958,local_079,-1.8328065818392545,-0.2700102607673158,0.24657180963046255,0.5620967193789578,0.31552490974849523,True,2.040258385778752,0.49247698089845127,1.547781404880301,4.080516771557504
2,15,221632958,local_093,-2.177327765131337,-0.5513069535987809,0.8240073865594715,0.7921024628196709,0.031904923739800584,True,2.347847498840575,0.6222920854347882,1.7255554134057867,4.69569499768115
2,15,221632958,local_099,-2.7991976070301092,-0.03771030219619101,0.9317134751092819,-0.46921540932239814,1.40092888443168,True,1.7411217505807548,0.3641245362499967,1.376997214330758,3.4822435011615096
2,16,660310598,local_006,1.1371008353109753,-1.4199982071033685,6.879289266540233,5.772775388085223,1.1065138784550106,True,3.121619759139751,0.6979266964393536,2.4236930627003974,6.243239518279501
2,16,660310598,local_013,-1.3801894575152416,1.000555173078204,1.20465650201613,2.304446209472982,1.0997897074568521,True,2.2489256758194305,0.7178446384474788,1.5310810373719514,4.497851351638861
2,16,660310598,local_023,-0.038250131935015926,-0.24061894351625362,2.1357396777226367,1.9566966070655785,0.17904307065705827,True,2.6955257007138016,0.4105112890764533,2.2850144116373485,5.391051401427603
2,16,660310598,local_028,2.366668426751495,-0.1276485658129692,1.6739008553116417,4.138077316711308,2.464176461399666,False,3.3223610325358783,1.11452085675141,2.2078401757844683,6.644722065071756
2,16,660310598,local_034,0.6417728838529045,-1.7044975811549088,5.389327648608717,4.7978367379224585,0.5914909106862583,False,3.3853118538731755,1.1534760668571902,2.2318357870159855,6.770623707746351
2,16,660310598,local_038,-0.28971736716460933,5.781242873063978,0.999887837146578,1.3817877035848576,0.38189986643827956,False,3.325820607854681,0.6997719678743333,2.6260486399803478,6.651641215709362
2,16,660310598,local_040,-2.303494734445533,-0.05511785118429728,1.2805820576985676,1.2317478463673273,0.04883421133124033,True,2.120414763241029,0.6463107618231936,1.4741040014178355,4.240829526482058
2,16,660310598,local_044,3.5146718675810993,0.058255648824165986,2.4753185280143444,1.8474796760995693,0.6278388519147751,True,3.1657205373808717,0.7451842789658585,2.420536258415013,6.331441074761743
2,16,660310598,local_046,-0.8271523445342699,-0.8291581260132956,1.0081273739306953,1.669010038710013,0.6608826647793178,True,3.1256124351890175,0.9984184944660968,2.127193940722921,6.251224870378035
2,16,660310598,local_047,-2.268356790936038,-0.23723674738198064,-0.7585864227082997,0.32688244211402717,1.0854688648223267,True,1.9023068577682376,0.4982194806190503,1.4040873771491873,3.804613715536475
2,16,660310598,local_049,0.6287277097023648,-0.4641050633042861,0.40147541748046756,0.31452303910018187,0.08695237838028569,True,2.5986815215268537,0.7833086358806143,1.8153728856462397,5.197363043053707
2,16,660310598,local_050,1.760674782698319,5.476924146492508,1.2550455169936798,1.2800530223150617,0.02500750532138185,False,3.453848612565461,1.0149911178407658,2.438857494724695,6.907697225130922
2,16,660310598,local_051,-0.7587778380295319,-0.3365246425038785,-1.4815165072547063,-0.4631759691737861,1.01834053808092,True,1.9889056518835626,0.5628693665633441,1.4260362853202184,3.977811303767125
2,16,660310598,local_059,-0.719554608619687,-0.19205772655531425,-0.41983662442111847,-0.0226913308768657,0.39714529354425276,True,1.6476748676234623,0.5096204399191443,1.1380544277043179,3.2953497352469245
2,16,660310598,local_061,-0.8773584744031749,0.9457095134242471,0.5634527334314603,1.4136206783042873,0.850167944872827,True,2.5457006262761914,0.7591844842800352,1.7865161419961564,5.091401252552383
2,16,660310598,local_062,-0.6145241317077517,-0.8010966474961415,1.2106035189410012,2.1055693588737925,0.8949658399327913,False,3.7479299637575183,0.7142846857679717,3.0336452779895464,7.495859927515037
2,16,660310598,local_063,-2.6670541407552095,-0.12277580798098542,-1.3297262114025306,0.2276855934849179,1.5574118048874483,True,1.940295839871861,0.42444458785207084,1.5158512520197902,3.880591679743722
2,16,660310598,local_067,0.7381781696141017,-1.539545791200865,4.329723446600152,3.2863048281258496,1.0434186184743024,False,3.683783208676146,1.0924065678439479,2.5913766408321983,7.367566417352292
2,16,660310598,local_072,1.1264406989267994,-0.223240391649185,-1.481148929614375,-0.9368698894939603,0.5442790401204146,True,2.2550094655817485,0.4966336731901011,1.7583757923916474,4.510018931163497
2,16,660310598,local_075,1.4914246148630037,-0.541251399832422,5.2446770648925,4.764603278858785,0.48007378603371453,True,2.9703940659465546,0.6280873374052629,2.342306728541292,5.940788131893109
2,16,660310598,local_082,-1.2012931476708681,-0.0501126281066171,1.2303015876183143,0.903876519956279,0.3264250676620353,True,1.9029734174823538,0.5578674823761393,1.3451059351062145,3.8059468349647076
2,16,660310598,local_088,1.7561590985223667,-0.1731114805702994,2.8589108825256133,2.075346467186613,0.7835644153390002,False,3.4471256368825776,1.0701856836935464,2.376939953189031,6.894251273765155
2,16,660310598,local_092,-0.7421234022779064,-0.7123199860947216,-0.8974462428457253,1.4408680867632253,2.3383143296089504,True,3.11437455856962,0.5859095894625997,2.5284649691070205,6.22874911713924
2,16,660310598,local_097,2.0222156176579307,-0.2873212748900855,-0.5363148702646239,-1.9295654756100633,1.3932506053454394,False,3.8430258933110357,0.6032626813875124,3.2397632119235236,7.6860517866220714
2,16,660310598,local_102,-1.4997920610953346,-0.7446341657666257,-0.08665273386637384,2.438265489773267,2.524918223639641,True,3.1582939547036477,0.9002693262449579,2.25802462845869,6.316587909407295
2,16,660310598,local_107,-0.5590376450883418,-0.3237305325415634,-1.117637334187826,0.6391905137765723,1.7568278479643984,True,1.5399441791473953,0.31403660240563425,1.225907576741761,3.0798883582947907
2,16,660310598,local_110,-2.5350017144439247,-0.08821317424906,-0.9447126583523211,0.5209556713822774,1.4656683297345985,True,1.8472038542545084,0.5369326871236567,1.3102711671308516,3.694407708509017
2,16,660310598,local_111,0.391438721884527,-0.5187723499295654,3.890250156784058,2.7027504516730896,1.1874997051109686,True,2.1278179884626667,0.3199583593824282,1.8078596290802385,4.255635976925333
2,17,2676693793,local_001,1.0555685058516724,5.821691499600044,1.725786379496256,1.4412743747313037,0.2845120047649523,False,3.495037939930578,0.7528726980381227,2.7421652418924554,6.9900758798611555
2,17,2676693793,local_002,3.2497920769421724,0.29443475884283377,0.22199857905345688,1.0585350437737642,0.8365364647203073,True,3.0698813373506253,1.1233547929417982,1.9465265444088269,6.139762674701251
2,17,2676693793,local_003,4.373068855030794,0.20074650244502454,1.5581075503338564,2.0545991900784473,0.4964916397445909,False,4.871386763927084,1.4992176236890156,3.3721691402380682,9.742773527854167
2,17,2676693793,local_017,0.8447455270304304,0.5804330004879303,4.12669131365913,2.1553959969716727,1.9712953166874572,True,2.951857196018576,1.295048423859941,1.6568087721586353,5.903714392037152
2,17,2676693793,local_020,-0.27214910314418356,-0.9297071772582916,2.7806031550089534,2.441844037199031,0.3387591178099223,False,3.397907047968141,0.8435270960354416,2.5543799519326993,6.795814095936283
2,17,2676693793,local_022,2.5289767772317915,-0.3525405293673251,2.3066353384254437,2.900043122306884,0.5934077838814402,True,3.054033059276964,0.6641744850589367,2.389858574218027,6.108066118553927
2,17,2676693793,local_023,-0.038250131935015926,-0.24061894351625362,2.1357396777226367,1.8085337710427396,0.32720590667989713,True,3.2235023899956388,1.004140562307473,2.2193618276881657,6.447004779991278
2,17,2676693793,local_027,1.9615630284503007,-1.3563548592985808,6.076206580528844,5.5948281273643214,0.4813784531645222,True,2.717640389585069,0.623620757272684,2.094019632312385,5.435280779170139
2,17,2676693793,local_029,-2.3890129852474904,-0.29397447955787026,0.7981878952777652,0.6416535107671496,0.15653438451061563,True,2.2965369228965504,0.7848329293274929,1.5117039935690575,4.593073845793101
2,17,2676693793,local_030,-1.6027807681826893,-0.7620646394364815,4.664717645328949,2.347939537317631,2.316778108011318,False,3.761576441808107,0.3984792359853831,3.3630972058227235,7.523152883616214
2,17,2676693793,local_034,0.6417728838529045,-1.7044975811549088,5.389327648608717,5.026369731820888,0.3629579167878285,False,3.566602287054358,0.6888109207793637,2.8777913662749945,7.133204574108715
2,17,2676693793,local_039,1.6717249290903744,0.11215877951332728,-1.122246264648438,-0.8676792560759536,0.25456700857248427,False,3.6155287300062215,1.1277648013475026,2.487763928658719,7.231057460012443
2,17,2676693793,local_041,-1.798392900964244,-0.464521117443664,-0.7189533198861513,1.0865178183183797,1.805471138204531,False,3.4432939412194505,0.5808345955836552,2.8624593456357954,6.886587882438901
2,17,2676693793,local_043,1.210095849090365,-0.009559285629922776,2.162841306612088,3.0731488546084336,0.9103075479963456,False,3.3464394657641408,0.6036772773252745,2.742762188438866,6.692878931528281
2,17,2676693793,local_049,0.6287277097023648,-0.4641050633042861,0.40147541748046756,-0.35051205093852045,0.751987468418988,True,2.9677388443252237,0.6838636708953362,2.2838751734298874,5.9354776886504474
2,17,2676693793,local_059,-0.719554608619687,-0.19205772655531425,-0.41983662442111847,-0.0590715034349647,0.36076512098615376,True,1.8196373637079428,0.4766870022327263,1.3429503614752165,3.6392747274158856
2,17,2676693793,local_060,1.9363029983659203,-1.2233517315013342,6.356271346400899,4.953033659339758,1.4032376870611403,True,2.5401088041418665,0.7493369815761783,1.7907718225656881,5.080217608283734
2,17,2676693793,local_061,-0.8773584744031749,0.9457095134242471,0.5634527334314603,1.3924535725858453,0.829000839154385,True,2.456112851147454,0.7627943757502462,1.6933184753972077,4.912225702294908
2,17,2676693793,local_065,-1.6848416489281408,-0.4725726632186117,1.9529419112666955,0.08941226262526053,1.863529648641435,True,2.0648251351760383,0.46955381960008424,1.5952713155759541,4.1296502703520765
2,17,2676693793,local_070,-2.8945109126893396,-0.016464980429442246,2.1991294680640814,0.6308720179443442,1.568257450119737,True,2.149655093986634,0.6900345855529036,1.4596205084337304,4.299310187973268
2,17,2676693793,local_074,-1.7515999553522472,0.13597084090370462,1.1800834039597277,0.09951531321497542,1.0805680907447521,True,2.4201954701592476,0.7200278890083696,1.700167581150878,4.840390940318495
2,17,2676693793,local_080,-0.6659324516941341,-0.020071403745315682,1.3884928186035155,0.7842278151666868,0.6042650034368287,True,2.5410039693599766,0.8431209309589941,1.6978830384009826,5.082007938719953
2,17,2676693793,local_089,-1.225996736343755,-0.48676905411777177,1.5416776532259857,0.8745508513069358,0.6671268019190499,True,2.3395775066330295,0.8692463038784107,1.4703312027546187,4.679155013266059
2,17,2676693793,local_091,0.5468080006823893,-0.6441214219069032,2.9606815474444153,2.8909083278003425,0.06977321964407279,True,2.1064435451851478,0.42737295179106627,1.6790705933940815,4.2128870903702955
2,17,2676693793,local_092,-0.7421234022779064,-0.7123199860947216,-0.8974462428457253,1.4372968858748654,2.3347431287205906,False,3.5421239805297136,0.4579677594739412,3.0841562210557725,7.084247961059427
2,17,2676693793,local_096,-0.969563804472342,0.9185705315751015,3.861732006597601,1.8897263926142562,1.9720056139833448,True,2.0743365880544156,0.37959321410614266,1.694743373948273,4.148673176108831
2,17,2676693793,local_103,0.1651033041200809,-0.3750748868098575,2.151451302490235,1.7692856257262233,0.3821656767640116,True,2.796976423326395,0.9713887469262403,1.825587676400155,5.59395284665279
2,17,2676693793,local_108,0.9604770654395144,-1.5469973742509093,6.578980262744062,6.0587458387143585,0.5202344240297032,True,3.100749078411639,0.4469330675509709,2.653816010860668,6.201498156823277
2,18,1226801199,local_010,-1.448002228692716,-0.0840485524073864,0.4895771132022282,0.8196189303410158,0.33004181713878766,True,2.012300375370187,0.6289355686809827,1.3833648066892046,4.024600750740374
2,18,1226801199,local_014,-0.9007942378325358,0.523496526540537,1.153590305484764,0.4064578154876504,0.7471324899971137,True,3.0935594854343007,1.1578616436693139,1.9356978417649868,6.187118970868601
2,18,1226801199,local_021,0.11286537437837839,-0.27053990729743377,0.766750504069857,-0.40080382715527296,1.16755433122513,False,3.634832006895195,1.1487829190429193,2.4860490878522756,7.26966401379039
2,18,1226801199,local_024,-0.09116417831474274,-0.2917064245809222,0.6244122394659586,0.3810088724647672,0.24340336700119136,True,2.627226565189936,0.6518625020515119,1.975364063138424,5.254453130379872
2,18,1226801199,local_026,-0.18051877989420922,-0.2841225698274764,3.3589079998016356,2.9340155016546765,0.42489249814695906,True,2.5881179660905693,0.9889583678418031,1.5991595982487663,5.176235932181138
2,18,1226801199,local_029,-2.3890129852474904,-0.29397447955787026,0.7981878952777652,1.1711220867574599,0.37293419147969464,True,2.134113928639718,0.7596277019777857,1.3744862266619324,4.268227857279436
2,18,1226801199,local_032,-0.6500650411809074,-0.27715409744620856,0.6554998568021326,0.4386516936248512,0.21684816317728145,True,2.329135056145865,0.6482057093559055,1.6809293467899595,4.65827011229173
2,18,1226801199,local_037,-0.9078244340747956,0.8588819294739267,1.3433813583374024,0.23659790734443722,1.106783450992965,True,2.4897371965552972,0.5748991263594266,1.9148380701958705,4.9794743931105945
2,18,1226801199,local_039,1.6717249290903744,0.11215877951332728,-1.122246264648438,-0.7861169522310061,0.3361293124174318,False,3.8504593844118435,1.0907461830094913,2.759713201402352,7.700918768823687
2,18,1226801199,local_044,3.5146718675810993,0.058255648824165986,2.4753185280143444,1.875344221283597,0.5999743067307475,True,3.18934267078839,0.7492077824972819,2.4401348882911083,6.37868534157678
2,18,1226801199,local_047,-2.268356790936038,-0.23723674738198064,-0.7585864227082997,-0.19839261314675294,0.5601938095615467,True,1.6789055718749197,0.4024392621024322,1.2764663097724875,3.3578111437498395
2,18,1226801199,local_048,0.9064989405371513,-0.5536564331283553,1.4627749467232762,2.666211235759924,1.203436289036648,True,2.612710075158951,0.6524024479004071,1.960307627258544,5.225420150317902
2,18,1226801199,local_049,0.6287277097023648,-0.4641050633042861,0.40147541748046756,-0.5723093578185056,0.9737847752989731,False,3.4201815845385175,0.7097287178560049,2.7104528666825125,6.840363169077035
2,18,1226801199,local_050,1.760674782698319,5.476924146492508,1.2550455169936798,1.2781630764054361,0.023117559411756305,False,3.458592379313423,1.014445731880415,2.4441466474330076,6.917184758626846
2,18,1226801199,local_057,0.9339695618223558,-0.6146023292114023,2.579870385869344,3.0677894495046165,0.4879190636352724,True,3.00616311678671,0.7372416792887129,2.268921437497997,6.01232623357342
2,18,1226801199,local_058,1.540468881622365,-0.4587381707549099,2.037608550976484,2.6126462580172203,0.5750377070407362,True,3.0144617138762198,0.6319828309481581,2.3824788829280616,6.0289234277524395
2,18,1226801199,local_059,-0.719554608619687,-0.19205772655531425,-0.41983662442111847,-0.10284787793428386,0.3169887464868346,True,1.7465605995679443,0.5394896970241299,1.2070709025438144,3.4931211991358886
2,18,1226801199,local_068,-1.7575747015191168,-0.20039173493656942,1.153900891534212,0.7114249916187891,0.4424758999154228,True,1.8411576920159245,0.43296086471711404,1.4081968272988106,3.682315384031849
2,18,1226801199,local_073,1.7612502746702892,-1.364461686143103,6.216447191482935,5.1268007662352995,1.0896464252476354,True,2.5642387309112555,0.4946969972429842,2.069541733668271,5.128477461822511
2,18,1226801199,local_078,0.4242161442736185,-0.7321754487660358,4.369789645512899,2.9472342970635923,1.4225553484493068,True,2.89354617198038,0.44689398218228765,2.446652189798092,5.78709234396076
2,18,1226801199,local_080,-0.6659324516941341,-0.020071403745315682,1.3884928186035155,1.1798222695929035,0.208670549010612,True,2.574241523028789,0.8780072009507894,1.6962343220779996,5.148483046057578
2,18,1226801199,local_085,-0.5055954646049663,0.8783966215136226,1.8805812698958766,1.1990744252564334,0.6815068446394432,True,2.008228878160625,0.43824008639339995,1.5699887917672253,4.01645775632125
2,18,1226801199,local_098,1.34386354731387,-0.6672217875389314,4.573517989147881,2.858215249737079,1.7153027394108018,True,2.627071182226693,0.639154148516073,1.9879170337106198,5.254142364453386
2,18,1226801199,local_101,1.8305233435228436,-1.167104312310491,3.3243548706847355,2.6445920496839084,0.6797628210008271,True,2.913254083960736,0.6835188990868085,2.2297351848739275,5.826508167921472
2,18,1226801199,local_104,1.0458354553515201,-0.3360919135789393,3.653826071602956,3.919115615865317,0.26528954426236107,True,2.5963904043305415,0.38743166045465033,2.208958743875891,5.192780808661083
2,18,1226801199,local_107,-0.5590376450883418,-0.3237305325415634,-1.117637334187826,0.24915301095595177,1.366790345143778,True,2.3276527031925784,0.5680120538725207,1.7596406493200578,4.655305406385157
2,18,1226801199,local_108,0.9604770654395144,-1.5469973742509093,6.578980262744062,6.033167751743969,0.5458125110000926,True,2.83884208611355,0.4011125912744515,2.4377294948390986,5.677684172227099
2,18,1226801199,local_111,0.391438721884527,-0.5187723499295654,3.890250156784058,2.9150550332445166,0.9751951235395415,True,2.3529547235030153,0.7058041876121118,1.6471505358909033,4.7059094470060305
2,19,590170073,local_000,-2.6687217177088325,-0.3313820190843231,0.9487077651250928,1.241504583219363,0.29279681809427016,True,2.6224959175977585,0.493795631510434,2.1287002860873243,5.244991835195517
2,19,590170073,local_003,4.373068855030794,0.20074650244502454,1.5581075503338564,2.051802035346068,0.4936944850122118,False,4.870036810573319,1.4998174315890367,3.3702193789842823,9.740073621146639
2,19,590170073,local_004,0.7123925093361396,-0.7929560795628144,3.22451144482467,4.101511591951207,0.8770001471265365,True,2.387517952337229,0.47595469411973435,1.9115632582174946,4.775035904674457
2,19,590170073,local_007,1.5608012769808957,-1.2002359527976414,3.4813968680245533,3.0852298828294518,0.3961669851951015,True,2.789811601052153,0.6949496649549212,2.094861936097232,5.579623202104306
2,19,590170073,local_015,3.895434214215513,-0.6593435483587626,2.732424938964845,2.1949575196613162,0.5374674193035287,True,3.294588408823463,1.415122803704276,1.8794656051191874,6.589176817646926
2,19,590170073,local_017,0.8447455270304304,0.5804330004879303,4.12669131365913,1.836306527366616,2.290384786292514,True,2.7694113059389998,1.3577279934354356,1.4116833125035642,5.5388226118779995
2,19,590170073,local_021,0.11286537437837839,-0.27053990729743377,0.766750504069857,0.9179883244985455,0.1512378204286885,True,3.2649130631341996,0.9774711170607703,2.287441946073429,6.529826126268398
2,19,590170073,local_024,-0.09116417831474274,-0.2917064245809222,0.6244122394659586,0.49639027518225254,0.12802196428370605,True,2.512891602794554,0.6220826193103722,1.890808983484182,5.025783205589108
2,19,590170073,local_025,-2.955827040953235,0.2416017270959956,-1.493498512759774,-0.08727491827266709,1.4062235944871069,False,3.4040706726679204,1.1647568836123399,2.2393137890555805,6.808141345335841
2,19,590170073,local_035,0.30157384123670355,-0.49554903991391147,3.174158549672741,2.815485904558946,0.3586726451137947,True,2.4397038273059843,0.6013096790712498,1.8383941482347343,4.879407654611969
2,19,590170073,local_041,-1.798392900964244,-0.464521117443664,-0.7189533198861513,1.1516696911416604,1.8706230110278117,False,4.048191141851731,0.6192414015381076,3.4289497403136235,8.096382283703463
2,19,590170073,local_051,-0.7587778380295319,-0.3365246425038785,-1.4815165072547063,-0.4892924664111403,0.992224040843566,True,2.0274691134059313,0.5858355261836276,1.4416335872223038,4.054938226811863
2,19,590170073,local_052,-0.023531183145550187,5.998584528116516,1.2522175806439106,0.999887837146578,0.2523297434973326,False,4.754189363006832,0.8046092407423879,3.9495801222644435,9.508378726013664
2,19,590170073,local_054,1.1428365987285232,-1.4209607812896992,6.346695914633365,6.213035500842232,0.1336604137911328,True,2.596617271870312,0.5335088196830119,2.0631084521873,5.193234543740624
2,19,590170073,local_057,0.9339695618223558,-0.6146023292114023,2.579870385869344,3.7935588990956535,1.2136885132263093,True,2.7727363848962914,0.6615236674626875,2.1112127174336037,5.545472769792583
2,19,590170073,local_060,1.9363029983659203,-1.2233517315013342,6.356271346400899,5.275750022512973,1.0805213238879254,True,2.974426918057409,0.469570968344516,2.504855949712893,5.948853836114818
2,19,590170073,local_064,0.9897807201449788,-0.17096028795406223,1.0780569239524018,-0.9842905110302915,2.0623474349826934,True,2.2467172545345893,0.5172684598580153,1.7294487946765738,4.4934345090691785
2,19,590170073,local_070,-2.8945109126893396,-0.016464980429442246,2.1991294680640814,0.8449551900175656,1.3541742780465158,True,2.1615410943842486,0.6079898414478242,1.5535512529364246,4.323082188768497
2,19,590170073,local_072,1.1264406989267994,-0.223240391649185,-1.481148929614375,-0.9511929991028241,0.5299559305115509,True,2.486242179197689,0.42849536717756376,2.057746812020125,4.972484358395378
2,19,590170073,local_074,-1.7515999553522472,0.13597084090370462,1.1800834039597277,0.09964933887644639,1.0804340650832813,True,2.419214958121162,0.7199726322694979,1.6992423258516642,4.838429916242324
2,19,590170073,local_080,-0.6659324516941341,-0.020071403745315682,1.3884928186035155,0.4285039509984368,0.9599888676050787,True,2.332326668844787,0.8357001007428402,1.4966265681019466,4.664653337689574
2,19,590170073,local_096,-0.969563804472342,0.9185705315751015,3.861732006597601,1.8866690313910417,1.9750629752065594,True,2.069385273865599,0.381975761164194,1.687409512701405,4.138770547731198
2,19,590170073,local_097,2.0222156176579307,-0.2873212748900855,-0.5363148702646239,-1.93025547401232,1.393940603747696,False,3.843239379130093,0.6031000078485814,3.240139371281512,7.686478758260186
2,19,590170073,local_098,1.34386354731387,-0.6672217875389314,4.573517989147881,2.8803069332966507,1.69321105585123,True,2.532814375380439,0.5643755181045145,1.9684388572759246,5.065628750760878
2,19,590170073,local_103,0.1651033041200809,-0.3750748868098575,2.151451302490235,1.9957291636287249,0.15572213886150998,True,2.4747398130409985,0.334657541127507,2.1400822719134913,4.949479626081997
2,19,590170073,local_107,-0.5590376450883418,-0.3237305325415634,-1.117637334187826,0.6678149662164988,1.7854523004043248,True,1.8915175021034345,0.4050550414913676,1.4864624606120669,3.783035004206869
2,19,590170073,local_109,1.3181211774554507,-0.08498166714027108,3.049920091820087,3.279947814413516,0.2300277225934293,True,2.958702954727006,0.8976376158489258,2.0610653388780804,5.917405909454011
2,19,590170073,local_110,-2.5350017144439247,-0.08821317424906,-0.9447126583523211,0.3978361266870453,1.3425487850393665,True,1.7920788529232747,0.5262593376717828,1.265819515251492,3.5841577058465495
